student_id,gender,subject_area,socioeconomic_band,prior_ai_experience,ai_training_completed,ai_confidence_score_1_5,actual_ai_use,writing_formality_score,paraphrase_similarity_score,source_citation_quality_score,detector_score,detection_flag,human_review_completed,misconduct_case_opened,appeal_submitted,appeal_successful,is_false_positive,is_false_negative,stress_test_note,actual_ai_use_binary,detection_flag_binary,false_positive_binary,false_negative_binary,appeal_success_binary,system_type,case_study
STUD00001,Male,STEM,Low,Medium,No,2.79,Yes,0.217,0.627,0.651,0.716,Yes,Yes,Yes,No,No,No,No,Synthetic demonstration only - not real student data,1,1,0,0,0,ai_detection_tool,AI detection fairness stress test
STUD00002,Male,STEM,High,Medium,Yes,4.46,No,0.513,0.25,0.873,0.499,No,No,No,No,No,No,No,Synthetic demonstration only - not real student data,0,0,0,0,0,ai_detection_tool,AI detection fairness stress test
STUD00003,Female,STEM,High,Low,No,3.02,No,0.278,0.474,0.52,0.133,No,No,No,No,No,No,No,Synthetic demonstration only - not real student data,0,0,0,0,0,ai_detection_tool,AI detection fairness stress test
STUD00004,Male,Education,Medium,Medium,Yes,3.16,Yes,0.544,0.719,0.709,0.791,Yes,Yes,No,No,No,No,No,Synthetic demonstration only - not real student data,1,1,0,0,0,ai_detection_tool,AI detection fairness stress test
STUD00005,Female,Business,Low,Low,No,1.82,Yes,0.344,0.598,0.523,0.494,No,No,No,No,No,No,Yes,Synthetic demonstration only - not real student data,1,0,0,1,0,ai_detection_tool,AI detection fairness stress test
STUD00006,Male,Business,High,High,No,5,Yes,0.656,0.736,0.616,0.808,Yes,No,No,No,No,No,No,Synthetic demonstration only - not real student data,1,1,0,0,0,ai_detection_tool,AI detection fairness stress test
STUD00007,Female,Health,High,Medium,No,3.15,No,0.64,0.364,0.788,0.387,No,No,No,No,No,No,No,Synthetic demonstration only - not real student data,0,0,0,0,0,ai_detection_tool,AI detection fairness stress test
STUD00008,Female,Social Sciences,Low,Medium,Yes,2.51,Yes,0.443,0.469,0.642,0.715,Yes,Yes,No,No,No,No,No,Synthetic demonstration only - not real student data,1,1,0,0,0,ai_detection_tool,AI detection fairness stress test
STUD00009,Male,Social Sciences,Low,High,No,3.61,Yes,0.419,0.664,0.562,0.585,Yes,No,No,No,No,No,No,Synthetic demonstration only - not real student data,1,1,0,0,0,ai_detection_tool,AI detection fairness stress test
STUD00010,Female,Arts & Humanities,High,Low,No,2.93,No,0.459,0.172,0.725,0.474,No,No,No,No,No,No,No,Synthetic demonstration only - not real student data,0,0,0,0,0,ai_detection_tool,AI detection fairness stress test
STUD00011,Male,Health,Low,Medium,Yes,4.88,No,0.605,0.443,0.486,0.55,Yes,No,Yes,No,No,Yes,No,Synthetic demonstration only - not real student data,0,1,1,0,0,ai_detection_tool,AI detection fairness stress test
STUD00012,Female,Health,Low,Medium,No,3.37,No,0.489,0.683,0.44,0.398,No,No,No,No,No,No,No,Synthetic demonstration only - not real student data,0,0,0,0,0,ai_detection_tool,AI detection fairness stress test
STUD00013,Male,Health,Medium,Low,No,2.59,No,0.381,0.408,0.638,0.227,No,No,No,No,No,No,No,Synthetic demonstration only - not real student data,0,0,0,0,0,ai_detection_tool,AI detection fairness stress test
STUD00014,Female,Business,Medium,Low,Yes,3.24,No,0.599,0.286,0.64,0.512,No,No,No,No,No,No,No,Synthetic demonstration only - not real student data,0,0,0,0,0,ai_detection_tool,AI detection fairness stress test
STUD00015,Female,STEM,Medium,High,Yes,3.85,Yes,0.276,0.841,0.809,0.578,Yes,Yes,No,No,No,No,No,Synthetic demonstration only - not real student data,1,1,0,0,0,ai_detection_tool,AI detection fairness stress test
STUD00016,Non-disclosed,STEM,Low,Medium,No,3.29,Yes,0.584,0.812,0.502,0.816,Yes,Yes,No,No,No,No,No,Synthetic demonstration only - not real student data,1,1,0,0,0,ai_detection_tool,AI detection fairness stress test
STUD00017,Female,Education,Low,Medium,No,3.78,No,0.158,0.433,0.462,0.192,No,No,No,No,No,No,No,Synthetic demonstration only - not real student data,0,0,0,0,0,ai_detection_tool,AI detection fairness stress test
STUD00018,Female,STEM,High,Medium,Yes,3.24,No,0.399,0.424,1,0.16,No,No,No,No,No,No,No,Synthetic demonstration only - not real student data,0,0,0,0,0,ai_detection_tool,AI detection fairness stress test
STUD00019,Male,Arts & Humanities,Medium,Low,No,2.29,No,0.505,0.516,0.634,0.126,No,No,No,No,No,No,No,Synthetic demonstration only - not real student data,0,0,0,0,0,ai_detection_tool,AI detection fairness stress test
STUD00020,Female,Social Sciences,Low,Low,No,2.33,No,0.608,0.405,0.654,0.315,No,No,No,No,No,No,No,Synthetic demonstration only - not real student data,0,0,0,0,0,ai_detection_tool,AI detection fairness stress test
STUD00021,Male,Arts & Humanities,Medium,Medium,No,3.95,No,0.557,0.391,0.73,0.257,No,No,No,No,No,No,No,Synthetic demonstration only - not real student data,0,0,0,0,0,ai_detection_tool,AI detection fairness stress test
STUD00022,Female,Health,Medium,Low,No,2.02,No,0.619,0.376,0.51,0.639,Yes,No,No,No,No,Yes,No,Synthetic demonstration only - not real student data,0,1,1,0,0,ai_detection_tool,AI detection fairness stress test
STUD00023,Female,STEM,Medium,High,No,4.54,Yes,0.501,0.762,0.491,0.576,Yes,Yes,Yes,Yes,No,No,No,Synthetic demonstration only - not real student data,1,1,0,0,0,ai_detection_tool,AI detection fairness stress test
STUD00024,Female,Arts & Humanities,Low,Medium,No,1.59,Yes,0.253,0.683,0.675,0.673,Yes,Yes,Yes,Yes,No,No,No,Synthetic demonstration only - not real student data,1,1,0,0,0,ai_detection_tool,AI detection fairness stress test
STUD00025,Male,STEM,Medium,High,Yes,4.36,No,0.564,0.585,0.492,0.394,No,No,No,No,No,No,No,Synthetic demonstration only - not real student data,0,0,0,0,0,ai_detection_tool,AI detection fairness stress test
STUD00026,Female,STEM,High,Low,No,1.91,No,0.608,0.269,0.55,0.393,No,No,No,No,No,No,No,Synthetic demonstration only - not real student data,0,0,0,0,0,ai_detection_tool,AI detection fairness stress test
STUD00027,Male,Social Sciences,Medium,Medium,Yes,4.73,No,0.504,0.495,0.275,0.542,No,No,No,No,No,No,No,Synthetic demonstration only - not real student data,0,0,0,0,0,ai_detection_tool,AI detection fairness stress test
STUD00028,Female,Social Sciences,High,High,No,3.91,Yes,0.618,0.64,0.877,0.531,No,No,No,No,No,No,Yes,Synthetic demonstration only - not real student data,1,0,0,1,0,ai_detection_tool,AI detection fairness stress test
STUD00029,Female,Education,Low,Medium,No,2.92,Yes,0.555,0.518,0.947,0.777,Yes,Yes,Yes,No,No,No,No,Synthetic demonstration only - not real student data,1,1,0,0,0,ai_detection_tool,AI detection fairness stress test
STUD00030,Male,Social Sciences,High,Low,Yes,3.04,No,0.633,0.402,0.354,0.445,No,No,No,No,No,No,No,Synthetic demonstration only - not real student data,0,0,0,0,0,ai_detection_tool,AI detection fairness stress test
STUD00031,Female,Arts & Humanities,Medium,Medium,No,3.02,Yes,0.851,0.827,0.529,0.776,Yes,Yes,Yes,Yes,No,No,No,Synthetic demonstration only - not real student data,1,1,0,0,0,ai_detection_tool,AI detection fairness stress test
STUD00032,Female,Business,Medium,High,Yes,2.55,Yes,0.424,0.793,0.673,0.771,Yes,Yes,No,No,No,No,No,Synthetic demonstration only - not real student data,1,1,0,0,0,ai_detection_tool,AI detection fairness stress test
STUD00033,Male,Social Sciences,Medium,Medium,No,4.08,No,0.6,0.188,0.424,0.161,No,No,No,No,No,No,No,Synthetic demonstration only - not real student data,0,0,0,0,0,ai_detection_tool,AI detection fairness stress test
STUD00034,Female,Arts & Humanities,High,High,Yes,3.9,Yes,0.415,0.689,0.53,0.903,Yes,Yes,No,No,No,No,No,Synthetic demonstration only - not real student data,1,1,0,0,0,ai_detection_tool,AI detection fairness stress test
STUD00035,Female,Business,Low,Low,No,2.5,No,0.47,0.262,0.464,0.28,No,No,No,No,No,No,No,Synthetic demonstration only - not real student data,0,0,0,0,0,ai_detection_tool,AI detection fairness stress test
STUD00036,Female,Health,Medium,Low,No,1.78,Yes,0.431,0.652,0.84,0.72,Yes,Yes,Yes,No,No,No,No,Synthetic demonstration only - not real student data,1,1,0,0,0,ai_detection_tool,AI detection fairness stress test
STUD00037,Female,Health,High,Medium,No,4.5,No,0.416,0.346,0.341,0.364,No,No,No,No,No,No,No,Synthetic demonstration only - not real student data,0,0,0,0,0,ai_detection_tool,AI detection fairness stress test
STUD00038,Male,Health,Low,Medium,Yes,2.68,No,0.579,0.199,0.519,0.198,No,No,No,No,No,No,No,Synthetic demonstration only - not real student data,0,0,0,0,0,ai_detection_tool,AI detection fairness stress test
STUD00039,Female,Business,Low,Low,No,2.65,No,0.609,0.315,0.487,0.224,No,No,No,No,No,No,No,Synthetic demonstration only - not real student data,0,0,0,0,0,ai_detection_tool,AI detection fairness stress test
STUD00040,Female,Business,High,Medium,No,3.65,No,0.689,0.18,0.536,0.282,No,No,No,No,No,No,No,Synthetic demonstration only - not real student data,0,0,0,0,0,ai_detection_tool,AI detection fairness stress test
STUD00041,Female,Health,High,High,Yes,3.74,Yes,0.359,0.729,0.825,0.656,Yes,Yes,No,No,No,No,No,Synthetic demonstration only - not real student data,1,1,0,0,0,ai_detection_tool,AI detection fairness stress test
STUD00042,Female,STEM,Low,Medium,No,2.96,Yes,0.358,0.779,0.885,0.748,Yes,Yes,Yes,Yes,No,No,No,Synthetic demonstration only - not real student data,1,1,0,0,0,ai_detection_tool,AI detection fairness stress test
STUD00043,Female,Business,Medium,Medium,No,3.29,Yes,0.414,0.845,0.657,0.862,Yes,Yes,No,No,No,No,No,Synthetic demonstration only - not real student data,1,1,0,0,0,ai_detection_tool,AI detection fairness stress test
STUD00044,Male,Health,Low,High,Yes,3.95,Yes,0.727,0.869,0.584,0.729,Yes,Yes,No,No,No,No,No,Synthetic demonstration only - not real student data,1,1,0,0,0,ai_detection_tool,AI detection fairness stress test
STUD00045,Female,Arts & Humanities,Low,Medium,No,3.2,Yes,0.583,0.574,0.88,0.832,Yes,Yes,Yes,No,No,No,No,Synthetic demonstration only - not real student data,1,1,0,0,0,ai_detection_tool,AI detection fairness stress test
STUD00046,Male,STEM,High,High,No,4.08,Yes,0.798,0.683,0.521,0.839,Yes,Yes,Yes,No,No,No,No,Synthetic demonstration only - not real student data,1,1,0,0,0,ai_detection_tool,AI detection fairness stress test
STUD00047,Male,Education,High,Low,No,3.63,No,0.299,0.29,0.085,0.285,No,No,No,No,No,No,No,Synthetic demonstration only - not real student data,0,0,0,0,0,ai_detection_tool,AI detection fairness stress test
STUD00048,Male,Business,High,Medium,Yes,4.87,No,0.593,0.324,0.719,0.22,No,No,No,No,No,No,No,Synthetic demonstration only - not real student data,0,0,0,0,0,ai_detection_tool,AI detection fairness stress test
STUD00049,Female,Health,Low,Medium,No,3.09,No,0.621,0.214,0.863,0.224,No,No,No,No,No,No,No,Synthetic demonstration only - not real student data,0,0,0,0,0,ai_detection_tool,AI detection fairness stress test
STUD00050,Female,Social Sciences,Medium,Low,No,2.0,No,0.516,0.129,0.231,0.346,No,No,No,No,No,No,No,Synthetic demonstration only - not real student data,0,0,0,0,0,ai_detection_tool,AI detection fairness stress test
STUD00051,Female,Business,Low,Medium,No,2.11,No,0.553,0.377,0.389,0.279,No,No,No,No,No,No,No,Synthetic demonstration only - not real student data,0,0,0,0,0,ai_detection_tool,AI detection fairness stress test
STUD00052,Female,STEM,Low,Low,No,1.86,No,0.564,0.426,0.262,0.4,No,No,No,No,No,No,No,Synthetic demonstration only - not real student data,0,0,0,0,0,ai_detection_tool,AI detection fairness stress test
STUD00053,Non-disclosed,Arts & Humanities,Low,Low,Yes,2.46,Yes,0.74,0.493,0.669,0.908,Yes,Yes,Yes,No,No,No,No,Synthetic demonstration only - not real student data,1,1,0,0,0,ai_detection_tool,AI detection fairness stress test
STUD00054,Male,Education,Medium,Medium,No,3.42,Yes,0.881,0.773,0.299,0.836,Yes,Yes,Yes,No,No,No,No,Synthetic demonstration only - not real student data,1,1,0,0,0,ai_detection_tool,AI detection fairness stress test
STUD00055,Female,STEM,Low,Medium,No,3.71,No,0.704,0.407,0.425,0.196,No,No,No,No,No,No,No,Synthetic demonstration only - not real student data,0,0,0,0,0,ai_detection_tool,AI detection fairness stress test
STUD00056,Female,Education,Low,High,No,3.35,No,0.496,0.066,0.582,0.278,No,No,No,No,No,No,No,Synthetic demonstration only - not real student data,0,0,0,0,0,ai_detection_tool,AI detection fairness stress test
STUD00057,Male,STEM,Low,Low,Yes,2.02,No,0.626,0.357,0.9,0.272,No,No,No,No,No,No,No,Synthetic demonstration only - not real student data,0,0,0,0,0,ai_detection_tool,AI detection fairness stress test
STUD00058,Male,Social Sciences,Medium,High,No,3.42,No,0.421,0.515,0.314,0.101,No,No,No,No,No,No,No,Synthetic demonstration only - not real student data,0,0,0,0,0,ai_detection_tool,AI detection fairness stress test
STUD00059,Male,STEM,Medium,Low,No,2.51,Yes,0.464,0.523,0.371,0.871,Yes,Yes,Yes,Yes,No,No,No,Synthetic demonstration only - not real student data,1,1,0,0,0,ai_detection_tool,AI detection fairness stress test
STUD00060,Female,Business,High,Low,No,2.38,No,1,0.15,0.483,0.272,No,No,No,No,No,No,No,Synthetic demonstration only - not real student data,0,0,0,0,0,ai_detection_tool,AI detection fairness stress test
STUD00061,Female,Health,Medium,Medium,No,3.41,No,0.713,0.314,0.554,0.239,No,No,No,No,No,No,No,Synthetic demonstration only - not real student data,0,0,0,0,0,ai_detection_tool,AI detection fairness stress test
STUD00062,Male,Education,Medium,Medium,Yes,4.03,No,0.639,0.205,0.47,0.306,No,No,No,No,No,No,No,Synthetic demonstration only - not real student data,0,0,0,0,0,ai_detection_tool,AI detection fairness stress test
STUD00063,Female,Social Sciences,Medium,Medium,No,2.6,No,0.433,0.434,0.708,0.309,No,No,No,No,No,No,No,Synthetic demonstration only - not real student data,0,0,0,0,0,ai_detection_tool,AI detection fairness stress test
STUD00064,Male,STEM,High,Medium,No,2.79,No,0.831,0.659,0.447,0.332,No,No,No,No,No,No,No,Synthetic demonstration only - not real student data,0,0,0,0,0,ai_detection_tool,AI detection fairness stress test
STUD00065,Female,Arts & Humanities,Low,Medium,No,3.52,Yes,0.507,0.747,0.446,0.739,Yes,Yes,No,No,No,No,No,Synthetic demonstration only - not real student data,1,1,0,0,0,ai_detection_tool,AI detection fairness stress test
STUD00066,Non-disclosed,STEM,Medium,Medium,No,2.34,No,0.752,0.174,0.498,0.489,No,No,No,No,No,No,No,Synthetic demonstration only - not real student data,0,0,0,0,0,ai_detection_tool,AI detection fairness stress test
STUD00067,Female,Social Sciences,High,Medium,Yes,2.94,No,0.843,0.295,0.627,0.214,No,No,No,No,No,No,No,Synthetic demonstration only - not real student data,0,0,0,0,0,ai_detection_tool,AI detection fairness stress test
STUD00068,Male,Business,Medium,Medium,Yes,3.41,No,0.455,0.332,0.629,0.239,No,No,No,No,No,No,No,Synthetic demonstration only - not real student data,0,0,0,0,0,ai_detection_tool,AI detection fairness stress test
STUD00069,Male,Arts & Humanities,Medium,High,No,4.89,Yes,0.194,0.882,0.679,0.516,No,No,No,No,No,No,Yes,Synthetic demonstration only - not real student data,1,0,0,1,0,ai_detection_tool,AI detection fairness stress test
STUD00070,Male,Business,Medium,Medium,No,2.85,No,0.468,0.308,0.084,0.364,No,No,No,No,No,No,No,Synthetic demonstration only - not real student data,0,0,0,0,0,ai_detection_tool,AI detection fairness stress test
STUD00071,Female,Health,High,Medium,No,3.6,Yes,0.399,0.611,0.332,0.745,Yes,Yes,No,No,No,No,No,Synthetic demonstration only - not real student data,1,1,0,0,0,ai_detection_tool,AI detection fairness stress test
STUD00072,Male,Social Sciences,Medium,High,Yes,3.97,No,0.761,0.313,0.486,0.051,No,No,No,No,No,No,No,Synthetic demonstration only - not real student data,0,0,0,0,0,ai_detection_tool,AI detection fairness stress test
STUD00073,Female,Health,Medium,Low,Yes,1.68,No,0.52,0.359,0.684,0.453,No,No,No,No,No,No,No,Synthetic demonstration only - not real student data,0,0,0,0,0,ai_detection_tool,AI detection fairness stress test
STUD00074,Female,Social Sciences,Medium,Low,Yes,1.84,No,0.929,0.346,0.84,0.277,No,No,No,No,No,No,No,Synthetic demonstration only - not real student data,0,0,0,0,0,ai_detection_tool,AI detection fairness stress test
STUD00075,Female,Arts & Humanities,Medium,Medium,No,2.61,No,0.656,0.426,0.718,0.235,No,No,No,No,No,No,No,Synthetic demonstration only - not real student data,0,0,0,0,0,ai_detection_tool,AI detection fairness stress test
STUD00076,Male,Business,Medium,High,No,4.15,No,0.488,0.622,0.433,0.135,No,No,No,No,No,No,No,Synthetic demonstration only - not real student data,0,0,0,0,0,ai_detection_tool,AI detection fairness stress test
STUD00077,Female,Arts & Humanities,High,Medium,Yes,3.47,Yes,0.432,0.523,0.51,0.628,Yes,Yes,No,No,No,No,No,Synthetic demonstration only - not real student data,1,1,0,0,0,ai_detection_tool,AI detection fairness stress test
STUD00078,Male,Social Sciences,Medium,High,Yes,3.17,Yes,0.632,0.645,0.616,0.911,Yes,Yes,Yes,No,No,No,No,Synthetic demonstration only - not real student data,1,1,0,0,0,ai_detection_tool,AI detection fairness stress test
STUD00079,Non-disclosed,Arts & Humanities,High,High,Yes,4.14,No,0.476,0.427,0.456,0.521,No,No,No,No,No,No,No,Synthetic demonstration only - not real student data,0,0,0,0,0,ai_detection_tool,AI detection fairness stress test
STUD00080,Female,Social Sciences,Medium,High,No,4.7,No,0.651,0.295,0.558,0.256,No,No,No,No,No,No,No,Synthetic demonstration only - not real student data,0,0,0,0,0,ai_detection_tool,AI detection fairness stress test
STUD00081,Male,Business,Medium,High,No,4.78,Yes,0.179,0.713,0.67,0.785,Yes,No,Yes,Yes,No,No,No,Synthetic demonstration only - not real student data,1,1,0,0,0,ai_detection_tool,AI detection fairness stress test
STUD00082,Male,STEM,Low,Medium,No,2.85,Yes,0.448,0.663,0.704,0.673,Yes,Yes,No,No,No,No,No,Synthetic demonstration only - not real student data,1,1,0,0,0,ai_detection_tool,AI detection fairness stress test
STUD00083,Male,Social Sciences,High,Medium,Yes,3.44,No,0.677,0.071,0.862,0.358,No,No,No,No,No,No,No,Synthetic demonstration only - not real student data,0,0,0,0,0,ai_detection_tool,AI detection fairness stress test
STUD00084,Female,Social Sciences,Low,High,No,3.58,No,0.749,0.41,0.456,0.361,No,No,No,No,No,No,No,Synthetic demonstration only - not real student data,0,0,0,0,0,ai_detection_tool,AI detection fairness stress test
STUD00085,Female,Education,Medium,Medium,No,2.94,No,0.501,0.383,0.643,0.247,No,No,No,No,No,No,No,Synthetic demonstration only - not real student data,0,0,0,0,0,ai_detection_tool,AI detection fairness stress test
STUD00086,Male,STEM,High,Medium,Yes,3.6,Yes,0.57,0.653,0.763,0.67,Yes,Yes,Yes,Yes,No,No,No,Synthetic demonstration only - not real student data,1,1,0,0,0,ai_detection_tool,AI detection fairness stress test
STUD00087,Female,STEM,Low,Medium,Yes,3.0,No,0.607,0.135,0.571,0.048,No,No,No,No,No,No,No,Synthetic demonstration only - not real student data,0,0,0,0,0,ai_detection_tool,AI detection fairness stress test
STUD00088,Male,STEM,High,Medium,Yes,3.87,No,0.69,0.245,0.172,0.388,No,No,No,No,No,No,No,Synthetic demonstration only - not real student data,0,0,0,0,0,ai_detection_tool,AI detection fairness stress test
STUD00089,Female,Arts & Humanities,Medium,Medium,No,3.26,Yes,0.566,0.617,0.588,0.713,Yes,Yes,Yes,No,No,No,No,Synthetic demonstration only - not real student data,1,1,0,0,0,ai_detection_tool,AI detection fairness stress test
STUD00090,Male,Business,Low,Medium,No,4.31,No,0.36,0.171,0.527,0.157,No,No,No,No,No,No,No,Synthetic demonstration only - not real student data,0,0,0,0,0,ai_detection_tool,AI detection fairness stress test
STUD00091,Female,Business,Medium,Low,Yes,3.07,No,0.655,0.269,0.694,0.372,No,No,No,No,No,No,No,Synthetic demonstration only - not real student data,0,0,0,0,0,ai_detection_tool,AI detection fairness stress test
STUD00092,Male,STEM,High,Low,No,3.04,No,0.344,0.23,0.506,0.334,No,No,No,No,No,No,No,Synthetic demonstration only - not real student data,0,0,0,0,0,ai_detection_tool,AI detection fairness stress test
STUD00093,Female,Health,High,Medium,No,4.06,Yes,0.477,0.568,0.571,0.66,Yes,Yes,No,No,No,No,No,Synthetic demonstration only - not real student data,1,1,0,0,0,ai_detection_tool,AI detection fairness stress test
STUD00094,Female,Health,High,Medium,No,2.81,No,0.612,0.192,0.524,0.247,No,No,No,No,No,No,No,Synthetic demonstration only - not real student data,0,0,0,0,0,ai_detection_tool,AI detection fairness stress test
STUD00095,Male,Education,Low,Medium,No,3.19,Yes,0.656,0.793,0.46,0.723,Yes,Yes,Yes,No,No,No,No,Synthetic demonstration only - not real student data,1,1,0,0,0,ai_detection_tool,AI detection fairness stress test
STUD00096,Female,Arts & Humanities,Medium,Medium,No,3.26,No,0.539,0.354,0.65,0.323,No,No,No,No,No,No,No,Synthetic demonstration only - not real student data,0,0,0,0,0,ai_detection_tool,AI detection fairness stress test
STUD00097,Male,Arts & Humanities,Medium,Medium,No,3.06,No,0.646,0.5,0.675,0.302,No,No,No,No,No,No,No,Synthetic demonstration only - not real student data,0,0,0,0,0,ai_detection_tool,AI detection fairness stress test
STUD00098,Female,Health,Medium,Low,No,3.46,Yes,0.485,0.708,0.72,0.852,Yes,Yes,Yes,No,No,No,No,Synthetic demonstration only - not real student data,1,1,0,0,0,ai_detection_tool,AI detection fairness stress test
STUD00099,Female,Business,Medium,Medium,No,3.14,No,0.462,0.408,0.559,0.504,No,No,No,No,No,No,No,Synthetic demonstration only - not real student data,0,0,0,0,0,ai_detection_tool,AI detection fairness stress test
STUD00100,Male,Business,Medium,High,Yes,3.48,Yes,0.43,0.95,0.449,0.603,Yes,No,Yes,No,No,No,No,Synthetic demonstration only - not real student data,1,1,0,0,0,ai_detection_tool,AI detection fairness stress test
STUD00101,Female,Arts & Humanities,Medium,Medium,Yes,2.74,Yes,0.762,0.586,0.694,0.486,No,No,No,No,No,No,Yes,Synthetic demonstration only - not real student data,1,0,0,1,0,ai_detection_tool,AI detection fairness stress test
STUD00102,Female,Health,High,High,Yes,3.66,Yes,0.631,0.903,0.717,0.576,Yes,Yes,No,No,No,No,No,Synthetic demonstration only - not real student data,1,1,0,0,0,ai_detection_tool,AI detection fairness stress test
STUD00103,Male,Health,Medium,High,No,3.25,No,0.43,0.569,0.36,0.331,No,No,No,No,No,No,No,Synthetic demonstration only - not real student data,0,0,0,0,0,ai_detection_tool,AI detection fairness stress test
STUD00104,Female,Business,Low,Low,No,2.55,No,0.468,0.345,0.585,0.294,No,No,No,No,No,No,No,Synthetic demonstration only - not real student data,0,0,0,0,0,ai_detection_tool,AI detection fairness stress test
STUD00105,Male,Education,Medium,Medium,No,2.46,No,0.425,0.12,0.652,0.166,No,No,No,No,No,No,No,Synthetic demonstration only - not real student data,0,0,0,0,0,ai_detection_tool,AI detection fairness stress test
STUD00106,Female,STEM,Low,Low,No,1.88,No,0.478,0.157,0.614,0.377,No,No,No,No,No,No,No,Synthetic demonstration only - not real student data,0,0,0,0,0,ai_detection_tool,AI detection fairness stress test
STUD00107,Female,Arts & Humanities,Low,Medium,Yes,2.76,Yes,0.801,0.444,0.517,0.706,Yes,Yes,No,No,No,No,No,Synthetic demonstration only - not real student data,1,1,0,0,0,ai_detection_tool,AI detection fairness stress test
STUD00108,Female,Health,High,Medium,No,3.01,Yes,0.443,0.619,0.353,0.981,Yes,Yes,Yes,No,No,No,No,Synthetic demonstration only - not real student data,1,1,0,0,0,ai_detection_tool,AI detection fairness stress test
STUD00109,Male,STEM,High,Medium,No,3.11,No,0.256,0.308,0.348,0.19,No,No,No,No,No,No,No,Synthetic demonstration only - not real student data,0,0,0,0,0,ai_detection_tool,AI detection fairness stress test
STUD00110,Female,Business,Low,Low,No,1.81,No,0.533,0.411,0.857,0.447,No,No,No,No,No,No,No,Synthetic demonstration only - not real student data,0,0,0,0,0,ai_detection_tool,AI detection fairness stress test
STUD00111,Female,Health,High,High,Yes,3.18,Yes,0.793,0.646,0.775,0.813,Yes,Yes,Yes,No,No,No,No,Synthetic demonstration only - not real student data,1,1,0,0,0,ai_detection_tool,AI detection fairness stress test
STUD00112,Female,Health,Medium,Low,Yes,1.53,No,0.372,0.388,0.501,0.543,No,No,No,No,No,No,No,Synthetic demonstration only - not real student data,0,0,0,0,0,ai_detection_tool,AI detection fairness stress test
STUD00113,Female,Education,High,Medium,No,2.69,Yes,0.551,0.275,0.55,0.745,Yes,Yes,Yes,No,No,No,No,Synthetic demonstration only - not real student data,1,1,0,0,0,ai_detection_tool,AI detection fairness stress test
STUD00114,Male,Business,High,Low,No,2.08,Yes,0.531,0.491,0.714,0.68,Yes,Yes,No,No,No,No,No,Synthetic demonstration only - not real student data,1,1,0,0,0,ai_detection_tool,AI detection fairness stress test
STUD00115,Female,Arts & Humanities,Low,Medium,Yes,2.42,No,0.639,0.355,0.65,0.519,No,No,No,No,No,No,No,Synthetic demonstration only - not real student data,0,0,0,0,0,ai_detection_tool,AI detection fairness stress test
STUD00116,Male,Health,Medium,Low,No,2.48,No,0.681,0.51,0.532,0.372,No,No,No,No,No,No,No,Synthetic demonstration only - not real student data,0,0,0,0,0,ai_detection_tool,AI detection fairness stress test
STUD00117,Female,Business,Medium,High,No,3.29,Yes,0.507,0.695,0.683,0.512,No,No,No,No,No,No,Yes,Synthetic demonstration only - not real student data,1,0,0,1,0,ai_detection_tool,AI detection fairness stress test
STUD00118,Female,STEM,Medium,High,Yes,4.16,Yes,0.565,0.793,0.476,0.808,Yes,Yes,Yes,No,No,No,No,Synthetic demonstration only - not real student data,1,1,0,0,0,ai_detection_tool,AI detection fairness stress test
STUD00119,Female,Social Sciences,Medium,Low,No,3.32,No,0.585,0.121,0.598,0.408,No,No,No,No,No,No,No,Synthetic demonstration only - not real student data,0,0,0,0,0,ai_detection_tool,AI detection fairness stress test
STUD00120,Female,Health,Medium,Medium,No,2.99,No,0.507,0.246,0.767,0.295,No,No,No,No,No,No,No,Synthetic demonstration only - not real student data,0,0,0,0,0,ai_detection_tool,AI detection fairness stress test
STUD00121,Male,STEM,Medium,High,No,3.3,Yes,0.305,0.737,0.434,0.692,Yes,Yes,Yes,No,No,No,No,Synthetic demonstration only - not real student data,1,1,0,0,0,ai_detection_tool,AI detection fairness stress test
STUD00122,Male,Social Sciences,Low,Medium,No,3.59,Yes,0.426,0.865,0.738,0.686,Yes,Yes,Yes,No,No,No,No,Synthetic demonstration only - not real student data,1,1,0,0,0,ai_detection_tool,AI detection fairness stress test
STUD00123,Male,Social Sciences,High,Medium,No,2.22,No,0.606,0.456,0.275,0.494,No,No,No,No,No,No,No,Synthetic demonstration only - not real student data,0,0,0,0,0,ai_detection_tool,AI detection fairness stress test
STUD00124,Male,Business,Low,Medium,No,3.82,Yes,0.385,0.565,0.568,0.594,Yes,Yes,No,No,No,No,No,Synthetic demonstration only - not real student data,1,1,0,0,0,ai_detection_tool,AI detection fairness stress test
STUD00125,Female,Social Sciences,High,Low,No,3.47,No,0.704,0.401,0.292,0.467,No,No,No,No,No,No,No,Synthetic demonstration only - not real student data,0,0,0,0,0,ai_detection_tool,AI detection fairness stress test
STUD00126,Male,Health,Low,Low,No,2.74,No,0.367,0.46,0.336,0.228,No,No,No,No,No,No,No,Synthetic demonstration only - not real student data,0,0,0,0,0,ai_detection_tool,AI detection fairness stress test
STUD00127,Male,STEM,Medium,High,Yes,3.35,Yes,0.698,0.895,0.892,0.627,Yes,Yes,Yes,No,No,No,No,Synthetic demonstration only - not real student data,1,1,0,0,0,ai_detection_tool,AI detection fairness stress test
STUD00128,Female,Social Sciences,High,Low,No,2.65,Yes,0.706,0.479,0.787,0.692,Yes,Yes,No,No,No,No,No,Synthetic demonstration only - not real student data,1,1,0,0,0,ai_detection_tool,AI detection fairness stress test
STUD00129,Male,STEM,Low,Medium,No,4.38,No,0.323,0.572,0.437,0.359,No,No,No,No,No,No,No,Synthetic demonstration only - not real student data,0,0,0,0,0,ai_detection_tool,AI detection fairness stress test
STUD00130,Female,Business,High,Low,Yes,1.9,No,0.364,0.529,0.385,0.321,No,No,No,No,No,No,No,Synthetic demonstration only - not real student data,0,0,0,0,0,ai_detection_tool,AI detection fairness stress test
STUD00131,Female,Business,Medium,High,Yes,3.75,Yes,0.264,0.922,0.655,0.549,No,No,No,No,No,No,Yes,Synthetic demonstration only - not real student data,1,0,0,1,0,ai_detection_tool,AI detection fairness stress test
STUD00132,Female,Education,Medium,Medium,Yes,3.35,No,0.239,0.515,0.707,0.306,No,No,No,No,No,No,No,Synthetic demonstration only - not real student data,0,0,0,0,0,ai_detection_tool,AI detection fairness stress test
STUD00133,Female,STEM,Medium,Low,Yes,3.79,No,0.437,0.329,0.876,0.253,No,No,No,No,No,No,No,Synthetic demonstration only - not real student data,0,0,0,0,0,ai_detection_tool,AI detection fairness stress test
STUD00134,Female,Arts & Humanities,Low,Medium,No,2.79,Yes,0.461,0.459,0.357,0.57,Yes,Yes,No,No,No,No,No,Synthetic demonstration only - not real student data,1,1,0,0,0,ai_detection_tool,AI detection fairness stress test
STUD00135,Female,STEM,Medium,Medium,No,3.12,No,0.355,0.169,0.553,0.162,No,No,No,No,No,No,No,Synthetic demonstration only - not real student data,0,0,0,0,0,ai_detection_tool,AI detection fairness stress test
STUD00136,Female,Health,Low,Medium,Yes,4.48,Yes,0.389,0.724,0.77,0.875,Yes,Yes,No,No,No,No,No,Synthetic demonstration only - not real student data,1,1,0,0,0,ai_detection_tool,AI detection fairness stress test
STUD00137,Male,Education,Low,High,Yes,3.42,Yes,0.507,0.698,0.835,0.772,Yes,Yes,Yes,No,No,No,No,Synthetic demonstration only - not real student data,1,1,0,0,0,ai_detection_tool,AI detection fairness stress test
STUD00138,Male,STEM,Medium,Medium,Yes,3.86,No,0.368,0.382,0.465,0.286,No,No,No,No,No,No,No,Synthetic demonstration only - not real student data,0,0,0,0,0,ai_detection_tool,AI detection fairness stress test
STUD00139,Female,Social Sciences,High,Medium,Yes,3.07,No,0.681,0.542,0.443,0.219,No,No,No,No,No,No,No,Synthetic demonstration only - not real student data,0,0,0,0,0,ai_detection_tool,AI detection fairness stress test
STUD00140,Male,Business,Medium,High,No,4.25,Yes,0.351,0.824,0.708,0.851,Yes,Yes,Yes,No,No,No,No,Synthetic demonstration only - not real student data,1,1,0,0,0,ai_detection_tool,AI detection fairness stress test
STUD00141,Female,Social Sciences,Low,Medium,No,1.99,No,0.776,0.613,0.437,0.434,No,No,No,No,No,No,No,Synthetic demonstration only - not real student data,0,0,0,0,0,ai_detection_tool,AI detection fairness stress test
STUD00142,Male,STEM,Medium,Low,No,3.74,No,0.369,0.218,0.433,0.43,No,No,No,No,No,No,No,Synthetic demonstration only - not real student data,0,0,0,0,0,ai_detection_tool,AI detection fairness stress test
STUD00143,Female,Social Sciences,Low,Medium,Yes,3.28,No,0.466,0.295,0.935,0.143,No,No,No,No,No,No,No,Synthetic demonstration only - not real student data,0,0,0,0,0,ai_detection_tool,AI detection fairness stress test
STUD00144,Non-disclosed,Arts & Humanities,Medium,High,No,4.37,Yes,0.187,0.772,0.694,0.493,No,No,No,No,No,No,Yes,Synthetic demonstration only - not real student data,1,0,0,1,0,ai_detection_tool,AI detection fairness stress test
STUD00145,Male,Health,Low,Medium,No,2.49,Yes,0.31,0.644,0.589,0.759,Yes,Yes,Yes,Yes,No,No,No,Synthetic demonstration only - not real student data,1,1,0,0,0,ai_detection_tool,AI detection fairness stress test
STUD00146,Female,Health,High,High,No,3.65,Yes,0.591,0.788,0.51,0.894,Yes,Yes,Yes,Yes,No,No,No,Synthetic demonstration only - not real student data,1,1,0,0,0,ai_detection_tool,AI detection fairness stress test
STUD00147,Female,Business,Medium,Medium,No,2.74,Yes,0.314,0.664,0.86,0.743,Yes,Yes,Yes,No,No,No,No,Synthetic demonstration only - not real student data,1,1,0,0,0,ai_detection_tool,AI detection fairness stress test
STUD00148,Male,STEM,High,Medium,No,5,Yes,0.693,0.816,0.263,1,Yes,Yes,No,No,No,No,No,Synthetic demonstration only - not real student data,1,1,0,0,0,ai_detection_tool,AI detection fairness stress test
STUD00149,Male,STEM,Medium,Medium,Yes,3.08,Yes,0.604,0.715,0.914,0.898,Yes,Yes,Yes,No,No,No,No,Synthetic demonstration only - not real student data,1,1,0,0,0,ai_detection_tool,AI detection fairness stress test
STUD00150,Female,Health,Medium,Medium,Yes,2.64,Yes,0.545,0.592,0.702,0.699,Yes,Yes,No,No,No,No,No,Synthetic demonstration only - not real student data,1,1,0,0,0,ai_detection_tool,AI detection fairness stress test
STUD00151,Female,Social Sciences,Medium,High,Yes,4.16,No,0.608,0.484,0.577,0.175,No,No,No,No,No,No,No,Synthetic demonstration only - not real student data,0,0,0,0,0,ai_detection_tool,AI detection fairness stress test
STUD00152,Male,Social Sciences,Low,High,No,3.59,Yes,1,0.461,0.462,0.814,Yes,No,No,No,No,No,No,Synthetic demonstration only - not real student data,1,1,0,0,0,ai_detection_tool,AI detection fairness stress test
STUD00153,Male,Education,Medium,Low,Yes,3.53,No,0.546,0.161,0.564,0.5,No,No,No,No,No,No,No,Synthetic demonstration only - not real student data,0,0,0,0,0,ai_detection_tool,AI detection fairness stress test
STUD00154,Female,Business,Low,Low,No,1.87,No,0.622,0.556,0.609,0.241,No,No,No,No,No,No,No,Synthetic demonstration only - not real student data,0,0,0,0,0,ai_detection_tool,AI detection fairness stress test
STUD00155,Male,STEM,High,High,No,3.97,Yes,0.513,0.743,0.721,0.666,Yes,Yes,Yes,No,No,No,No,Synthetic demonstration only - not real student data,1,1,0,0,0,ai_detection_tool,AI detection fairness stress test
STUD00156,Male,STEM,Low,High,No,4.39,No,0.594,0.459,0.486,0.407,No,No,No,No,No,No,No,Synthetic demonstration only - not real student data,0,0,0,0,0,ai_detection_tool,AI detection fairness stress test
STUD00157,Male,Social Sciences,Medium,High,Yes,4.57,No,0.573,0.445,0.715,0.402,No,No,No,No,No,No,No,Synthetic demonstration only - not real student data,0,0,0,0,0,ai_detection_tool,AI detection fairness stress test
STUD00158,Male,Business,Medium,Medium,No,4.44,No,0.544,0.491,0.561,0.075,No,No,No,No,No,No,No,Synthetic demonstration only - not real student data,0,0,0,0,0,ai_detection_tool,AI detection fairness stress test
STUD00159,Female,Arts & Humanities,Low,Medium,No,3.66,No,0.676,0.303,0.505,0.244,No,No,No,No,No,No,No,Synthetic demonstration only - not real student data,0,0,0,0,0,ai_detection_tool,AI detection fairness stress test
STUD00160,Female,Business,Low,Medium,No,3.59,No,0.336,0.432,0.49,0.302,No,No,No,No,No,No,No,Synthetic demonstration only - not real student data,0,0,0,0,0,ai_detection_tool,AI detection fairness stress test
STUD00161,Female,Health,Medium,Medium,No,3.03,Yes,0.31,0.63,0.684,0.976,Yes,Yes,No,No,No,No,No,Synthetic demonstration only - not real student data,1,1,0,0,0,ai_detection_tool,AI detection fairness stress test
STUD00162,Female,Business,Medium,Medium,No,2.99,No,0.079,0.606,0.281,0.475,No,No,No,No,No,No,No,Synthetic demonstration only - not real student data,0,0,0,0,0,ai_detection_tool,AI detection fairness stress test
STUD00163,Male,STEM,Medium,High,Yes,3.76,Yes,0.438,0.531,0.649,0.649,Yes,Yes,Yes,No,No,No,No,Synthetic demonstration only - not real student data,1,1,0,0,0,ai_detection_tool,AI detection fairness stress test
STUD00164,Male,Business,High,Medium,Yes,3.24,Yes,0.5,1,0.686,0.731,Yes,Yes,Yes,No,No,No,No,Synthetic demonstration only - not real student data,1,1,0,0,0,ai_detection_tool,AI detection fairness stress test
STUD00165,Male,STEM,Low,Low,Yes,2.02,Yes,0.416,0.601,0.518,0.749,Yes,No,Yes,No,No,No,No,Synthetic demonstration only - not real student data,1,1,0,0,0,ai_detection_tool,AI detection fairness stress test
STUD00166,Female,Education,Low,Medium,No,3.35,No,0.462,0.495,0.714,0.44,No,No,No,No,No,No,No,Synthetic demonstration only - not real student data,0,0,0,0,0,ai_detection_tool,AI detection fairness stress test
STUD00167,Female,Business,High,Low,No,3.42,No,0.402,0,0.563,0.428,No,No,No,No,No,No,No,Synthetic demonstration only - not real student data,0,0,0,0,0,ai_detection_tool,AI detection fairness stress test
STUD00168,Male,STEM,Low,Medium,Yes,3.05,No,0.253,0.428,0.532,0.458,No,No,No,No,No,No,No,Synthetic demonstration only - not real student data,0,0,0,0,0,ai_detection_tool,AI detection fairness stress test
STUD00169,Male,Social Sciences,High,Medium,No,4.02,Yes,0.689,0.455,0.306,0.767,Yes,Yes,Yes,No,No,No,No,Synthetic demonstration only - not real student data,1,1,0,0,0,ai_detection_tool,AI detection fairness stress test
STUD00170,Male,Arts & Humanities,Low,High,No,3.72,No,0.43,0.368,0.66,0.183,No,No,No,No,No,No,No,Synthetic demonstration only - not real student data,0,0,0,0,0,ai_detection_tool,AI detection fairness stress test
STUD00171,Male,STEM,High,High,Yes,4.99,Yes,0.56,0.63,0.626,0.825,Yes,Yes,Yes,No,No,No,No,Synthetic demonstration only - not real student data,1,1,0,0,0,ai_detection_tool,AI detection fairness stress test
STUD00172,Female,Business,Medium,Medium,Yes,2.63,No,0.259,0.435,0.769,0.208,No,No,No,No,No,No,No,Synthetic demonstration only - not real student data,0,0,0,0,0,ai_detection_tool,AI detection fairness stress test
STUD00173,Female,Arts & Humanities,Low,Low,Yes,3.13,No,0.556,0.407,0.752,0.197,No,No,No,No,No,No,No,Synthetic demonstration only - not real student data,0,0,0,0,0,ai_detection_tool,AI detection fairness stress test
STUD00174,Male,Arts & Humanities,Low,High,No,4.79,No,0.483,0.295,0.707,0.436,No,No,No,No,No,No,No,Synthetic demonstration only - not real student data,0,0,0,0,0,ai_detection_tool,AI detection fairness stress test
STUD00175,Female,Health,High,Medium,No,3.06,Yes,0.477,0.866,0.274,0.684,Yes,Yes,No,No,No,No,No,Synthetic demonstration only - not real student data,1,1,0,0,0,ai_detection_tool,AI detection fairness stress test
STUD00176,Female,Health,Medium,Low,Yes,1.54,No,0.449,0.15,0.413,0.32,No,No,No,No,No,No,No,Synthetic demonstration only - not real student data,0,0,0,0,0,ai_detection_tool,AI detection fairness stress test
STUD00177,Female,Arts & Humanities,Medium,Low,Yes,2.62,No,0.636,0.205,0.33,0.403,No,No,No,No,No,No,No,Synthetic demonstration only - not real student data,0,0,0,0,0,ai_detection_tool,AI detection fairness stress test
STUD00178,Female,STEM,Medium,Low,No,2.33,Yes,0.397,0.697,0.437,0.874,Yes,No,Yes,No,No,No,No,Synthetic demonstration only - not real student data,1,1,0,0,0,ai_detection_tool,AI detection fairness stress test
STUD00179,Male,Arts & Humanities,High,High,Yes,3.65,Yes,0.78,0.802,0.707,0.633,Yes,Yes,Yes,No,No,No,No,Synthetic demonstration only - not real student data,1,1,0,0,0,ai_detection_tool,AI detection fairness stress test
STUD00180,Female,Arts & Humanities,Low,Low,No,2.35,No,0.551,0.337,0.916,0.461,No,No,No,No,No,No,No,Synthetic demonstration only - not real student data,0,0,0,0,0,ai_detection_tool,AI detection fairness stress test
STUD00181,Male,Business,High,Low,Yes,3.99,No,0.509,0.295,0.444,0.377,No,No,No,No,No,No,No,Synthetic demonstration only - not real student data,0,0,0,0,0,ai_detection_tool,AI detection fairness stress test
STUD00182,Female,Education,High,Medium,Yes,3.38,No,0.865,0.725,0.586,0.257,No,No,No,No,No,No,No,Synthetic demonstration only - not real student data,0,0,0,0,0,ai_detection_tool,AI detection fairness stress test
STUD00183,Non-disclosed,STEM,High,Medium,Yes,3.44,Yes,0.165,0.665,0.656,0.635,Yes,Yes,Yes,No,No,No,No,Synthetic demonstration only - not real student data,1,1,0,0,0,ai_detection_tool,AI detection fairness stress test
STUD00184,Female,Health,Low,Medium,No,4.91,No,0.505,0.32,0.711,0.428,No,No,No,No,No,No,No,Synthetic demonstration only - not real student data,0,0,0,0,0,ai_detection_tool,AI detection fairness stress test
STUD00185,Male,Health,Low,Medium,Yes,3.18,Yes,0.701,0.725,0.786,0.603,Yes,Yes,Yes,No,No,No,No,Synthetic demonstration only - not real student data,1,1,0,0,0,ai_detection_tool,AI detection fairness stress test
STUD00186,Female,Arts & Humanities,Medium,Low,Yes,2.76,No,0.937,0.494,1,0.216,No,No,No,No,No,No,No,Synthetic demonstration only - not real student data,0,0,0,0,0,ai_detection_tool,AI detection fairness stress test
STUD00187,Male,STEM,Low,Medium,Yes,3.17,Yes,0.562,0.508,0.799,0.771,Yes,Yes,No,No,No,No,No,Synthetic demonstration only - not real student data,1,1,0,0,0,ai_detection_tool,AI detection fairness stress test
STUD00188,Male,STEM,Medium,Low,No,3.23,No,0.31,0.144,0.472,0.357,No,No,No,No,No,No,No,Synthetic demonstration only - not real student data,0,0,0,0,0,ai_detection_tool,AI detection fairness stress test
STUD00189,Male,Education,Low,High,Yes,4.36,Yes,0.525,1,0.595,0.719,Yes,Yes,Yes,No,No,No,No,Synthetic demonstration only - not real student data,1,1,0,0,0,ai_detection_tool,AI detection fairness stress test
STUD00190,Female,Education,Low,Medium,No,3.87,No,0.288,0.316,0.127,0.192,No,No,No,No,No,No,No,Synthetic demonstration only - not real student data,0,0,0,0,0,ai_detection_tool,AI detection fairness stress test
STUD00191,Female,Health,Low,Medium,No,3.39,No,0.261,0.168,0.551,0.235,No,No,No,No,No,No,No,Synthetic demonstration only - not real student data,0,0,0,0,0,ai_detection_tool,AI detection fairness stress test
STUD00192,Male,Health,High,Low,No,4.1,No,0.16,0.316,0.469,0.141,No,No,No,No,No,No,No,Synthetic demonstration only - not real student data,0,0,0,0,0,ai_detection_tool,AI detection fairness stress test
STUD00193,Male,STEM,Medium,High,No,5,No,0.659,0.297,0.755,0.581,Yes,Yes,Yes,No,No,Yes,No,Synthetic demonstration only - not real student data,0,1,1,0,0,ai_detection_tool,AI detection fairness stress test
STUD00194,Male,Business,Low,Low,No,3.36,No,0.337,0.235,0.381,0.328,No,No,No,No,No,No,No,Synthetic demonstration only - not real student data,0,0,0,0,0,ai_detection_tool,AI detection fairness stress test
STUD00195,Male,Business,Medium,Medium,Yes,4.08,No,0.661,0.646,0.905,0.406,No,No,No,No,No,No,No,Synthetic demonstration only - not real student data,0,0,0,0,0,ai_detection_tool,AI detection fairness stress test
STUD00196,Female,Business,Medium,Medium,No,3.49,No,0.463,0.495,0.583,0.255,No,No,No,No,No,No,No,Synthetic demonstration only - not real student data,0,0,0,0,0,ai_detection_tool,AI detection fairness stress test
STUD00197,Male,Arts & Humanities,Low,High,No,3.97,Yes,0.699,0.358,0.463,0.693,Yes,Yes,No,No,No,No,No,Synthetic demonstration only - not real student data,1,1,0,0,0,ai_detection_tool,AI detection fairness stress test
STUD00198,Female,STEM,Low,Medium,No,3.56,Yes,0.49,0.562,0.635,0.485,No,No,No,No,No,No,Yes,Synthetic demonstration only - not real student data,1,0,0,1,0,ai_detection_tool,AI detection fairness stress test
STUD00199,Female,STEM,Low,High,Yes,2.96,No,0.593,0.219,0.575,0.103,No,No,No,No,No,No,No,Synthetic demonstration only - not real student data,0,0,0,0,0,ai_detection_tool,AI detection fairness stress test
STUD00200,Male,STEM,Medium,High,No,3.59,No,0.455,0.628,0.633,0.336,No,No,No,No,No,No,No,Synthetic demonstration only - not real student data,0,0,0,0,0,ai_detection_tool,AI detection fairness stress test
STUD00201,Female,Business,Medium,Low,No,2.19,No,0.563,0.414,0.785,0.287,No,No,No,No,No,No,No,Synthetic demonstration only - not real student data,0,0,0,0,0,ai_detection_tool,AI detection fairness stress test
STUD00202,Non-disclosed,Arts & Humanities,Low,Medium,Yes,2.07,No,0.782,0.427,0.717,0.339,No,No,No,No,No,No,No,Synthetic demonstration only - not real student data,0,0,0,0,0,ai_detection_tool,AI detection fairness stress test
STUD00203,Male,Social Sciences,Medium,Medium,No,2.48,No,0.755,0.413,0.572,0.346,No,No,No,No,No,No,No,Synthetic demonstration only - not real student data,0,0,0,0,0,ai_detection_tool,AI detection fairness stress test
STUD00204,Female,Arts & Humanities,Medium,Low,No,1.96,No,0.525,0.307,0.784,0.473,No,No,No,No,No,No,No,Synthetic demonstration only - not real student data,0,0,0,0,0,ai_detection_tool,AI detection fairness stress test
STUD00205,Male,STEM,Low,High,No,2.06,Yes,0.381,0.831,0.367,0.597,Yes,Yes,Yes,No,No,No,No,Synthetic demonstration only - not real student data,1,1,0,0,0,ai_detection_tool,AI detection fairness stress test
STUD00206,Female,Social Sciences,Low,Medium,No,5,No,0.451,0.571,0.477,0.292,No,No,No,No,No,No,No,Synthetic demonstration only - not real student data,0,0,0,0,0,ai_detection_tool,AI detection fairness stress test
STUD00207,Female,Business,Low,Low,Yes,2.19,No,0.755,0.295,0.477,0.335,No,No,No,No,No,No,No,Synthetic demonstration only - not real student data,0,0,0,0,0,ai_detection_tool,AI detection fairness stress test
STUD00208,Non-disclosed,Health,High,Low,No,3.98,No,0.841,0.316,0.802,0.501,No,No,No,No,No,No,No,Synthetic demonstration only - not real student data,0,0,0,0,0,ai_detection_tool,AI detection fairness stress test
STUD00209,Female,Health,Medium,High,No,2.75,Yes,0.534,0.569,0.731,0.508,No,No,No,No,No,No,Yes,Synthetic demonstration only - not real student data,1,0,0,1,0,ai_detection_tool,AI detection fairness stress test
STUD00210,Female,Arts & Humanities,High,Low,Yes,1.65,No,0.635,0.339,0.664,0.169,No,No,No,No,No,No,No,Synthetic demonstration only - not real student data,0,0,0,0,0,ai_detection_tool,AI detection fairness stress test
STUD00211,Male,Business,Medium,High,Yes,3.65,Yes,0.536,0.738,0.838,0.752,Yes,Yes,Yes,No,No,No,No,Synthetic demonstration only - not real student data,1,1,0,0,0,ai_detection_tool,AI detection fairness stress test
STUD00212,Female,Health,Low,Low,No,1.83,No,0.744,0.538,0.544,0.406,No,No,No,No,No,No,No,Synthetic demonstration only - not real student data,0,0,0,0,0,ai_detection_tool,AI detection fairness stress test
STUD00213,Male,STEM,Low,High,No,4.77,Yes,0.833,0.646,0.517,0.551,Yes,Yes,Yes,No,No,No,No,Synthetic demonstration only - not real student data,1,1,0,0,0,ai_detection_tool,AI detection fairness stress test
STUD00214,Male,STEM,Medium,High,Yes,5,Yes,0.637,0.79,0.69,0.715,Yes,Yes,No,No,No,No,No,Synthetic demonstration only - not real student data,1,1,0,0,0,ai_detection_tool,AI detection fairness stress test
STUD00215,Non-disclosed,Business,Low,Low,Yes,2.36,No,0.486,0.39,0.554,0.353,No,No,No,No,No,No,No,Synthetic demonstration only - not real student data,0,0,0,0,0,ai_detection_tool,AI detection fairness stress test
STUD00216,Female,Social Sciences,Medium,Low,Yes,1.42,No,0.402,0.418,0.548,0.311,No,No,No,No,No,No,No,Synthetic demonstration only - not real student data,0,0,0,0,0,ai_detection_tool,AI detection fairness stress test
STUD00217,Female,Health,Low,High,Yes,3.46,Yes,0.346,0.837,0.664,0.774,Yes,Yes,Yes,No,No,No,No,Synthetic demonstration only - not real student data,1,1,0,0,0,ai_detection_tool,AI detection fairness stress test
STUD00218,Male,Health,High,High,No,4.65,Yes,0.33,0.69,0.628,0.583,Yes,Yes,No,No,No,No,No,Synthetic demonstration only - not real student data,1,1,0,0,0,ai_detection_tool,AI detection fairness stress test
STUD00219,Male,Business,Medium,Low,No,1.24,No,0.442,0.403,0.511,0.424,No,No,No,No,No,No,No,Synthetic demonstration only - not real student data,0,0,0,0,0,ai_detection_tool,AI detection fairness stress test
STUD00220,Female,Health,High,Medium,No,2.55,Yes,0.634,0.708,0.692,0.754,Yes,Yes,Yes,No,No,No,No,Synthetic demonstration only - not real student data,1,1,0,0,0,ai_detection_tool,AI detection fairness stress test
STUD00221,Male,Business,Low,High,Yes,3.56,Yes,0.474,0.609,0.691,0.731,Yes,Yes,No,No,No,No,No,Synthetic demonstration only - not real student data,1,1,0,0,0,ai_detection_tool,AI detection fairness stress test
STUD00222,Male,Arts & Humanities,Medium,Low,No,2.25,No,0.663,0.353,0.369,0.413,No,No,No,No,No,No,No,Synthetic demonstration only - not real student data,0,0,0,0,0,ai_detection_tool,AI detection fairness stress test
STUD00223,Male,STEM,High,High,Yes,3.99,Yes,0.32,0.885,0.636,0.76,Yes,Yes,Yes,No,No,No,No,Synthetic demonstration only - not real student data,1,1,0,0,0,ai_detection_tool,AI detection fairness stress test
STUD00224,Female,Education,Low,Medium,No,1.88,Yes,0.753,0.752,0.566,0.75,Yes,Yes,Yes,No,No,No,No,Synthetic demonstration only - not real student data,1,1,0,0,0,ai_detection_tool,AI detection fairness stress test
STUD00225,Male,STEM,Low,Medium,No,3.32,No,0.406,0.668,0.648,0.34,No,No,No,No,No,No,No,Synthetic demonstration only - not real student data,0,0,0,0,0,ai_detection_tool,AI detection fairness stress test
STUD00226,Female,STEM,High,High,No,4.48,No,0.51,0.274,0.469,0.36,No,No,No,No,No,No,No,Synthetic demonstration only - not real student data,0,0,0,0,0,ai_detection_tool,AI detection fairness stress test
STUD00227,Male,STEM,Medium,Low,No,3.33,No,0.462,0.7,0.498,0.508,No,No,No,No,No,No,No,Synthetic demonstration only - not real student data,0,0,0,0,0,ai_detection_tool,AI detection fairness stress test
STUD00228,Female,Education,Medium,Low,Yes,2.81,Yes,0.435,0.56,0.556,0.664,Yes,Yes,Yes,No,No,No,No,Synthetic demonstration only - not real student data,1,1,0,0,0,ai_detection_tool,AI detection fairness stress test
STUD00229,Female,Social Sciences,Low,Medium,Yes,2.5,Yes,0.702,0.824,0.388,0.813,Yes,Yes,No,No,No,No,No,Synthetic demonstration only - not real student data,1,1,0,0,0,ai_detection_tool,AI detection fairness stress test
STUD00230,Male,STEM,Low,Medium,No,3.39,Yes,0.772,0.655,0.968,0.88,Yes,No,Yes,No,No,No,No,Synthetic demonstration only - not real student data,1,1,0,0,0,ai_detection_tool,AI detection fairness stress test
STUD00231,Female,Social Sciences,Low,Low,Yes,2.46,No,0.583,0,0.805,0.288,No,No,No,No,No,No,No,Synthetic demonstration only - not real student data,0,0,0,0,0,ai_detection_tool,AI detection fairness stress test
STUD00232,Female,Health,Medium,Medium,Yes,3.55,Yes,0.656,0.706,0.745,0.586,Yes,Yes,Yes,No,No,No,No,Synthetic demonstration only - not real student data,1,1,0,0,0,ai_detection_tool,AI detection fairness stress test
STUD00233,Female,Arts & Humanities,Low,High,Yes,3.42,Yes,0.721,0.6,0.39,0.722,Yes,No,Yes,Yes,No,No,No,Synthetic demonstration only - not real student data,1,1,0,0,0,ai_detection_tool,AI detection fairness stress test
STUD00234,Female,Arts & Humanities,Low,Medium,No,2.72,Yes,0.455,0.753,0.628,0.662,Yes,Yes,No,No,No,No,No,Synthetic demonstration only - not real student data,1,1,0,0,0,ai_detection_tool,AI detection fairness stress test
STUD00235,Female,STEM,High,High,Yes,4.03,Yes,0.422,0.588,0.512,0.667,Yes,Yes,Yes,No,No,No,No,Synthetic demonstration only - not real student data,1,1,0,0,0,ai_detection_tool,AI detection fairness stress test
STUD00236,Female,STEM,High,High,Yes,4.94,Yes,0.466,0.732,0.401,0.619,Yes,Yes,Yes,No,No,No,No,Synthetic demonstration only - not real student data,1,1,0,0,0,ai_detection_tool,AI detection fairness stress test
STUD00237,Female,Business,Low,Low,No,3.23,No,0.568,0.287,0.728,0.285,No,No,No,No,No,No,No,Synthetic demonstration only - not real student data,0,0,0,0,0,ai_detection_tool,AI detection fairness stress test
STUD00238,Female,STEM,High,Low,No,2.58,No,0.612,0.077,0.863,0.266,No,No,No,No,No,No,No,Synthetic demonstration only - not real student data,0,0,0,0,0,ai_detection_tool,AI detection fairness stress test
STUD00239,Female,Arts & Humanities,High,Medium,No,2.89,Yes,0.665,0.722,1,0.753,Yes,No,Yes,No,No,No,No,Synthetic demonstration only - not real student data,1,1,0,0,0,ai_detection_tool,AI detection fairness stress test
STUD00240,Non-disclosed,Social Sciences,Medium,Low,Yes,2.33,No,0.687,0.305,0.747,0.328,No,No,No,No,No,No,No,Synthetic demonstration only - not real student data,0,0,0,0,0,ai_detection_tool,AI detection fairness stress test
STUD00241,Male,Health,High,Medium,No,4.09,No,0.712,0.273,0.173,0.499,No,No,No,No,No,No,No,Synthetic demonstration only - not real student data,0,0,0,0,0,ai_detection_tool,AI detection fairness stress test
STUD00242,Male,Business,Low,Medium,No,3.58,No,0.383,0.386,0.472,0.29,No,No,No,No,No,No,No,Synthetic demonstration only - not real student data,0,0,0,0,0,ai_detection_tool,AI detection fairness stress test
STUD00243,Female,Business,Low,Medium,No,3.0,No,0.601,0.632,0.38,0.352,No,No,No,No,No,No,No,Synthetic demonstration only - not real student data,0,0,0,0,0,ai_detection_tool,AI detection fairness stress test
STUD00244,Male,Social Sciences,High,High,No,4.37,No,0.332,0.685,0.484,0.36,No,No,No,No,No,No,No,Synthetic demonstration only - not real student data,0,0,0,0,0,ai_detection_tool,AI detection fairness stress test
STUD00245,Female,STEM,High,Low,No,3.56,Yes,0.463,0.836,0.576,1,Yes,Yes,Yes,Yes,No,No,No,Synthetic demonstration only - not real student data,1,1,0,0,0,ai_detection_tool,AI detection fairness stress test
STUD00246,Male,STEM,High,High,No,3.76,Yes,0.934,0.696,0.869,0.763,Yes,No,No,No,No,No,No,Synthetic demonstration only - not real student data,1,1,0,0,0,ai_detection_tool,AI detection fairness stress test
STUD00247,Female,Arts & Humanities,Low,High,No,3.59,Yes,1,0.759,0.579,0.738,Yes,No,Yes,No,No,No,No,Synthetic demonstration only - not real student data,1,1,0,0,0,ai_detection_tool,AI detection fairness stress test
STUD00248,Female,STEM,Low,Low,Yes,1.45,No,0.514,0,0.777,0.167,No,No,No,No,No,No,No,Synthetic demonstration only - not real student data,0,0,0,0,0,ai_detection_tool,AI detection fairness stress test
STUD00249,Female,Arts & Humanities,Medium,Low,No,1.92,Yes,0.402,0.869,0.785,0.788,Yes,No,Yes,Yes,No,No,No,Synthetic demonstration only - not real student data,1,1,0,0,0,ai_detection_tool,AI detection fairness stress test
STUD00250,Male,Business,Low,High,No,4.5,No,0.48,0.434,0.651,0.24,No,No,No,No,No,No,No,Synthetic demonstration only - not real student data,0,0,0,0,0,ai_detection_tool,AI detection fairness stress test
STUD00251,Male,STEM,Low,Low,Yes,2.51,No,0.318,0.318,0.766,0.283,No,No,No,No,No,No,No,Synthetic demonstration only - not real student data,0,0,0,0,0,ai_detection_tool,AI detection fairness stress test
STUD00252,Male,Education,Medium,Low,No,3.21,No,0.406,0.157,0.563,0.294,No,No,No,No,No,No,No,Synthetic demonstration only - not real student data,0,0,0,0,0,ai_detection_tool,AI detection fairness stress test
STUD00253,Female,Business,High,Low,Yes,2.05,No,0.671,0.488,0.742,0.475,No,No,No,No,No,No,No,Synthetic demonstration only - not real student data,0,0,0,0,0,ai_detection_tool,AI detection fairness stress test
STUD00254,Female,Arts & Humanities,Medium,Low,Yes,3.74,No,0.887,0.425,0.582,0.365,No,No,No,No,No,No,No,Synthetic demonstration only - not real student data,0,0,0,0,0,ai_detection_tool,AI detection fairness stress test
STUD00255,Female,Arts & Humanities,Medium,High,No,4.25,Yes,0.351,0.416,0.55,0.406,No,No,No,No,No,No,Yes,Synthetic demonstration only - not real student data,1,0,0,1,0,ai_detection_tool,AI detection fairness stress test
STUD00256,Female,STEM,Medium,High,Yes,3.81,No,0.635,0.216,0.554,0.202,No,No,No,No,No,No,No,Synthetic demonstration only - not real student data,0,0,0,0,0,ai_detection_tool,AI detection fairness stress test
STUD00257,Male,STEM,High,High,No,4.73,No,0.64,0,0.794,0.028,No,No,No,No,No,No,No,Synthetic demonstration only - not real student data,0,0,0,0,0,ai_detection_tool,AI detection fairness stress test
STUD00258,Female,Social Sciences,Low,High,Yes,2.57,Yes,0.581,0.817,0.347,0.829,Yes,Yes,No,No,No,No,No,Synthetic demonstration only - not real student data,1,1,0,0,0,ai_detection_tool,AI detection fairness stress test
STUD00259,Male,Business,Low,Medium,No,3.48,No,0.141,0.316,0.518,0.213,No,No,No,No,No,No,No,Synthetic demonstration only - not real student data,0,0,0,0,0,ai_detection_tool,AI detection fairness stress test
STUD00260,Female,Arts & Humanities,Medium,Medium,No,3.83,Yes,0.586,0.743,0.415,0.661,Yes,Yes,No,No,No,No,No,Synthetic demonstration only - not real student data,1,1,0,0,0,ai_detection_tool,AI detection fairness stress test
STUD00261,Female,Business,High,Medium,No,4.39,Yes,0.557,0.627,0.836,0.693,Yes,No,Yes,No,No,No,No,Synthetic demonstration only - not real student data,1,1,0,0,0,ai_detection_tool,AI detection fairness stress test
STUD00262,Female,Education,Medium,Low,No,2.22,Yes,0.592,0.881,0.613,0.631,Yes,No,Yes,No,No,No,No,Synthetic demonstration only - not real student data,1,1,0,0,0,ai_detection_tool,AI detection fairness stress test
STUD00263,Female,Business,Low,Medium,No,3.01,Yes,0.493,0.802,0.333,0.77,Yes,No,Yes,No,No,No,No,Synthetic demonstration only - not real student data,1,1,0,0,0,ai_detection_tool,AI detection fairness stress test
STUD00264,Male,Business,Low,Medium,Yes,4.12,Yes,0.477,0.608,0.864,0.581,Yes,Yes,Yes,No,No,No,No,Synthetic demonstration only - not real student data,1,1,0,0,0,ai_detection_tool,AI detection fairness stress test
STUD00265,Male,Arts & Humanities,Medium,Medium,Yes,2.04,No,0.458,0.244,0.404,0.271,No,No,No,No,No,No,No,Synthetic demonstration only - not real student data,0,0,0,0,0,ai_detection_tool,AI detection fairness stress test
STUD00266,Female,Health,Low,Medium,No,3.56,No,0.503,0.368,0.545,0.508,No,No,No,No,No,No,No,Synthetic demonstration only - not real student data,0,0,0,0,0,ai_detection_tool,AI detection fairness stress test
STUD00267,Female,Social Sciences,Medium,Medium,Yes,2.76,No,0.739,0.256,0.319,0.277,No,No,No,No,No,No,No,Synthetic demonstration only - not real student data,0,0,0,0,0,ai_detection_tool,AI detection fairness stress test
STUD00268,Male,Arts & Humanities,Medium,High,No,4.28,No,0.577,0.498,1,0.422,No,No,No,No,No,No,No,Synthetic demonstration only - not real student data,0,0,0,0,0,ai_detection_tool,AI detection fairness stress test
STUD00269,Male,Education,Medium,Medium,No,3.44,No,0.607,0.599,0.358,0.412,No,No,No,No,No,No,No,Synthetic demonstration only - not real student data,0,0,0,0,0,ai_detection_tool,AI detection fairness stress test
STUD00270,Male,Arts & Humanities,Medium,High,No,3.27,Yes,0.462,0.783,0.906,0.755,Yes,Yes,Yes,No,No,No,No,Synthetic demonstration only - not real student data,1,1,0,0,0,ai_detection_tool,AI detection fairness stress test
STUD00271,Female,Arts & Humanities,High,Medium,No,1.95,No,0.586,0.448,0.47,0.386,No,No,No,No,No,No,No,Synthetic demonstration only - not real student data,0,0,0,0,0,ai_detection_tool,AI detection fairness stress test
STUD00272,Female,Health,Low,Medium,No,3.1,Yes,0.647,0.735,0.624,0.651,Yes,Yes,Yes,No,No,No,No,Synthetic demonstration only - not real student data,1,1,0,0,0,ai_detection_tool,AI detection fairness stress test
STUD00273,Female,Education,High,Medium,No,3.43,No,0.499,0.078,0.549,0.158,No,No,No,No,No,No,No,Synthetic demonstration only - not real student data,0,0,0,0,0,ai_detection_tool,AI detection fairness stress test
STUD00274,Female,Education,Low,Low,Yes,2.72,No,0.707,0.238,0.504,0.517,No,No,No,No,No,No,No,Synthetic demonstration only - not real student data,0,0,0,0,0,ai_detection_tool,AI detection fairness stress test
STUD00275,Male,Business,Low,Medium,No,3.92,No,0.524,0.505,0.817,0.101,No,No,No,No,No,No,No,Synthetic demonstration only - not real student data,0,0,0,0,0,ai_detection_tool,AI detection fairness stress test
STUD00276,Female,Health,Medium,Medium,No,3.12,No,0.624,0.403,0.529,0.326,No,No,No,No,No,No,No,Synthetic demonstration only - not real student data,0,0,0,0,0,ai_detection_tool,AI detection fairness stress test
STUD00277,Female,Education,Medium,Low,No,2.51,No,0.766,0.432,0.678,0.316,No,No,No,No,No,No,No,Synthetic demonstration only - not real student data,0,0,0,0,0,ai_detection_tool,AI detection fairness stress test
STUD00278,Male,STEM,Medium,Medium,No,3.34,Yes,0.921,0.341,0.417,0.931,Yes,Yes,Yes,No,No,No,No,Synthetic demonstration only - not real student data,1,1,0,0,0,ai_detection_tool,AI detection fairness stress test
STUD00279,Male,Business,Medium,Medium,Yes,3.46,Yes,0.347,0.515,0.894,0.903,Yes,Yes,Yes,Yes,No,No,No,Synthetic demonstration only - not real student data,1,1,0,0,0,ai_detection_tool,AI detection fairness stress test
STUD00280,Male,Arts & Humanities,Medium,Low,Yes,3.31,No,0.466,0.28,0.779,0.453,No,No,No,No,No,No,No,Synthetic demonstration only - not real student data,0,0,0,0,0,ai_detection_tool,AI detection fairness stress test
STUD00281,Male,STEM,Medium,High,Yes,3.82,No,0.506,0.619,0.796,0.34,No,No,No,No,No,No,No,Synthetic demonstration only - not real student data,0,0,0,0,0,ai_detection_tool,AI detection fairness stress test
STUD00282,Female,Business,Low,Low,No,2.57,No,0.481,0.21,0.754,0.334,No,No,No,No,No,No,No,Synthetic demonstration only - not real student data,0,0,0,0,0,ai_detection_tool,AI detection fairness stress test
STUD00283,Female,Social Sciences,Low,Low,No,3.38,No,0.432,0.369,0.613,0.158,No,No,No,No,No,No,No,Synthetic demonstration only - not real student data,0,0,0,0,0,ai_detection_tool,AI detection fairness stress test
STUD00284,Female,Business,High,Low,Yes,2.57,No,0.64,0.385,0.765,0.374,No,No,No,No,No,No,No,Synthetic demonstration only - not real student data,0,0,0,0,0,ai_detection_tool,AI detection fairness stress test
STUD00285,Male,STEM,Low,High,No,5,No,0.609,0.498,0.699,0.134,No,No,No,No,No,No,No,Synthetic demonstration only - not real student data,0,0,0,0,0,ai_detection_tool,AI detection fairness stress test
STUD00286,Male,STEM,Low,High,Yes,4.3,No,0.538,0.577,0.811,0.117,No,No,No,No,No,No,No,Synthetic demonstration only - not real student data,0,0,0,0,0,ai_detection_tool,AI detection fairness stress test
STUD00287,Male,Health,Medium,Low,Yes,3.36,No,0.527,0.103,0.445,0.243,No,No,No,No,No,No,No,Synthetic demonstration only - not real student data,0,0,0,0,0,ai_detection_tool,AI detection fairness stress test
STUD00288,Female,Business,Medium,Low,No,2.13,No,0.765,0.577,0.691,0.486,No,No,No,No,No,No,No,Synthetic demonstration only - not real student data,0,0,0,0,0,ai_detection_tool,AI detection fairness stress test
STUD00289,Female,Business,Medium,Low,No,2.59,No,0.311,0.551,0.513,0.289,No,No,No,No,No,No,No,Synthetic demonstration only - not real student data,0,0,0,0,0,ai_detection_tool,AI detection fairness stress test
STUD00290,Male,STEM,Low,High,Yes,4.62,No,0.331,0.62,0.121,0.192,No,No,No,No,No,No,No,Synthetic demonstration only - not real student data,0,0,0,0,0,ai_detection_tool,AI detection fairness stress test
STUD00291,Female,Health,High,Low,No,2.82,No,0.474,0.353,1,0.394,No,No,No,No,No,No,No,Synthetic demonstration only - not real student data,0,0,0,0,0,ai_detection_tool,AI detection fairness stress test
STUD00292,Male,Business,Medium,Medium,No,3.69,No,0.628,0.252,0.705,0.366,No,No,No,No,No,No,No,Synthetic demonstration only - not real student data,0,0,0,0,0,ai_detection_tool,AI detection fairness stress test
STUD00293,Male,STEM,Medium,Medium,Yes,4.29,No,0.678,0.32,0.822,0.33,No,No,No,No,No,No,No,Synthetic demonstration only - not real student data,0,0,0,0,0,ai_detection_tool,AI detection fairness stress test
STUD00294,Male,STEM,Low,Low,No,3.78,No,0.388,0.214,0.393,0.129,No,No,No,No,No,No,No,Synthetic demonstration only - not real student data,0,0,0,0,0,ai_detection_tool,AI detection fairness stress test
STUD00295,Female,Health,Medium,Low,No,3.03,No,0.491,0.316,0.497,0.371,No,No,No,No,No,No,No,Synthetic demonstration only - not real student data,0,0,0,0,0,ai_detection_tool,AI detection fairness stress test
STUD00296,Male,Health,Medium,Low,Yes,3.31,No,0.422,0.433,0.676,0.131,No,No,No,No,No,No,No,Synthetic demonstration only - not real student data,0,0,0,0,0,ai_detection_tool,AI detection fairness stress test
STUD00297,Female,Arts & Humanities,High,High,No,3.85,No,0.427,0.508,0.524,0.15,No,No,No,No,No,No,No,Synthetic demonstration only - not real student data,0,0,0,0,0,ai_detection_tool,AI detection fairness stress test
STUD00298,Female,Social Sciences,Medium,High,Yes,3.61,No,0.733,0.607,0.608,0.281,No,No,No,No,No,No,No,Synthetic demonstration only - not real student data,0,0,0,0,0,ai_detection_tool,AI detection fairness stress test
STUD00299,Female,Arts & Humanities,Medium,High,Yes,5,No,0.594,0.373,1,0.389,No,No,No,No,No,No,No,Synthetic demonstration only - not real student data,0,0,0,0,0,ai_detection_tool,AI detection fairness stress test
STUD00300,Female,Arts & Humanities,Medium,Medium,Yes,2.92,No,0.802,0.198,0.854,0.217,No,No,No,No,No,No,No,Synthetic demonstration only - not real student data,0,0,0,0,0,ai_detection_tool,AI detection fairness stress test
STUD00301,Female,Health,Medium,Low,No,3.44,No,0.493,0.099,0.543,0.265,No,No,No,No,No,No,No,Synthetic demonstration only - not real student data,0,0,0,0,0,ai_detection_tool,AI detection fairness stress test
STUD00302,Female,Arts & Humanities,Medium,Medium,Yes,3.34,No,0.711,0.277,0.808,0.114,No,No,No,No,No,No,No,Synthetic demonstration only - not real student data,0,0,0,0,0,ai_detection_tool,AI detection fairness stress test
STUD00303,Male,STEM,Medium,Low,Yes,3.0,Yes,0.465,0.609,1,0.682,Yes,Yes,Yes,No,No,No,No,Synthetic demonstration only - not real student data,1,1,0,0,0,ai_detection_tool,AI detection fairness stress test
STUD00304,Female,Education,High,Medium,No,2.69,No,0.542,0.642,0.595,0.253,No,No,No,No,No,No,No,Synthetic demonstration only - not real student data,0,0,0,0,0,ai_detection_tool,AI detection fairness stress test
STUD00305,Male,Social Sciences,High,Medium,No,3.38,Yes,0.787,0.658,0.881,0.799,Yes,No,No,No,No,No,No,Synthetic demonstration only - not real student data,1,1,0,0,0,ai_detection_tool,AI detection fairness stress test
STUD00306,Male,Arts & Humanities,Medium,High,No,2.81,No,0.73,0.402,0.67,0.461,No,No,No,No,No,No,No,Synthetic demonstration only - not real student data,0,0,0,0,0,ai_detection_tool,AI detection fairness stress test
STUD00307,Female,STEM,Medium,Medium,No,2.73,No,0.491,0.376,0.711,0.264,No,No,No,No,No,No,No,Synthetic demonstration only - not real student data,0,0,0,0,0,ai_detection_tool,AI detection fairness stress test
STUD00308,Female,Business,High,Low,No,2.29,No,0.312,0.342,0.352,0.497,No,No,No,No,No,No,No,Synthetic demonstration only - not real student data,0,0,0,0,0,ai_detection_tool,AI detection fairness stress test
STUD00309,Female,Business,Low,Low,No,1.65,Yes,0.62,0.629,0.753,0.722,Yes,Yes,No,No,No,No,No,Synthetic demonstration only - not real student data,1,1,0,0,0,ai_detection_tool,AI detection fairness stress test
STUD00310,Male,Social Sciences,High,High,Yes,4.79,No,0.313,0.539,0.431,0.189,No,No,No,No,No,No,No,Synthetic demonstration only - not real student data,0,0,0,0,0,ai_detection_tool,AI detection fairness stress test
STUD00311,Male,Arts & Humanities,High,Medium,No,3.09,Yes,0.731,0.897,0.453,0.667,Yes,Yes,Yes,No,No,No,No,Synthetic demonstration only - not real student data,1,1,0,0,0,ai_detection_tool,AI detection fairness stress test
STUD00312,Female,Arts & Humanities,Low,High,No,4.28,No,0.659,0.433,0.401,0.132,No,No,No,No,No,No,No,Synthetic demonstration only - not real student data,0,0,0,0,0,ai_detection_tool,AI detection fairness stress test
STUD00313,Male,Business,Medium,Low,No,4.11,No,0.479,0.561,0.44,0.439,No,No,No,No,No,No,No,Synthetic demonstration only - not real student data,0,0,0,0,0,ai_detection_tool,AI detection fairness stress test
STUD00314,Female,STEM,High,Low,No,3.24,No,0.537,0.445,0.356,0.486,No,No,No,No,No,No,No,Synthetic demonstration only - not real student data,0,0,0,0,0,ai_detection_tool,AI detection fairness stress test
STUD00315,Female,STEM,Medium,Medium,No,2.25,No,0.338,0.362,0.483,0.328,No,No,No,No,No,No,No,Synthetic demonstration only - not real student data,0,0,0,0,0,ai_detection_tool,AI detection fairness stress test
STUD00316,Male,STEM,High,Low,No,3.02,No,0.424,0.186,0.455,0.269,No,No,No,No,No,No,No,Synthetic demonstration only - not real student data,0,0,0,0,0,ai_detection_tool,AI detection fairness stress test
STUD00317,Female,Health,High,Medium,Yes,2.56,No,0.242,0.361,0.448,0.414,No,No,No,No,No,No,No,Synthetic demonstration only - not real student data,0,0,0,0,0,ai_detection_tool,AI detection fairness stress test
STUD00318,Male,STEM,Medium,Low,No,2.74,No,0.43,0.565,0.686,0.282,No,No,No,No,No,No,No,Synthetic demonstration only - not real student data,0,0,0,0,0,ai_detection_tool,AI detection fairness stress test
STUD00319,Female,Health,Low,Medium,Yes,3.12,Yes,0.469,0.75,0.365,0.921,Yes,No,Yes,No,No,No,No,Synthetic demonstration only - not real student data,1,1,0,0,0,ai_detection_tool,AI detection fairness stress test
STUD00320,Female,STEM,Medium,Low,No,1.29,No,0.682,0.488,0.752,0.474,No,No,No,No,No,No,No,Synthetic demonstration only - not real student data,0,0,0,0,0,ai_detection_tool,AI detection fairness stress test
STUD00321,Male,STEM,Medium,Medium,Yes,2.83,Yes,0.456,0.596,0.874,0.782,Yes,Yes,No,No,No,No,No,Synthetic demonstration only - not real student data,1,1,0,0,0,ai_detection_tool,AI detection fairness stress test
STUD00322,Female,Education,Medium,Low,No,2.51,No,0.434,0.429,0.444,0.334,No,No,No,No,No,No,No,Synthetic demonstration only - not real student data,0,0,0,0,0,ai_detection_tool,AI detection fairness stress test
STUD00323,Male,Education,Low,High,Yes,3.84,Yes,0.893,0.736,0.716,0.713,Yes,Yes,Yes,No,No,No,No,Synthetic demonstration only - not real student data,1,1,0,0,0,ai_detection_tool,AI detection fairness stress test
STUD00324,Male,Business,High,Medium,No,3.69,No,0.444,0.46,0.591,0.108,No,No,No,No,No,No,No,Synthetic demonstration only - not real student data,0,0,0,0,0,ai_detection_tool,AI detection fairness stress test
STUD00325,Female,Arts & Humanities,Medium,Medium,No,2.39,No,0.335,0.312,0.479,0.152,No,No,No,No,No,No,No,Synthetic demonstration only - not real student data,0,0,0,0,0,ai_detection_tool,AI detection fairness stress test
STUD00326,Female,Social Sciences,High,Medium,No,3.14,No,0.529,0.462,0.485,0.334,No,No,No,No,No,No,No,Synthetic demonstration only - not real student data,0,0,0,0,0,ai_detection_tool,AI detection fairness stress test
STUD00327,Female,STEM,High,Low,Yes,1.95,Yes,0.593,0.742,0.681,0.76,Yes,No,Yes,No,No,No,No,Synthetic demonstration only - not real student data,1,1,0,0,0,ai_detection_tool,AI detection fairness stress test
STUD00328,Male,STEM,Medium,High,No,3.34,No,0.365,0.415,0.731,0.166,No,No,No,No,No,No,No,Synthetic demonstration only - not real student data,0,0,0,0,0,ai_detection_tool,AI detection fairness stress test
STUD00329,Female,Education,Medium,Medium,No,2.69,Yes,0.519,0.851,0.75,0.775,Yes,Yes,No,No,No,No,No,Synthetic demonstration only - not real student data,1,1,0,0,0,ai_detection_tool,AI detection fairness stress test
STUD00330,Female,Business,Medium,High,Yes,4.01,Yes,0.583,0.796,0.719,0.702,Yes,Yes,Yes,Yes,No,No,No,Synthetic demonstration only - not real student data,1,1,0,0,0,ai_detection_tool,AI detection fairness stress test
STUD00331,Female,Arts & Humanities,Low,Low,Yes,3.2,No,0.584,0.568,0.654,0.351,No,No,No,No,No,No,No,Synthetic demonstration only - not real student data,0,0,0,0,0,ai_detection_tool,AI detection fairness stress test
STUD00332,Female,Arts & Humanities,High,High,Yes,3.3,No,0.411,0.272,0.669,0.172,No,No,No,No,No,No,No,Synthetic demonstration only - not real student data,0,0,0,0,0,ai_detection_tool,AI detection fairness stress test
STUD00333,Male,STEM,Medium,High,Yes,3.7,Yes,0.498,0.788,0.776,0.801,Yes,Yes,Yes,Yes,No,No,No,Synthetic demonstration only - not real student data,1,1,0,0,0,ai_detection_tool,AI detection fairness stress test
STUD00334,Male,STEM,Medium,High,Yes,3.51,Yes,0.709,0.859,0.88,0.514,No,No,No,No,No,No,Yes,Synthetic demonstration only - not real student data,1,0,0,1,0,ai_detection_tool,AI detection fairness stress test
STUD00335,Male,Arts & Humanities,Medium,Medium,Yes,3.09,No,0.618,0.416,0.449,0.166,No,No,No,No,No,No,No,Synthetic demonstration only - not real student data,0,0,0,0,0,ai_detection_tool,AI detection fairness stress test
STUD00336,Male,Arts & Humanities,Low,Low,No,2.28,No,0.683,0.235,0.682,0.233,No,No,No,No,No,No,No,Synthetic demonstration only - not real student data,0,0,0,0,0,ai_detection_tool,AI detection fairness stress test
STUD00337,Female,Health,Medium,Medium,Yes,4.0,No,0.571,0.323,0.776,0.373,No,No,No,No,No,No,No,Synthetic demonstration only - not real student data,0,0,0,0,0,ai_detection_tool,AI detection fairness stress test
STUD00338,Female,Education,Medium,Medium,Yes,3.83,No,0.565,0.225,0.664,0.127,No,No,No,No,No,No,No,Synthetic demonstration only - not real student data,0,0,0,0,0,ai_detection_tool,AI detection fairness stress test
STUD00339,Female,Arts & Humanities,Low,Low,Yes,2.06,No,0.389,0.196,0.368,0.15,No,No,No,No,No,No,No,Synthetic demonstration only - not real student data,0,0,0,0,0,ai_detection_tool,AI detection fairness stress test
STUD00340,Female,Business,Low,Medium,No,3.23,No,0.495,0.294,0.568,0.272,No,No,No,No,No,No,No,Synthetic demonstration only - not real student data,0,0,0,0,0,ai_detection_tool,AI detection fairness stress test
STUD00341,Female,STEM,Medium,High,Yes,3.65,Yes,0.624,0.387,1,0.52,No,No,No,No,No,No,Yes,Synthetic demonstration only - not real student data,1,0,0,1,0,ai_detection_tool,AI detection fairness stress test
STUD00342,Male,Business,High,High,No,3.73,Yes,0.59,0.919,0.679,0.659,Yes,Yes,Yes,No,No,No,No,Synthetic demonstration only - not real student data,1,1,0,0,0,ai_detection_tool,AI detection fairness stress test
STUD00343,Female,STEM,Low,Low,Yes,3.56,No,1,0.239,0.764,0.233,No,No,No,No,No,No,No,Synthetic demonstration only - not real student data,0,0,0,0,0,ai_detection_tool,AI detection fairness stress test
STUD00344,Male,STEM,Medium,Low,No,2.6,No,0.282,0.645,0.509,0.518,No,No,No,No,No,No,No,Synthetic demonstration only - not real student data,0,0,0,0,0,ai_detection_tool,AI detection fairness stress test
STUD00345,Female,Social Sciences,Low,Medium,Yes,3.1,Yes,0.678,0.916,0.594,1,Yes,Yes,Yes,No,No,No,No,Synthetic demonstration only - not real student data,1,1,0,0,0,ai_detection_tool,AI detection fairness stress test
STUD00346,Male,Business,High,High,No,3.89,Yes,0.314,0.759,0.718,0.7,Yes,Yes,No,No,No,No,No,Synthetic demonstration only - not real student data,1,1,0,0,0,ai_detection_tool,AI detection fairness stress test
STUD00347,Non-disclosed,Health,Low,Low,No,2.31,No,0.518,0.331,0.63,0.207,No,No,No,No,No,No,No,Synthetic demonstration only - not real student data,0,0,0,0,0,ai_detection_tool,AI detection fairness stress test
STUD00348,Female,Social Sciences,Medium,Medium,No,1.98,Yes,0.829,0.586,0.809,0.671,Yes,Yes,No,No,No,No,No,Synthetic demonstration only - not real student data,1,1,0,0,0,ai_detection_tool,AI detection fairness stress test
STUD00349,Male,STEM,Low,Low,No,3.02,No,0.583,0.231,0.313,0.162,No,No,No,No,No,No,No,Synthetic demonstration only - not real student data,0,0,0,0,0,ai_detection_tool,AI detection fairness stress test
STUD00350,Male,STEM,Medium,Medium,No,2.83,No,0.777,0.198,0.032,0.335,No,No,No,No,No,No,No,Synthetic demonstration only - not real student data,0,0,0,0,0,ai_detection_tool,AI detection fairness stress test
STUD00351,Male,STEM,Medium,Medium,Yes,3.78,No,0.386,0.23,0.617,0.219,No,No,No,No,No,No,No,Synthetic demonstration only - not real student data,0,0,0,0,0,ai_detection_tool,AI detection fairness stress test
STUD00352,Non-disclosed,Health,Medium,Medium,Yes,2.73,Yes,0.436,0.595,0.594,0.646,Yes,Yes,Yes,No,No,No,No,Synthetic demonstration only - not real student data,1,1,0,0,0,ai_detection_tool,AI detection fairness stress test
STUD00353,Male,STEM,Low,Medium,No,2.51,Yes,0.746,0.694,0.716,0.674,Yes,Yes,Yes,No,No,No,No,Synthetic demonstration only - not real student data,1,1,0,0,0,ai_detection_tool,AI detection fairness stress test
STUD00354,Female,Business,High,Low,Yes,2.44,No,0.644,0.488,0.97,0.352,No,No,No,No,No,No,No,Synthetic demonstration only - not real student data,0,0,0,0,0,ai_detection_tool,AI detection fairness stress test
STUD00355,Male,Health,Medium,High,No,3.5,No,0.453,0.686,0.672,0.145,No,No,No,No,No,No,No,Synthetic demonstration only - not real student data,0,0,0,0,0,ai_detection_tool,AI detection fairness stress test
STUD00356,Female,Business,Medium,Medium,No,3.18,Yes,0.601,0.669,0.941,0.489,No,No,No,No,No,No,Yes,Synthetic demonstration only - not real student data,1,0,0,1,0,ai_detection_tool,AI detection fairness stress test
STUD00357,Female,Arts & Humanities,Low,Medium,No,2.3,No,0.789,0.353,0.173,0.282,No,No,No,No,No,No,No,Synthetic demonstration only - not real student data,0,0,0,0,0,ai_detection_tool,AI detection fairness stress test
STUD00358,Male,STEM,High,Low,Yes,3.51,No,0.28,0.203,0.716,0.287,No,No,No,No,No,No,No,Synthetic demonstration only - not real student data,0,0,0,0,0,ai_detection_tool,AI detection fairness stress test
STUD00359,Female,Business,Low,Low,No,2.26,No,0.692,0.2,0.731,0.441,No,No,No,No,No,No,No,Synthetic demonstration only - not real student data,0,0,0,0,0,ai_detection_tool,AI detection fairness stress test
STUD00360,Female,STEM,Medium,Medium,No,2.91,No,0.605,0.424,0.602,0.335,No,No,No,No,No,No,No,Synthetic demonstration only - not real student data,0,0,0,0,0,ai_detection_tool,AI detection fairness stress test
STUD00361,Male,Business,Medium,Low,No,3.44,Yes,0.582,0.434,0.32,0.703,Yes,Yes,No,No,No,No,No,Synthetic demonstration only - not real student data,1,1,0,0,0,ai_detection_tool,AI detection fairness stress test
STUD00362,Female,Education,Medium,Low,No,2.96,No,0.09,0.391,0.411,0.293,No,No,No,No,No,No,No,Synthetic demonstration only - not real student data,0,0,0,0,0,ai_detection_tool,AI detection fairness stress test
STUD00363,Female,Social Sciences,Low,Medium,No,2.27,No,0.433,0.168,0.512,0.221,No,No,No,No,No,No,No,Synthetic demonstration only - not real student data,0,0,0,0,0,ai_detection_tool,AI detection fairness stress test
STUD00364,Male,Health,Medium,Medium,Yes,4.11,Yes,0.854,0.66,0.795,0.66,Yes,Yes,Yes,No,No,No,No,Synthetic demonstration only - not real student data,1,1,0,0,0,ai_detection_tool,AI detection fairness stress test
STUD00365,Male,Business,Medium,Low,Yes,3.01,No,0.579,0.166,0.742,0.22,No,No,No,No,No,No,No,Synthetic demonstration only - not real student data,0,0,0,0,0,ai_detection_tool,AI detection fairness stress test
STUD00366,Male,Business,Low,Medium,No,3.64,Yes,0.552,0.332,0.727,0.488,No,No,No,No,No,No,Yes,Synthetic demonstration only - not real student data,1,0,0,1,0,ai_detection_tool,AI detection fairness stress test
STUD00367,Female,Health,Medium,High,No,3.82,No,0.641,0.342,0.453,0.22,No,No,No,No,No,No,No,Synthetic demonstration only - not real student data,0,0,0,0,0,ai_detection_tool,AI detection fairness stress test
STUD00368,Female,STEM,Low,Medium,Yes,2.61,Yes,0.504,0.424,0.711,0.741,Yes,Yes,Yes,No,No,No,No,Synthetic demonstration only - not real student data,1,1,0,0,0,ai_detection_tool,AI detection fairness stress test
STUD00369,Male,Social Sciences,High,Medium,Yes,4.59,Yes,0.312,0.669,0.632,0.645,Yes,No,Yes,No,No,No,No,Synthetic demonstration only - not real student data,1,1,0,0,0,ai_detection_tool,AI detection fairness stress test
STUD00370,Female,Health,Medium,Low,No,2.58,No,0.694,0.365,0.579,0.218,No,No,No,No,No,No,No,Synthetic demonstration only - not real student data,0,0,0,0,0,ai_detection_tool,AI detection fairness stress test
STUD00371,Non-disclosed,Arts & Humanities,Low,Medium,Yes,2.82,No,0.606,0.266,0.602,0.241,No,No,No,No,No,No,No,Synthetic demonstration only - not real student data,0,0,0,0,0,ai_detection_tool,AI detection fairness stress test
STUD00372,Male,Education,Low,Medium,No,3.07,No,0.584,0.485,0.782,0.453,No,No,No,No,No,No,No,Synthetic demonstration only - not real student data,0,0,0,0,0,ai_detection_tool,AI detection fairness stress test
STUD00373,Female,STEM,Medium,Medium,No,2.86,Yes,0.57,0.835,0.766,1,Yes,Yes,Yes,No,No,No,No,Synthetic demonstration only - not real student data,1,1,0,0,0,ai_detection_tool,AI detection fairness stress test
STUD00374,Male,Health,Low,Low,No,1.92,No,0.532,0.059,0.441,0.298,No,No,No,No,No,No,No,Synthetic demonstration only - not real student data,0,0,0,0,0,ai_detection_tool,AI detection fairness stress test
STUD00375,Male,STEM,High,Low,No,2.65,No,0.571,0.366,0.658,0.209,No,No,No,No,No,No,No,Synthetic demonstration only - not real student data,0,0,0,0,0,ai_detection_tool,AI detection fairness stress test
STUD00376,Female,Education,Medium,High,Yes,4.46,Yes,0.525,0.822,0.695,0.729,Yes,Yes,Yes,No,No,No,No,Synthetic demonstration only - not real student data,1,1,0,0,0,ai_detection_tool,AI detection fairness stress test
STUD00377,Female,Education,Low,Medium,No,2.46,No,0.353,0.206,0.518,0.089,No,No,No,No,No,No,No,Synthetic demonstration only - not real student data,0,0,0,0,0,ai_detection_tool,AI detection fairness stress test
STUD00378,Female,Health,Medium,Low,Yes,2.22,No,0.783,0.552,0.682,0.535,No,No,No,No,No,No,No,Synthetic demonstration only - not real student data,0,0,0,0,0,ai_detection_tool,AI detection fairness stress test
STUD00379,Female,Arts & Humanities,Medium,High,Yes,3.45,Yes,0.523,0.665,0.657,0.785,Yes,Yes,No,No,No,No,No,Synthetic demonstration only - not real student data,1,1,0,0,0,ai_detection_tool,AI detection fairness stress test
STUD00380,Female,Health,Medium,Low,No,2.31,No,0.349,0.503,0.613,0.269,No,No,No,No,No,No,No,Synthetic demonstration only - not real student data,0,0,0,0,0,ai_detection_tool,AI detection fairness stress test
STUD00381,Female,STEM,High,Low,No,3.51,No,0.667,0.398,0.754,0.357,No,No,No,No,No,No,No,Synthetic demonstration only - not real student data,0,0,0,0,0,ai_detection_tool,AI detection fairness stress test
STUD00382,Female,Health,Low,Medium,No,3.81,No,0.291,0.437,0.631,0.23,No,No,No,No,No,No,No,Synthetic demonstration only - not real student data,0,0,0,0,0,ai_detection_tool,AI detection fairness stress test
STUD00383,Female,Business,Low,Low,No,1.78,No,0.572,0.463,0.541,0.231,No,No,No,No,No,No,No,Synthetic demonstration only - not real student data,0,0,0,0,0,ai_detection_tool,AI detection fairness stress test
STUD00384,Female,Health,Medium,Medium,Yes,3.85,No,0.67,0.329,0.81,0.253,No,No,No,No,No,No,No,Synthetic demonstration only - not real student data,0,0,0,0,0,ai_detection_tool,AI detection fairness stress test
STUD00385,Female,Health,Medium,High,Yes,4.15,Yes,0.554,0.762,1,0.919,Yes,Yes,Yes,No,No,No,No,Synthetic demonstration only - not real student data,1,1,0,0,0,ai_detection_tool,AI detection fairness stress test
STUD00386,Male,Social Sciences,Low,Low,Yes,3.01,Yes,0.498,0.757,0.735,1.0,Yes,Yes,Yes,No,No,No,No,Synthetic demonstration only - not real student data,1,1,0,0,0,ai_detection_tool,AI detection fairness stress test
STUD00387,Male,Health,Low,High,No,3.63,No,0.325,0.325,0.464,0.221,No,No,No,No,No,No,No,Synthetic demonstration only - not real student data,0,0,0,0,0,ai_detection_tool,AI detection fairness stress test
STUD00388,Female,STEM,Medium,Medium,No,2.2,Yes,0.738,0.436,0.668,0.874,Yes,Yes,Yes,No,No,No,No,Synthetic demonstration only - not real student data,1,1,0,0,0,ai_detection_tool,AI detection fairness stress test
STUD00389,Female,Business,Medium,Low,Yes,2.04,Yes,0.558,0.593,0.521,0.626,Yes,Yes,Yes,No,No,No,No,Synthetic demonstration only - not real student data,1,1,0,0,0,ai_detection_tool,AI detection fairness stress test
STUD00390,Female,STEM,Medium,Low,Yes,2.79,No,0.723,0.42,0.634,0.311,No,No,No,No,No,No,No,Synthetic demonstration only - not real student data,0,0,0,0,0,ai_detection_tool,AI detection fairness stress test
STUD00391,Female,Arts & Humanities,Medium,Medium,Yes,2.26,Yes,0.466,0.894,0.836,0.649,Yes,Yes,No,No,No,No,No,Synthetic demonstration only - not real student data,1,1,0,0,0,ai_detection_tool,AI detection fairness stress test
STUD00392,Female,Business,Medium,Low,Yes,3.82,No,0.781,0.314,0.814,0.339,No,No,No,No,No,No,No,Synthetic demonstration only - not real student data,0,0,0,0,0,ai_detection_tool,AI detection fairness stress test
STUD00393,Female,STEM,Low,High,Yes,3.51,Yes,0.247,1,0.848,0.941,Yes,No,Yes,No,No,No,No,Synthetic demonstration only - not real student data,1,1,0,0,0,ai_detection_tool,AI detection fairness stress test
STUD00394,Female,Arts & Humanities,Low,Low,No,1.77,No,0.478,0.313,0.26,0.385,No,No,No,No,No,No,No,Synthetic demonstration only - not real student data,0,0,0,0,0,ai_detection_tool,AI detection fairness stress test
STUD00395,Female,Health,Medium,Low,No,2.88,No,0.546,0.381,0.308,0.533,No,No,No,No,No,No,No,Synthetic demonstration only - not real student data,0,0,0,0,0,ai_detection_tool,AI detection fairness stress test
STUD00396,Female,Business,High,Low,No,2.96,No,0.839,0.366,0.473,0.314,No,No,No,No,No,No,No,Synthetic demonstration only - not real student data,0,0,0,0,0,ai_detection_tool,AI detection fairness stress test
STUD00397,Female,Social Sciences,Low,Low,No,1.94,No,0.58,0,0.657,0.378,No,No,No,No,No,No,No,Synthetic demonstration only - not real student data,0,0,0,0,0,ai_detection_tool,AI detection fairness stress test
STUD00398,Male,STEM,Low,Medium,Yes,3.47,Yes,0.477,0.582,0.91,0.67,Yes,Yes,No,No,No,No,No,Synthetic demonstration only - not real student data,1,1,0,0,0,ai_detection_tool,AI detection fairness stress test
STUD00399,Male,Social Sciences,Low,High,No,3.88,No,0.69,0.395,0.486,0.078,No,No,No,No,No,No,No,Synthetic demonstration only - not real student data,0,0,0,0,0,ai_detection_tool,AI detection fairness stress test
STUD00400,Male,Arts & Humanities,Low,Medium,Yes,4.51,No,0.761,0.308,0.502,0.301,No,No,No,No,No,No,No,Synthetic demonstration only - not real student data,0,0,0,0,0,ai_detection_tool,AI detection fairness stress test
STUD00401,Female,Arts & Humanities,High,High,Yes,3.53,Yes,0.453,1,0.687,0.94,Yes,No,Yes,No,No,No,No,Synthetic demonstration only - not real student data,1,1,0,0,0,ai_detection_tool,AI detection fairness stress test
STUD00402,Male,STEM,High,Medium,No,4.9,No,0.641,0.274,0.385,0.364,No,No,No,No,No,No,No,Synthetic demonstration only - not real student data,0,0,0,0,0,ai_detection_tool,AI detection fairness stress test
STUD00403,Male,Social Sciences,Medium,High,No,4.43,No,0.664,0.34,0.458,0.212,No,No,No,No,No,No,No,Synthetic demonstration only - not real student data,0,0,0,0,0,ai_detection_tool,AI detection fairness stress test
STUD00404,Female,Health,Medium,Medium,No,2.86,No,0.32,0.235,0.303,0.428,No,No,No,No,No,No,No,Synthetic demonstration only - not real student data,0,0,0,0,0,ai_detection_tool,AI detection fairness stress test
STUD00405,Male,STEM,Low,Low,No,3.36,No,0.532,0.309,0.014,0.346,No,No,No,No,No,No,No,Synthetic demonstration only - not real student data,0,0,0,0,0,ai_detection_tool,AI detection fairness stress test
STUD00406,Male,Social Sciences,Medium,High,Yes,3.86,Yes,0.643,0.863,0.983,0.794,Yes,Yes,Yes,No,No,No,No,Synthetic demonstration only - not real student data,1,1,0,0,0,ai_detection_tool,AI detection fairness stress test
STUD00407,Male,Business,High,Medium,No,2.99,No,0.497,0.859,0.707,0.26,No,No,No,No,No,No,No,Synthetic demonstration only - not real student data,0,0,0,0,0,ai_detection_tool,AI detection fairness stress test
STUD00408,Male,Business,Medium,Medium,Yes,3.47,Yes,0.451,0.736,0.794,0.607,Yes,Yes,Yes,Yes,No,No,No,Synthetic demonstration only - not real student data,1,1,0,0,0,ai_detection_tool,AI detection fairness stress test
STUD00409,Female,Education,Medium,Medium,Yes,3.33,No,0.189,0.482,0.76,0.198,No,No,No,No,No,No,No,Synthetic demonstration only - not real student data,0,0,0,0,0,ai_detection_tool,AI detection fairness stress test
STUD00410,Male,Arts & Humanities,Medium,Low,Yes,3.12,No,0.878,0.183,0.602,0.273,No,No,No,No,No,No,No,Synthetic demonstration only - not real student data,0,0,0,0,0,ai_detection_tool,AI detection fairness stress test
STUD00411,Female,Arts & Humanities,Medium,Medium,Yes,3.25,No,0.455,0.274,0.742,0.301,No,No,No,No,No,No,No,Synthetic demonstration only - not real student data,0,0,0,0,0,ai_detection_tool,AI detection fairness stress test
STUD00412,Male,Arts & Humanities,High,Low,Yes,1.73,No,0.52,0.392,0.643,0.207,No,No,No,No,No,No,No,Synthetic demonstration only - not real student data,0,0,0,0,0,ai_detection_tool,AI detection fairness stress test
STUD00413,Male,STEM,Low,Low,No,2.84,No,0.697,0.314,0.545,0.395,No,No,No,No,No,No,No,Synthetic demonstration only - not real student data,0,0,0,0,0,ai_detection_tool,AI detection fairness stress test
STUD00414,Male,Business,Low,Medium,No,3.08,Yes,0.307,0.599,0.316,0.632,Yes,Yes,Yes,No,No,No,No,Synthetic demonstration only - not real student data,1,1,0,0,0,ai_detection_tool,AI detection fairness stress test
STUD00415,Female,Education,High,Medium,Yes,3.38,Yes,0.536,0.758,0.942,0.588,Yes,Yes,No,No,No,No,No,Synthetic demonstration only - not real student data,1,1,0,0,0,ai_detection_tool,AI detection fairness stress test
STUD00416,Female,Arts & Humanities,High,Medium,Yes,2.56,Yes,0.534,0.768,0.873,0.802,Yes,Yes,Yes,Yes,No,No,No,Synthetic demonstration only - not real student data,1,1,0,0,0,ai_detection_tool,AI detection fairness stress test
STUD00417,Female,Arts & Humanities,Medium,Medium,No,3.86,No,0.764,0.552,0.533,0.265,No,No,No,No,No,No,No,Synthetic demonstration only - not real student data,0,0,0,0,0,ai_detection_tool,AI detection fairness stress test
STUD00418,Non-disclosed,Business,Low,Medium,No,1.55,No,0.469,0.443,0.349,0.259,No,No,No,No,No,No,No,Synthetic demonstration only - not real student data,0,0,0,0,0,ai_detection_tool,AI detection fairness stress test
STUD00419,Male,Business,Medium,Low,No,3.04,Yes,0.519,0.557,0.566,0.864,Yes,No,Yes,No,No,No,No,Synthetic demonstration only - not real student data,1,1,0,0,0,ai_detection_tool,AI detection fairness stress test
STUD00420,Male,Arts & Humanities,Low,Low,Yes,1.9,No,0.572,0.497,0.611,0.377,No,No,No,No,No,No,No,Synthetic demonstration only - not real student data,0,0,0,0,0,ai_detection_tool,AI detection fairness stress test
STUD00421,Male,STEM,Medium,High,Yes,4.36,Yes,0.688,0.554,0.346,0.759,Yes,Yes,No,No,No,No,No,Synthetic demonstration only - not real student data,1,1,0,0,0,ai_detection_tool,AI detection fairness stress test
STUD00422,Male,Business,High,Medium,Yes,2.8,No,0.629,0.271,0.595,0.178,No,No,No,No,No,No,No,Synthetic demonstration only - not real student data,0,0,0,0,0,ai_detection_tool,AI detection fairness stress test
STUD00423,Male,STEM,High,High,No,3.21,Yes,0.856,1,0.73,0.63,Yes,Yes,Yes,No,No,No,No,Synthetic demonstration only - not real student data,1,1,0,0,0,ai_detection_tool,AI detection fairness stress test
STUD00424,Male,Health,Medium,High,Yes,3.21,Yes,0.442,0.712,0.278,0.808,Yes,Yes,Yes,Yes,No,No,No,Synthetic demonstration only - not real student data,1,1,0,0,0,ai_detection_tool,AI detection fairness stress test
STUD00425,Male,Social Sciences,Low,Medium,No,2.98,No,0.6,0.36,0.332,0.338,No,No,No,No,No,No,No,Synthetic demonstration only - not real student data,0,0,0,0,0,ai_detection_tool,AI detection fairness stress test
STUD00426,Male,Education,Medium,High,Yes,3.74,No,0.315,0.49,0.604,0.262,No,No,No,No,No,No,No,Synthetic demonstration only - not real student data,0,0,0,0,0,ai_detection_tool,AI detection fairness stress test
STUD00427,Male,Arts & Humanities,Low,Medium,No,4.16,No,0.655,0.305,0.768,0.199,No,No,No,No,No,No,No,Synthetic demonstration only - not real student data,0,0,0,0,0,ai_detection_tool,AI detection fairness stress test
STUD00428,Female,Business,Low,Low,No,3.62,Yes,0.596,0.707,0.88,0.799,Yes,Yes,Yes,No,No,No,No,Synthetic demonstration only - not real student data,1,1,0,0,0,ai_detection_tool,AI detection fairness stress test
STUD00429,Female,STEM,Low,Medium,Yes,3.71,Yes,0.655,0.586,0.733,0.542,No,No,No,No,No,No,Yes,Synthetic demonstration only - not real student data,1,0,0,1,0,ai_detection_tool,AI detection fairness stress test
STUD00430,Female,STEM,Low,Medium,No,3.08,No,0.648,0.181,0.434,0.206,No,No,No,No,No,No,No,Synthetic demonstration only - not real student data,0,0,0,0,0,ai_detection_tool,AI detection fairness stress test
STUD00431,Male,Arts & Humanities,Medium,High,No,4.13,Yes,0.421,0.84,0.257,0.63,Yes,Yes,No,No,No,No,No,Synthetic demonstration only - not real student data,1,1,0,0,0,ai_detection_tool,AI detection fairness stress test
STUD00432,Female,Business,High,Low,No,2.79,No,0.327,0.476,0.389,0.177,No,No,No,No,No,No,No,Synthetic demonstration only - not real student data,0,0,0,0,0,ai_detection_tool,AI detection fairness stress test
STUD00433,Male,Business,Medium,Low,Yes,2.61,No,0.584,0.268,0.563,0.485,No,No,No,No,No,No,No,Synthetic demonstration only - not real student data,0,0,0,0,0,ai_detection_tool,AI detection fairness stress test
STUD00434,Male,STEM,High,High,Yes,4.97,Yes,0.369,0.818,0.236,0.64,Yes,Yes,Yes,No,No,No,No,Synthetic demonstration only - not real student data,1,1,0,0,0,ai_detection_tool,AI detection fairness stress test
STUD00435,Male,Health,High,Medium,No,3.78,Yes,0.755,0.838,0.531,0.631,Yes,Yes,Yes,No,No,No,No,Synthetic demonstration only - not real student data,1,1,0,0,0,ai_detection_tool,AI detection fairness stress test
STUD00436,Female,Social Sciences,Low,Low,No,2.42,No,0.465,0.451,0.508,0.332,No,No,No,No,No,No,No,Synthetic demonstration only - not real student data,0,0,0,0,0,ai_detection_tool,AI detection fairness stress test
STUD00437,Male,Social Sciences,Medium,High,Yes,4.32,Yes,0.712,0.558,0.851,0.758,Yes,Yes,Yes,No,No,No,No,Synthetic demonstration only - not real student data,1,1,0,0,0,ai_detection_tool,AI detection fairness stress test
STUD00438,Female,Social Sciences,High,Medium,Yes,4.13,Yes,1,0.682,0.622,0.83,Yes,Yes,Yes,No,No,No,No,Synthetic demonstration only - not real student data,1,1,0,0,0,ai_detection_tool,AI detection fairness stress test
STUD00439,Female,Health,Medium,High,No,3.92,No,0.432,0.327,0.647,0.153,No,No,No,No,No,No,No,Synthetic demonstration only - not real student data,0,0,0,0,0,ai_detection_tool,AI detection fairness stress test
STUD00440,Male,Arts & Humanities,Low,Medium,Yes,3.83,No,0.69,0.307,0.888,0.289,No,No,No,No,No,No,No,Synthetic demonstration only - not real student data,0,0,0,0,0,ai_detection_tool,AI detection fairness stress test
STUD00441,Female,STEM,Medium,Low,No,1,Yes,0.708,0.513,0.485,0.576,Yes,Yes,Yes,Yes,No,No,No,Synthetic demonstration only - not real student data,1,1,0,0,0,ai_detection_tool,AI detection fairness stress test
STUD00442,Male,Business,Low,Medium,No,3.71,No,0.587,0.29,0.365,0.293,No,No,No,No,No,No,No,Synthetic demonstration only - not real student data,0,0,0,0,0,ai_detection_tool,AI detection fairness stress test
STUD00443,Male,STEM,Medium,High,No,4.66,No,0.64,0.583,0.777,0.646,Yes,Yes,Yes,Yes,No,Yes,No,Synthetic demonstration only - not real student data,0,1,1,0,0,ai_detection_tool,AI detection fairness stress test
STUD00444,Female,Arts & Humanities,High,Medium,Yes,3.01,No,0.681,0.256,0.776,0.324,No,No,No,No,No,No,No,Synthetic demonstration only - not real student data,0,0,0,0,0,ai_detection_tool,AI detection fairness stress test
STUD00445,Male,Business,Medium,Medium,No,2.1,No,0.714,0.37,0.597,0.486,No,No,No,No,No,No,No,Synthetic demonstration only - not real student data,0,0,0,0,0,ai_detection_tool,AI detection fairness stress test
STUD00446,Male,Business,Medium,Low,Yes,2.5,Yes,0.851,0.593,0.595,0.709,Yes,Yes,Yes,No,No,No,No,Synthetic demonstration only - not real student data,1,1,0,0,0,ai_detection_tool,AI detection fairness stress test
STUD00447,Female,STEM,High,Low,Yes,2.96,No,0.624,0.425,0.779,0.389,No,No,No,No,No,No,No,Synthetic demonstration only - not real student data,0,0,0,0,0,ai_detection_tool,AI detection fairness stress test
STUD00448,Male,Business,High,High,Yes,3.78,Yes,0.788,0.986,0.819,0.893,Yes,No,Yes,No,No,No,No,Synthetic demonstration only - not real student data,1,1,0,0,0,ai_detection_tool,AI detection fairness stress test
STUD00449,Female,Health,Medium,Low,Yes,1.82,Yes,0.351,0.685,0.858,0.693,Yes,Yes,Yes,No,No,No,No,Synthetic demonstration only - not real student data,1,1,0,0,0,ai_detection_tool,AI detection fairness stress test
STUD00450,Male,Business,High,Low,Yes,4.17,No,0.331,0.401,0.885,0.247,No,No,No,No,No,No,No,Synthetic demonstration only - not real student data,0,0,0,0,0,ai_detection_tool,AI detection fairness stress test
STUD00451,Female,Social Sciences,High,Medium,No,4.32,Yes,0.444,0.653,0.711,0.66,Yes,Yes,No,No,No,No,No,Synthetic demonstration only - not real student data,1,1,0,0,0,ai_detection_tool,AI detection fairness stress test
STUD00452,Male,Business,Medium,Low,No,2.47,Yes,0.291,0.544,0.644,0.693,Yes,Yes,Yes,No,No,No,No,Synthetic demonstration only - not real student data,1,1,0,0,0,ai_detection_tool,AI detection fairness stress test
STUD00453,Female,Business,Low,Low,Yes,3.23,No,0.472,0.534,0.541,0.361,No,No,No,No,No,No,No,Synthetic demonstration only - not real student data,0,0,0,0,0,ai_detection_tool,AI detection fairness stress test
STUD00454,Male,STEM,High,High,No,3.93,No,0.716,0.289,0.546,0.401,No,No,No,No,No,No,No,Synthetic demonstration only - not real student data,0,0,0,0,0,ai_detection_tool,AI detection fairness stress test
STUD00455,Male,Arts & Humanities,Medium,High,Yes,5,Yes,0.484,0.741,0.76,0.736,Yes,Yes,Yes,No,No,No,No,Synthetic demonstration only - not real student data,1,1,0,0,0,ai_detection_tool,AI detection fairness stress test
STUD00456,Female,Arts & Humanities,High,Medium,No,2.57,Yes,0.511,0.664,0.645,0.657,Yes,Yes,No,No,No,No,No,Synthetic demonstration only - not real student data,1,1,0,0,0,ai_detection_tool,AI detection fairness stress test
STUD00457,Male,STEM,Medium,Low,Yes,1.69,Yes,0.674,0.388,0.377,0.684,Yes,Yes,No,No,No,No,No,Synthetic demonstration only - not real student data,1,1,0,0,0,ai_detection_tool,AI detection fairness stress test
STUD00458,Male,Business,Medium,High,Yes,3.66,No,0.614,0.172,0.606,0.227,No,No,No,No,No,No,No,Synthetic demonstration only - not real student data,0,0,0,0,0,ai_detection_tool,AI detection fairness stress test
STUD00459,Male,Health,Medium,Medium,No,2.93,No,0.708,0.125,0.214,0.408,No,No,No,No,No,No,No,Synthetic demonstration only - not real student data,0,0,0,0,0,ai_detection_tool,AI detection fairness stress test
STUD00460,Male,STEM,High,Medium,No,4.13,Yes,0.673,0.696,0.731,0.915,Yes,No,Yes,No,No,No,No,Synthetic demonstration only - not real student data,1,1,0,0,0,ai_detection_tool,AI detection fairness stress test
STUD00461,Female,Health,Low,Medium,Yes,2.74,No,0.349,0.553,0.707,0.25,No,No,No,No,No,No,No,Synthetic demonstration only - not real student data,0,0,0,0,0,ai_detection_tool,AI detection fairness stress test
STUD00462,Male,Business,Low,High,Yes,4.7,No,0.637,0.45,0.714,0.114,No,No,No,No,No,No,No,Synthetic demonstration only - not real student data,0,0,0,0,0,ai_detection_tool,AI detection fairness stress test
STUD00463,Female,Health,Low,High,No,3.61,Yes,0.5,0.614,0.463,0.727,Yes,Yes,Yes,Yes,Yes,No,No,Synthetic demonstration only - not real student data,1,1,0,0,1,ai_detection_tool,AI detection fairness stress test
STUD00464,Female,Health,Low,Medium,No,2.8,No,0.667,0.489,0.589,0.248,No,No,No,No,No,No,No,Synthetic demonstration only - not real student data,0,0,0,0,0,ai_detection_tool,AI detection fairness stress test
STUD00465,Male,Business,High,High,No,3.45,Yes,0.91,0.896,0.89,0.821,Yes,Yes,Yes,Yes,Yes,No,No,Synthetic demonstration only - not real student data,1,1,0,0,1,ai_detection_tool,AI detection fairness stress test
STUD00466,Female,Health,Medium,Medium,No,1.99,Yes,0.771,0.831,0.393,0.665,Yes,Yes,Yes,Yes,Yes,No,No,Synthetic demonstration only - not real student data,1,1,0,0,1,ai_detection_tool,AI detection fairness stress test
STUD00467,Female,Health,Medium,High,No,3.74,Yes,0.277,0.593,0.461,0.428,No,No,No,No,No,No,Yes,Synthetic demonstration only - not real student data,1,0,0,1,0,ai_detection_tool,AI detection fairness stress test
STUD00468,Male,STEM,Medium,Low,No,3.8,No,0.55,0.194,0.682,0.285,No,No,No,No,No,No,No,Synthetic demonstration only - not real student data,0,0,0,0,0,ai_detection_tool,AI detection fairness stress test
STUD00469,Female,Arts & Humanities,Medium,Low,No,2.06,No,0.572,0.265,0.428,0.429,No,No,No,No,No,No,No,Synthetic demonstration only - not real student data,0,0,0,0,0,ai_detection_tool,AI detection fairness stress test
STUD00470,Male,Social Sciences,Low,Medium,No,4.49,Yes,0.52,0.563,0.481,0.774,Yes,Yes,No,No,No,No,No,Synthetic demonstration only - not real student data,1,1,0,0,0,ai_detection_tool,AI detection fairness stress test
STUD00471,Female,Health,Low,High,No,3.13,No,0.527,0.394,0.313,0.246,No,No,No,No,No,No,No,Synthetic demonstration only - not real student data,0,0,0,0,0,ai_detection_tool,AI detection fairness stress test
STUD00472,Male,STEM,Medium,High,Yes,4.48,No,0.666,0.324,0.657,0.395,No,No,No,No,No,No,No,Synthetic demonstration only - not real student data,0,0,0,0,0,ai_detection_tool,AI detection fairness stress test
STUD00473,Female,Education,High,Low,No,2.38,No,0.576,0.054,0.188,0.331,No,No,No,No,No,No,No,Synthetic demonstration only - not real student data,0,0,0,0,0,ai_detection_tool,AI detection fairness stress test
STUD00474,Male,STEM,High,Low,No,3.47,Yes,0.335,0.87,0.377,0.667,Yes,Yes,Yes,Yes,No,No,No,Synthetic demonstration only - not real student data,1,1,0,0,0,ai_detection_tool,AI detection fairness stress test
STUD00475,Male,STEM,Medium,High,No,3.06,Yes,0.354,0.679,0.338,0.703,Yes,Yes,No,No,No,No,No,Synthetic demonstration only - not real student data,1,1,0,0,0,ai_detection_tool,AI detection fairness stress test
STUD00476,Male,STEM,Low,Medium,No,3.98,Yes,0.251,0.707,0.847,0.727,Yes,Yes,No,No,No,No,No,Synthetic demonstration only - not real student data,1,1,0,0,0,ai_detection_tool,AI detection fairness stress test
STUD00477,Male,Business,Medium,Medium,Yes,3.37,Yes,0.171,0.599,0.949,0.775,Yes,Yes,No,No,No,No,No,Synthetic demonstration only - not real student data,1,1,0,0,0,ai_detection_tool,AI detection fairness stress test
STUD00478,Male,Health,Medium,Low,No,3.4,No,0.286,0.478,0.412,0.427,No,No,No,No,No,No,No,Synthetic demonstration only - not real student data,0,0,0,0,0,ai_detection_tool,AI detection fairness stress test
STUD00479,Male,Education,High,Low,Yes,3.82,Yes,0.594,0.787,0.625,0.848,Yes,Yes,No,No,No,No,No,Synthetic demonstration only - not real student data,1,1,0,0,0,ai_detection_tool,AI detection fairness stress test
STUD00480,Male,STEM,Medium,High,No,3.0,Yes,0.372,0.866,0.556,0.783,Yes,Yes,Yes,No,No,No,No,Synthetic demonstration only - not real student data,1,1,0,0,0,ai_detection_tool,AI detection fairness stress test
STUD00481,Female,Social Sciences,Low,Low,No,3.14,No,0.521,0.392,0.838,0.367,No,No,No,No,No,No,No,Synthetic demonstration only - not real student data,0,0,0,0,0,ai_detection_tool,AI detection fairness stress test
STUD00482,Female,Health,Low,Low,Yes,2.95,No,0.479,0.317,0.552,0.158,No,No,No,No,No,No,No,Synthetic demonstration only - not real student data,0,0,0,0,0,ai_detection_tool,AI detection fairness stress test
STUD00483,Male,STEM,High,Medium,No,4.26,Yes,0.165,0.789,0.505,0.949,Yes,Yes,No,No,No,No,No,Synthetic demonstration only - not real student data,1,1,0,0,0,ai_detection_tool,AI detection fairness stress test
STUD00484,Female,Business,Medium,Medium,No,3.72,No,0.427,0.29,0.771,0.226,No,No,No,No,No,No,No,Synthetic demonstration only - not real student data,0,0,0,0,0,ai_detection_tool,AI detection fairness stress test
STUD00485,Female,Business,Medium,Medium,Yes,4.27,Yes,0.685,0.864,0.616,0.691,Yes,Yes,Yes,No,No,No,No,Synthetic demonstration only - not real student data,1,1,0,0,0,ai_detection_tool,AI detection fairness stress test
STUD00486,Male,Education,Medium,Medium,Yes,3.86,No,0.619,0.483,0.144,0.381,No,No,No,No,No,No,No,Synthetic demonstration only - not real student data,0,0,0,0,0,ai_detection_tool,AI detection fairness stress test
STUD00487,Male,STEM,Medium,Medium,Yes,4.46,Yes,0.444,0.943,0.642,0.712,Yes,Yes,Yes,Yes,No,No,No,Synthetic demonstration only - not real student data,1,1,0,0,0,ai_detection_tool,AI detection fairness stress test
STUD00488,Female,Business,Medium,Low,Yes,1.6,No,0.474,0.45,0.516,0.344,No,No,No,No,No,No,No,Synthetic demonstration only - not real student data,0,0,0,0,0,ai_detection_tool,AI detection fairness stress test
STUD00489,Female,Social Sciences,Medium,Medium,Yes,2.5,Yes,0.677,0.63,0.211,0.684,Yes,Yes,Yes,No,No,No,No,Synthetic demonstration only - not real student data,1,1,0,0,0,ai_detection_tool,AI detection fairness stress test
STUD00490,Non-disclosed,Arts & Humanities,Medium,Low,No,3.44,No,0.503,0.104,0.63,0.24,No,No,No,No,No,No,No,Synthetic demonstration only - not real student data,0,0,0,0,0,ai_detection_tool,AI detection fairness stress test
STUD00491,Male,STEM,High,Medium,No,3.88,No,0.55,0.288,0.486,0.372,No,No,No,No,No,No,No,Synthetic demonstration only - not real student data,0,0,0,0,0,ai_detection_tool,AI detection fairness stress test
STUD00492,Female,Arts & Humanities,Medium,Medium,Yes,2.84,No,0.688,0.503,0.279,0.191,No,No,No,No,No,No,No,Synthetic demonstration only - not real student data,0,0,0,0,0,ai_detection_tool,AI detection fairness stress test
STUD00493,Male,STEM,High,Low,Yes,2.78,Yes,0.654,0.912,0.648,0.984,Yes,Yes,No,No,No,No,No,Synthetic demonstration only - not real student data,1,1,0,0,0,ai_detection_tool,AI detection fairness stress test
STUD00494,Male,STEM,High,High,Yes,4.8,No,0.696,0.583,0.725,0.355,No,No,No,No,No,No,No,Synthetic demonstration only - not real student data,0,0,0,0,0,ai_detection_tool,AI detection fairness stress test
STUD00495,Female,Education,Low,High,No,3.46,Yes,0.451,0.843,0.535,0.554,Yes,Yes,Yes,No,No,No,No,Synthetic demonstration only - not real student data,1,1,0,0,0,ai_detection_tool,AI detection fairness stress test
STUD00496,Female,Arts & Humanities,High,Low,No,2.3,No,0.434,0.269,0.562,0.335,No,No,No,No,No,No,No,Synthetic demonstration only - not real student data,0,0,0,0,0,ai_detection_tool,AI detection fairness stress test
STUD00497,Female,Social Sciences,Medium,High,No,4.13,Yes,0.496,0.667,0.505,0.789,Yes,No,Yes,No,No,No,No,Synthetic demonstration only - not real student data,1,1,0,0,0,ai_detection_tool,AI detection fairness stress test
STUD00498,Male,Business,Medium,High,Yes,4.46,No,0.7,0.553,0.31,0.226,No,No,No,No,No,No,No,Synthetic demonstration only - not real student data,0,0,0,0,0,ai_detection_tool,AI detection fairness stress test
STUD00499,Female,STEM,High,Low,Yes,2.92,No,0.669,0.45,0.531,0.343,No,No,No,No,No,No,No,Synthetic demonstration only - not real student data,0,0,0,0,0,ai_detection_tool,AI detection fairness stress test
STUD00500,Male,Business,Low,High,Yes,4.72,No,0.247,0.347,0.747,0.058,No,No,No,No,No,No,No,Synthetic demonstration only - not real student data,0,0,0,0,0,ai_detection_tool,AI detection fairness stress test
STUD00501,Female,Health,Low,Medium,No,2.95,No,0.497,0.259,0.698,0.118,No,No,No,No,No,No,No,Synthetic demonstration only - not real student data,0,0,0,0,0,ai_detection_tool,AI detection fairness stress test
STUD00502,Female,STEM,Low,Low,No,3.56,No,0.616,0.17,0.327,0.301,No,No,No,No,No,No,No,Synthetic demonstration only - not real student data,0,0,0,0,0,ai_detection_tool,AI detection fairness stress test
STUD00503,Male,STEM,Low,Medium,No,4.06,Yes,0.435,0.48,0.882,0.791,Yes,Yes,Yes,No,No,No,No,Synthetic demonstration only - not real student data,1,1,0,0,0,ai_detection_tool,AI detection fairness stress test
STUD00504,Female,Education,High,Low,Yes,2.09,Yes,0.62,0.666,0.943,0.861,Yes,Yes,Yes,No,No,No,No,Synthetic demonstration only - not real student data,1,1,0,0,0,ai_detection_tool,AI detection fairness stress test
STUD00505,Male,STEM,High,Low,No,3.45,Yes,0.549,0.814,0.738,0.789,Yes,No,Yes,No,No,No,No,Synthetic demonstration only - not real student data,1,1,0,0,0,ai_detection_tool,AI detection fairness stress test
STUD00506,Female,Business,High,Low,No,1.52,No,0.465,0.402,0.259,0.366,No,No,No,No,No,No,No,Synthetic demonstration only - not real student data,0,0,0,0,0,ai_detection_tool,AI detection fairness stress test
STUD00507,Female,Arts & Humanities,Medium,Low,Yes,2.59,No,0.742,0.482,0.491,0.465,No,No,No,No,No,No,No,Synthetic demonstration only - not real student data,0,0,0,0,0,ai_detection_tool,AI detection fairness stress test
STUD00508,Female,Arts & Humanities,Medium,Medium,No,3.0,No,0.698,0.355,0.442,0.422,No,No,No,No,No,No,No,Synthetic demonstration only - not real student data,0,0,0,0,0,ai_detection_tool,AI detection fairness stress test
STUD00509,Female,Business,High,Low,Yes,2.92,No,0.615,0.276,0.399,0.451,No,No,No,No,No,No,No,Synthetic demonstration only - not real student data,0,0,0,0,0,ai_detection_tool,AI detection fairness stress test
STUD00510,Female,Business,Low,Medium,No,3.05,No,0.395,0.339,0.622,0.209,No,No,No,No,No,No,No,Synthetic demonstration only - not real student data,0,0,0,0,0,ai_detection_tool,AI detection fairness stress test
STUD00511,Female,Education,Medium,Medium,Yes,3.81,Yes,0.559,0.457,0.8,0.737,Yes,Yes,Yes,Yes,No,No,No,Synthetic demonstration only - not real student data,1,1,0,0,0,ai_detection_tool,AI detection fairness stress test
STUD00512,Non-disclosed,STEM,Low,High,No,3.68,No,0.739,0.63,0.527,0.242,No,No,No,No,No,No,No,Synthetic demonstration only - not real student data,0,0,0,0,0,ai_detection_tool,AI detection fairness stress test
STUD00513,Male,Business,High,Medium,No,3.1,No,0.627,0.238,0.667,0.233,No,No,No,No,No,No,No,Synthetic demonstration only - not real student data,0,0,0,0,0,ai_detection_tool,AI detection fairness stress test
STUD00514,Female,Business,Medium,Medium,Yes,4.14,Yes,0.617,0.678,0.49,0.459,No,No,No,No,No,No,Yes,Synthetic demonstration only - not real student data,1,0,0,1,0,ai_detection_tool,AI detection fairness stress test
STUD00515,Female,Health,Medium,Low,Yes,3.46,No,0.683,0.357,0.503,0.291,No,No,No,No,No,No,No,Synthetic demonstration only - not real student data,0,0,0,0,0,ai_detection_tool,AI detection fairness stress test
STUD00516,Female,Business,Medium,High,No,2.96,Yes,0.198,0.851,0.514,0.779,Yes,Yes,Yes,Yes,No,No,No,Synthetic demonstration only - not real student data,1,1,0,0,0,ai_detection_tool,AI detection fairness stress test
STUD00517,Male,STEM,Medium,High,Yes,3.94,Yes,0.379,0.61,0.464,0.62,Yes,Yes,No,No,No,No,No,Synthetic demonstration only - not real student data,1,1,0,0,0,ai_detection_tool,AI detection fairness stress test
STUD00518,Male,Business,High,Medium,No,2.92,Yes,0.659,0.642,0.684,0.74,Yes,No,Yes,No,No,No,No,Synthetic demonstration only - not real student data,1,1,0,0,0,ai_detection_tool,AI detection fairness stress test
STUD00519,Female,Education,Low,Medium,Yes,2.52,No,0.676,0.383,0.88,0.071,No,No,No,No,No,No,No,Synthetic demonstration only - not real student data,0,0,0,0,0,ai_detection_tool,AI detection fairness stress test
STUD00520,Female,Business,Low,Low,Yes,1.57,No,0.695,0.183,0.735,0.262,No,No,No,No,No,No,No,Synthetic demonstration only - not real student data,0,0,0,0,0,ai_detection_tool,AI detection fairness stress test
STUD00521,Male,Business,Medium,High,Yes,3.04,Yes,0.432,0.648,0.555,0.485,No,No,No,No,No,No,Yes,Synthetic demonstration only - not real student data,1,0,0,1,0,ai_detection_tool,AI detection fairness stress test
STUD00522,Female,Health,Medium,Medium,No,3.03,No,0.591,0.1,0.406,0.233,No,No,No,No,No,No,No,Synthetic demonstration only - not real student data,0,0,0,0,0,ai_detection_tool,AI detection fairness stress test
STUD00523,Female,Social Sciences,Low,Medium,No,3.95,Yes,0.769,0.631,0.687,0.8,Yes,Yes,No,No,No,No,No,Synthetic demonstration only - not real student data,1,1,0,0,0,ai_detection_tool,AI detection fairness stress test
STUD00524,Male,STEM,Medium,High,Yes,3.4,Yes,0.377,0.831,0.407,0.788,Yes,Yes,Yes,No,No,No,No,Synthetic demonstration only - not real student data,1,1,0,0,0,ai_detection_tool,AI detection fairness stress test
STUD00525,Male,Business,High,Medium,No,2.2,No,0.597,0.187,0.347,0.134,No,No,No,No,No,No,No,Synthetic demonstration only - not real student data,0,0,0,0,0,ai_detection_tool,AI detection fairness stress test
STUD00526,Male,Business,Low,Medium,Yes,3.74,No,0.507,0.532,0.478,0.534,No,No,No,No,No,No,No,Synthetic demonstration only - not real student data,0,0,0,0,0,ai_detection_tool,AI detection fairness stress test
STUD00527,Female,Business,High,Medium,No,3.16,Yes,0.737,0.734,0.707,0.764,Yes,Yes,Yes,No,No,No,No,Synthetic demonstration only - not real student data,1,1,0,0,0,ai_detection_tool,AI detection fairness stress test
STUD00528,Male,STEM,Low,Low,Yes,4.07,No,0.506,0.252,0.898,0.03,No,No,No,No,No,No,No,Synthetic demonstration only - not real student data,0,0,0,0,0,ai_detection_tool,AI detection fairness stress test
STUD00529,Female,STEM,Low,High,No,4.39,Yes,0.265,0.566,0.829,0.882,Yes,Yes,Yes,Yes,No,No,No,Synthetic demonstration only - not real student data,1,1,0,0,0,ai_detection_tool,AI detection fairness stress test
STUD00530,Male,Business,High,High,No,5,Yes,0.608,0.637,0.865,0.837,Yes,Yes,Yes,No,No,No,No,Synthetic demonstration only - not real student data,1,1,0,0,0,ai_detection_tool,AI detection fairness stress test
STUD00531,Male,STEM,Low,Medium,Yes,4.09,Yes,0.528,0.513,0.589,0.494,No,No,No,No,No,No,Yes,Synthetic demonstration only - not real student data,1,0,0,1,0,ai_detection_tool,AI detection fairness stress test
STUD00532,Female,Arts & Humanities,High,Medium,No,4.32,No,0.435,0.56,0.566,0.314,No,No,No,No,No,No,No,Synthetic demonstration only - not real student data,0,0,0,0,0,ai_detection_tool,AI detection fairness stress test
STUD00533,Male,Arts & Humanities,Medium,High,No,3.68,Yes,0.337,0.588,0.58,0.792,Yes,Yes,Yes,No,No,No,No,Synthetic demonstration only - not real student data,1,1,0,0,0,ai_detection_tool,AI detection fairness stress test
STUD00534,Male,Business,Medium,High,No,3.94,Yes,0.771,0.86,0.641,0.843,Yes,No,No,No,No,No,No,Synthetic demonstration only - not real student data,1,1,0,0,0,ai_detection_tool,AI detection fairness stress test
STUD00535,Male,Education,Medium,High,Yes,4.91,No,0.338,0.278,0.654,0.324,No,No,No,No,No,No,No,Synthetic demonstration only - not real student data,0,0,0,0,0,ai_detection_tool,AI detection fairness stress test
STUD00536,Male,Education,Medium,High,Yes,3.23,Yes,0.325,0.545,0.685,0.519,No,No,No,No,No,No,Yes,Synthetic demonstration only - not real student data,1,0,0,1,0,ai_detection_tool,AI detection fairness stress test
STUD00537,Female,STEM,Medium,Medium,No,3.48,No,0.642,0.356,0.619,0.377,No,No,No,No,No,No,No,Synthetic demonstration only - not real student data,0,0,0,0,0,ai_detection_tool,AI detection fairness stress test
STUD00538,Male,Education,High,High,No,4.91,No,0.443,0.585,0.537,0.206,No,No,No,No,No,No,No,Synthetic demonstration only - not real student data,0,0,0,0,0,ai_detection_tool,AI detection fairness stress test
STUD00539,Male,Education,Low,High,Yes,4.5,No,0.858,0.51,0.535,0.583,Yes,Yes,No,No,No,Yes,No,Synthetic demonstration only - not real student data,0,1,1,0,0,ai_detection_tool,AI detection fairness stress test
STUD00540,Male,Social Sciences,Medium,Low,Yes,2.53,No,0.528,0.38,0.766,0.389,No,No,No,No,No,No,No,Synthetic demonstration only - not real student data,0,0,0,0,0,ai_detection_tool,AI detection fairness stress test
STUD00541,Male,STEM,Medium,High,No,3.17,Yes,0.589,0.688,0.516,0.851,Yes,Yes,Yes,Yes,No,No,No,Synthetic demonstration only - not real student data,1,1,0,0,0,ai_detection_tool,AI detection fairness stress test
STUD00542,Male,Social Sciences,Medium,Medium,Yes,2.68,No,0.721,0.479,0.602,0.513,No,No,No,No,No,No,No,Synthetic demonstration only - not real student data,0,0,0,0,0,ai_detection_tool,AI detection fairness stress test
STUD00543,Male,STEM,Medium,High,Yes,4.48,No,0.665,0.338,0.358,0.232,No,No,No,No,No,No,No,Synthetic demonstration only - not real student data,0,0,0,0,0,ai_detection_tool,AI detection fairness stress test
STUD00544,Female,STEM,Low,Low,Yes,1.32,No,0.939,0.323,0.858,0.329,No,No,No,No,No,No,No,Synthetic demonstration only - not real student data,0,0,0,0,0,ai_detection_tool,AI detection fairness stress test
STUD00545,Male,STEM,Medium,Medium,Yes,3.06,No,0.655,0.196,0.533,0.263,No,No,No,No,No,No,No,Synthetic demonstration only - not real student data,0,0,0,0,0,ai_detection_tool,AI detection fairness stress test
STUD00546,Male,Education,Medium,Low,No,3.77,Yes,0.556,0.64,0.883,0.916,Yes,No,Yes,No,No,No,No,Synthetic demonstration only - not real student data,1,1,0,0,0,ai_detection_tool,AI detection fairness stress test
STUD00547,Female,Education,Medium,Medium,Yes,2.52,Yes,0.872,0.915,0.69,0.945,Yes,Yes,No,No,No,No,No,Synthetic demonstration only - not real student data,1,1,0,0,0,ai_detection_tool,AI detection fairness stress test
STUD00548,Female,STEM,Low,Low,Yes,3.39,No,0.078,0.521,0.667,0.312,No,No,No,No,No,No,No,Synthetic demonstration only - not real student data,0,0,0,0,0,ai_detection_tool,AI detection fairness stress test
STUD00549,Female,Health,Medium,Medium,No,3.27,Yes,0.459,0.724,0.546,0.808,Yes,Yes,No,No,No,No,No,Synthetic demonstration only - not real student data,1,1,0,0,0,ai_detection_tool,AI detection fairness stress test
STUD00550,Male,Business,Medium,High,No,4.78,Yes,0.762,0.829,0.463,0.539,No,No,No,No,No,No,Yes,Synthetic demonstration only - not real student data,1,0,0,1,0,ai_detection_tool,AI detection fairness stress test
STUD00551,Female,Health,Medium,Medium,No,4.23,Yes,0.428,0.907,0.795,0.685,Yes,No,Yes,Yes,No,No,No,Synthetic demonstration only - not real student data,1,1,0,0,0,ai_detection_tool,AI detection fairness stress test
STUD00552,Male,Social Sciences,High,Medium,No,3.1,No,0.5,0.336,0.797,0.336,No,No,No,No,No,No,No,Synthetic demonstration only - not real student data,0,0,0,0,0,ai_detection_tool,AI detection fairness stress test
STUD00553,Female,STEM,High,Low,Yes,2.32,No,0.619,0.373,0.562,0.401,No,No,No,No,No,No,No,Synthetic demonstration only - not real student data,0,0,0,0,0,ai_detection_tool,AI detection fairness stress test
STUD00554,Male,STEM,Medium,High,Yes,3.79,Yes,0.296,0.822,0.599,0.878,Yes,Yes,No,No,No,No,No,Synthetic demonstration only - not real student data,1,1,0,0,0,ai_detection_tool,AI detection fairness stress test
STUD00555,Male,Business,High,Medium,No,3.07,No,0.455,0.457,0.32,0.202,No,No,No,No,No,No,No,Synthetic demonstration only - not real student data,0,0,0,0,0,ai_detection_tool,AI detection fairness stress test
STUD00556,Female,Business,Low,Medium,No,3.18,Yes,0.295,0.666,0.483,0.698,Yes,Yes,No,No,No,No,No,Synthetic demonstration only - not real student data,1,1,0,0,0,ai_detection_tool,AI detection fairness stress test
STUD00557,Female,STEM,High,Low,No,2.11,Yes,0.501,0.65,0.655,0.874,Yes,Yes,No,No,No,No,No,Synthetic demonstration only - not real student data,1,1,0,0,0,ai_detection_tool,AI detection fairness stress test
STUD00558,Male,STEM,Low,Medium,No,3.83,Yes,0.467,0.58,0.704,0.81,Yes,Yes,No,No,No,No,No,Synthetic demonstration only - not real student data,1,1,0,0,0,ai_detection_tool,AI detection fairness stress test
STUD00559,Female,Arts & Humanities,Medium,Medium,No,2.89,No,1,0.417,0.656,0.356,No,No,No,No,No,No,No,Synthetic demonstration only - not real student data,0,0,0,0,0,ai_detection_tool,AI detection fairness stress test
STUD00560,Male,STEM,Low,Medium,Yes,2.52,Yes,0.317,0.693,1,0.461,No,No,No,No,No,No,Yes,Synthetic demonstration only - not real student data,1,0,0,1,0,ai_detection_tool,AI detection fairness stress test
STUD00561,Male,Business,High,Medium,Yes,3.24,Yes,0.343,0.635,0.788,0.752,Yes,Yes,No,No,No,No,No,Synthetic demonstration only - not real student data,1,1,0,0,0,ai_detection_tool,AI detection fairness stress test
STUD00562,Male,STEM,Medium,High,Yes,4.13,Yes,0.586,0.615,0.637,0.821,Yes,Yes,Yes,Yes,Yes,No,No,Synthetic demonstration only - not real student data,1,1,0,0,1,ai_detection_tool,AI detection fairness stress test
STUD00563,Male,Social Sciences,High,Medium,No,3.95,No,0.798,0.398,0.557,0.212,No,No,No,No,No,No,No,Synthetic demonstration only - not real student data,0,0,0,0,0,ai_detection_tool,AI detection fairness stress test
STUD00564,Non-disclosed,Education,Medium,Medium,No,2.35,Yes,0.336,0.674,0.422,0.634,Yes,Yes,No,No,No,No,No,Synthetic demonstration only - not real student data,1,1,0,0,0,ai_detection_tool,AI detection fairness stress test
STUD00565,Female,Health,Medium,Medium,Yes,4.32,Yes,0.691,0.487,0.735,0.805,Yes,Yes,Yes,No,No,No,No,Synthetic demonstration only - not real student data,1,1,0,0,0,ai_detection_tool,AI detection fairness stress test
STUD00566,Female,Business,Low,Low,No,2.13,No,0.274,0.157,0.497,0.231,No,No,No,No,No,No,No,Synthetic demonstration only - not real student data,0,0,0,0,0,ai_detection_tool,AI detection fairness stress test
STUD00567,Female,Health,High,High,No,3.64,No,0.236,0.547,0.342,0.242,No,No,No,No,No,No,No,Synthetic demonstration only - not real student data,0,0,0,0,0,ai_detection_tool,AI detection fairness stress test
STUD00568,Male,STEM,Medium,Low,Yes,4.06,No,0.696,0.325,0.634,0.363,No,No,No,No,No,No,No,Synthetic demonstration only - not real student data,0,0,0,0,0,ai_detection_tool,AI detection fairness stress test
STUD00569,Female,Education,Low,Medium,No,3.03,Yes,0.495,0.471,0.735,0.742,Yes,Yes,Yes,No,No,No,No,Synthetic demonstration only - not real student data,1,1,0,0,0,ai_detection_tool,AI detection fairness stress test
STUD00570,Female,Education,Low,Low,No,2.67,No,0.399,0.125,0.723,0.219,No,No,No,No,No,No,No,Synthetic demonstration only - not real student data,0,0,0,0,0,ai_detection_tool,AI detection fairness stress test
STUD00571,Female,Education,Low,Low,No,2.67,No,0.14,0.398,0.572,0.148,No,No,No,No,No,No,No,Synthetic demonstration only - not real student data,0,0,0,0,0,ai_detection_tool,AI detection fairness stress test
STUD00572,Male,STEM,Medium,Medium,No,2.59,No,0.707,0.506,0.5,0.398,No,No,No,No,No,No,No,Synthetic demonstration only - not real student data,0,0,0,0,0,ai_detection_tool,AI detection fairness stress test
STUD00573,Male,Business,High,Medium,Yes,3.92,No,0.424,0.505,0.709,0.304,No,No,No,No,No,No,No,Synthetic demonstration only - not real student data,0,0,0,0,0,ai_detection_tool,AI detection fairness stress test
STUD00574,Male,STEM,Medium,High,Yes,3.49,No,0.42,0.51,0.28,0.357,No,No,No,No,No,No,No,Synthetic demonstration only - not real student data,0,0,0,0,0,ai_detection_tool,AI detection fairness stress test
STUD00575,Male,STEM,Low,Low,Yes,3.39,Yes,0.2,0.442,1,0.68,Yes,Yes,No,No,No,No,No,Synthetic demonstration only - not real student data,1,1,0,0,0,ai_detection_tool,AI detection fairness stress test
STUD00576,Male,Social Sciences,Medium,Low,No,3.2,No,0.467,0.314,0.328,0.44,No,No,No,No,No,No,No,Synthetic demonstration only - not real student data,0,0,0,0,0,ai_detection_tool,AI detection fairness stress test
STUD00577,Male,STEM,High,High,Yes,4.1,No,0.753,0.38,0.434,0.337,No,No,No,No,No,No,No,Synthetic demonstration only - not real student data,0,0,0,0,0,ai_detection_tool,AI detection fairness stress test
STUD00578,Male,Arts & Humanities,High,High,No,5,Yes,0.644,0.83,0.788,0.773,Yes,Yes,No,No,No,No,No,Synthetic demonstration only - not real student data,1,1,0,0,0,ai_detection_tool,AI detection fairness stress test
STUD00579,Female,Social Sciences,Low,Low,No,1.27,No,0.564,0.594,0.606,0.334,No,No,No,No,No,No,No,Synthetic demonstration only - not real student data,0,0,0,0,0,ai_detection_tool,AI detection fairness stress test
STUD00580,Male,Health,Low,High,Yes,3.68,Yes,0.455,0.61,0.95,0.712,Yes,Yes,Yes,No,No,No,No,Synthetic demonstration only - not real student data,1,1,0,0,0,ai_detection_tool,AI detection fairness stress test
STUD00581,Female,Social Sciences,High,High,No,4.47,Yes,0.461,0.595,0.536,0.653,Yes,Yes,No,No,No,No,No,Synthetic demonstration only - not real student data,1,1,0,0,0,ai_detection_tool,AI detection fairness stress test
STUD00582,Male,Business,Medium,Medium,No,4.66,No,0.473,0.432,0.469,0.087,No,No,No,No,No,No,No,Synthetic demonstration only - not real student data,0,0,0,0,0,ai_detection_tool,AI detection fairness stress test
STUD00583,Female,STEM,Medium,High,Yes,3.06,Yes,0.703,0.561,0.679,0.68,Yes,Yes,Yes,No,No,No,No,Synthetic demonstration only - not real student data,1,1,0,0,0,ai_detection_tool,AI detection fairness stress test
STUD00584,Female,Social Sciences,Low,High,Yes,4.21,No,0.812,0.6,0.679,0.3,No,No,No,No,No,No,No,Synthetic demonstration only - not real student data,0,0,0,0,0,ai_detection_tool,AI detection fairness stress test
STUD00585,Female,Arts & Humanities,High,Medium,Yes,4.04,Yes,0.575,0.802,0.861,0.828,Yes,Yes,No,No,No,No,No,Synthetic demonstration only - not real student data,1,1,0,0,0,ai_detection_tool,AI detection fairness stress test
STUD00586,Female,Arts & Humanities,Low,High,No,3.54,Yes,0.864,0.516,0.701,0.929,Yes,Yes,Yes,No,No,No,No,Synthetic demonstration only - not real student data,1,1,0,0,0,ai_detection_tool,AI detection fairness stress test
STUD00587,Male,Business,Medium,Medium,No,3.69,No,0.342,0.18,0.362,0.115,No,No,No,No,No,No,No,Synthetic demonstration only - not real student data,0,0,0,0,0,ai_detection_tool,AI detection fairness stress test
STUD00588,Female,Arts & Humanities,Low,High,No,3.43,No,0.502,0.489,0.372,0.402,No,No,No,No,No,No,No,Synthetic demonstration only - not real student data,0,0,0,0,0,ai_detection_tool,AI detection fairness stress test
STUD00589,Male,Social Sciences,Medium,High,No,3.88,No,0.399,0.379,0.327,0.391,No,No,No,No,No,No,No,Synthetic demonstration only - not real student data,0,0,0,0,0,ai_detection_tool,AI detection fairness stress test
STUD00590,Female,Health,Low,Medium,No,3.48,Yes,0.183,0.708,0.937,0.877,Yes,Yes,Yes,No,No,No,No,Synthetic demonstration only - not real student data,1,1,0,0,0,ai_detection_tool,AI detection fairness stress test
STUD00591,Female,Health,Medium,High,No,3.08,Yes,0.419,0.731,0.6,0.587,Yes,No,Yes,No,No,No,No,Synthetic demonstration only - not real student data,1,1,0,0,0,ai_detection_tool,AI detection fairness stress test
STUD00592,Female,STEM,Low,Low,Yes,2.61,Yes,0.503,0.754,0.821,0.932,Yes,Yes,Yes,Yes,No,No,No,Synthetic demonstration only - not real student data,1,1,0,0,0,ai_detection_tool,AI detection fairness stress test
STUD00593,Female,Arts & Humanities,Medium,Low,No,2.82,No,0.674,0.18,0.442,0.349,No,No,No,No,No,No,No,Synthetic demonstration only - not real student data,0,0,0,0,0,ai_detection_tool,AI detection fairness stress test
STUD00594,Female,STEM,Medium,Medium,No,2.41,Yes,0.554,0.971,0.574,1,Yes,Yes,Yes,No,No,No,No,Synthetic demonstration only - not real student data,1,1,0,0,0,ai_detection_tool,AI detection fairness stress test
STUD00595,Male,STEM,Low,Medium,No,3.89,Yes,0.922,0.921,0.601,0.698,Yes,No,Yes,Yes,No,No,No,Synthetic demonstration only - not real student data,1,1,0,0,0,ai_detection_tool,AI detection fairness stress test
STUD00596,Male,STEM,Low,High,No,3.79,Yes,0.27,0.544,0.508,0.732,Yes,Yes,Yes,No,No,No,No,Synthetic demonstration only - not real student data,1,1,0,0,0,ai_detection_tool,AI detection fairness stress test
STUD00597,Female,Health,Low,Medium,Yes,3.16,No,0.621,0.351,0.808,0.052,No,No,No,No,No,No,No,Synthetic demonstration only - not real student data,0,0,0,0,0,ai_detection_tool,AI detection fairness stress test
STUD00598,Female,Health,Low,Medium,No,1.86,No,0.532,0.808,0.441,0.5,No,No,No,No,No,No,No,Synthetic demonstration only - not real student data,0,0,0,0,0,ai_detection_tool,AI detection fairness stress test
STUD00599,Male,STEM,Medium,High,Yes,2.72,Yes,0.611,0.438,0.898,0.586,Yes,Yes,No,No,No,No,No,Synthetic demonstration only - not real student data,1,1,0,0,0,ai_detection_tool,AI detection fairness stress test
STUD00600,Male,STEM,High,Low,No,2.09,No,0.343,0.549,0.629,0.237,No,No,No,No,No,No,No,Synthetic demonstration only - not real student data,0,0,0,0,0,ai_detection_tool,AI detection fairness stress test
STUD00601,Female,Health,Low,Medium,No,3.55,Yes,0.452,0.781,0.648,0.842,Yes,Yes,Yes,No,No,No,No,Synthetic demonstration only - not real student data,1,1,0,0,0,ai_detection_tool,AI detection fairness stress test
STUD00602,Male,STEM,Medium,Medium,Yes,3.26,No,0.531,0.281,0.731,0.475,No,No,No,No,No,No,No,Synthetic demonstration only - not real student data,0,0,0,0,0,ai_detection_tool,AI detection fairness stress test
STUD00603,Female,Education,Medium,Medium,No,2.6,No,0.346,0.329,0.524,0.3,No,No,No,No,No,No,No,Synthetic demonstration only - not real student data,0,0,0,0,0,ai_detection_tool,AI detection fairness stress test
STUD00604,Female,Arts & Humanities,Medium,Low,No,2.67,Yes,0.383,0.191,0.552,0.555,Yes,Yes,Yes,No,No,No,No,Synthetic demonstration only - not real student data,1,1,0,0,0,ai_detection_tool,AI detection fairness stress test
STUD00605,Male,Arts & Humanities,Low,High,No,2.02,Yes,0.815,0.639,0.447,0.617,Yes,No,Yes,No,No,No,No,Synthetic demonstration only - not real student data,1,1,0,0,0,ai_detection_tool,AI detection fairness stress test
STUD00606,Female,Arts & Humanities,Low,Low,Yes,3.19,No,0.898,0.369,0.807,0.368,No,No,No,No,No,No,No,Synthetic demonstration only - not real student data,0,0,0,0,0,ai_detection_tool,AI detection fairness stress test
STUD00607,Female,Business,Low,Low,No,2.96,No,0.624,0.154,0.411,0.278,No,No,No,No,No,No,No,Synthetic demonstration only - not real student data,0,0,0,0,0,ai_detection_tool,AI detection fairness stress test
STUD00608,Female,Business,Low,Medium,Yes,3.33,No,0.819,0.29,0.396,0.177,No,No,No,No,No,No,No,Synthetic demonstration only - not real student data,0,0,0,0,0,ai_detection_tool,AI detection fairness stress test
STUD00609,Male,Business,Low,Low,Yes,2.36,Yes,0.846,0.844,0.99,0.709,Yes,Yes,Yes,No,No,No,No,Synthetic demonstration only - not real student data,1,1,0,0,0,ai_detection_tool,AI detection fairness stress test
STUD00610,Male,STEM,Low,Medium,No,3.6,Yes,0.33,0.531,0.807,0.679,Yes,Yes,No,No,No,No,No,Synthetic demonstration only - not real student data,1,1,0,0,0,ai_detection_tool,AI detection fairness stress test
STUD00611,Male,STEM,High,High,Yes,4.05,Yes,0.652,0.664,0.662,0.728,Yes,Yes,No,No,No,No,No,Synthetic demonstration only - not real student data,1,1,0,0,0,ai_detection_tool,AI detection fairness stress test
STUD00612,Female,Arts & Humanities,Medium,Medium,Yes,2.64,No,0.768,0.428,0.2,0.485,No,No,No,No,No,No,No,Synthetic demonstration only - not real student data,0,0,0,0,0,ai_detection_tool,AI detection fairness stress test
STUD00613,Male,STEM,High,High,Yes,4.04,Yes,0.697,0.909,0.712,0.741,Yes,Yes,No,No,No,No,No,Synthetic demonstration only - not real student data,1,1,0,0,0,ai_detection_tool,AI detection fairness stress test
STUD00614,Male,Business,Low,Low,No,2.65,No,0.391,0.517,0.377,0.03,No,No,No,No,No,No,No,Synthetic demonstration only - not real student data,0,0,0,0,0,ai_detection_tool,AI detection fairness stress test
STUD00615,Male,STEM,High,Medium,No,3.36,Yes,0.567,0.671,0.579,0.738,Yes,Yes,Yes,No,No,No,No,Synthetic demonstration only - not real student data,1,1,0,0,0,ai_detection_tool,AI detection fairness stress test
STUD00616,Female,Health,Low,High,No,3.5,Yes,0.715,1,0.584,0.822,Yes,Yes,Yes,No,No,No,No,Synthetic demonstration only - not real student data,1,1,0,0,0,ai_detection_tool,AI detection fairness stress test
STUD00617,Female,Arts & Humanities,Low,Medium,Yes,3.03,No,0.734,0.353,0.459,0.261,No,No,No,No,No,No,No,Synthetic demonstration only - not real student data,0,0,0,0,0,ai_detection_tool,AI detection fairness stress test
STUD00618,Female,Education,Low,High,No,3.31,Yes,0.538,0.639,0.771,0.645,Yes,Yes,No,No,No,No,No,Synthetic demonstration only - not real student data,1,1,0,0,0,ai_detection_tool,AI detection fairness stress test
STUD00619,Male,Social Sciences,High,High,No,4.42,Yes,0.559,0.947,0.483,0.823,Yes,Yes,Yes,No,No,No,No,Synthetic demonstration only - not real student data,1,1,0,0,0,ai_detection_tool,AI detection fairness stress test
STUD00620,Female,STEM,Low,Medium,No,3.49,No,0.495,0.424,0.653,0.061,No,No,No,No,No,No,No,Synthetic demonstration only - not real student data,0,0,0,0,0,ai_detection_tool,AI detection fairness stress test
STUD00621,Male,Social Sciences,Low,High,Yes,3.01,Yes,0.683,0.46,0.684,0.597,Yes,Yes,Yes,No,No,No,No,Synthetic demonstration only - not real student data,1,1,0,0,0,ai_detection_tool,AI detection fairness stress test
STUD00622,Female,Health,Medium,Medium,Yes,2.44,Yes,0.746,0.566,0.823,0.738,Yes,Yes,No,No,No,No,No,Synthetic demonstration only - not real student data,1,1,0,0,0,ai_detection_tool,AI detection fairness stress test
STUD00623,Female,Business,Medium,High,No,3.02,Yes,0.664,0.851,0.728,0.648,Yes,Yes,No,No,No,No,No,Synthetic demonstration only - not real student data,1,1,0,0,0,ai_detection_tool,AI detection fairness stress test
STUD00624,Female,Arts & Humanities,High,Medium,Yes,3.89,Yes,0.69,0.759,0.596,0.69,Yes,Yes,No,No,No,No,No,Synthetic demonstration only - not real student data,1,1,0,0,0,ai_detection_tool,AI detection fairness stress test
STUD00625,Male,Arts & Humanities,High,High,Yes,4.41,Yes,0.659,0.754,0.852,0.659,Yes,Yes,Yes,No,No,No,No,Synthetic demonstration only - not real student data,1,1,0,0,0,ai_detection_tool,AI detection fairness stress test
STUD00626,Non-disclosed,Social Sciences,Medium,Medium,No,4.23,Yes,0.509,0.925,0.668,0.672,Yes,Yes,Yes,No,No,No,No,Synthetic demonstration only - not real student data,1,1,0,0,0,ai_detection_tool,AI detection fairness stress test
STUD00627,Female,Arts & Humanities,Low,Medium,Yes,3.06,No,0.903,0.118,0.589,0.303,No,No,No,No,No,No,No,Synthetic demonstration only - not real student data,0,0,0,0,0,ai_detection_tool,AI detection fairness stress test
STUD00628,Female,Health,Low,Low,No,1.31,No,0.564,0.489,0.387,0.344,No,No,No,No,No,No,No,Synthetic demonstration only - not real student data,0,0,0,0,0,ai_detection_tool,AI detection fairness stress test
STUD00629,Male,STEM,Low,High,No,4.25,Yes,0.394,0.65,0.462,0.718,Yes,Yes,Yes,No,No,No,No,Synthetic demonstration only - not real student data,1,1,0,0,0,ai_detection_tool,AI detection fairness stress test
STUD00630,Male,STEM,Medium,High,No,3.31,Yes,0.27,0.521,0.751,0.626,Yes,Yes,Yes,No,No,No,No,Synthetic demonstration only - not real student data,1,1,0,0,0,ai_detection_tool,AI detection fairness stress test
STUD00631,Female,Arts & Humanities,High,Medium,Yes,3.85,Yes,0.764,0.595,0.507,0.778,Yes,No,Yes,No,No,No,No,Synthetic demonstration only - not real student data,1,1,0,0,0,ai_detection_tool,AI detection fairness stress test
STUD00632,Male,STEM,Medium,Low,Yes,3.23,No,0.481,0.377,0.791,0.401,No,No,No,No,No,No,No,Synthetic demonstration only - not real student data,0,0,0,0,0,ai_detection_tool,AI detection fairness stress test
STUD00633,Female,STEM,High,High,Yes,3.94,Yes,0.724,0.508,0.739,0.828,Yes,Yes,No,No,No,No,No,Synthetic demonstration only - not real student data,1,1,0,0,0,ai_detection_tool,AI detection fairness stress test
STUD00634,Female,STEM,Low,Low,Yes,2.03,No,0.213,0.277,0.765,0.194,No,No,No,No,No,No,No,Synthetic demonstration only - not real student data,0,0,0,0,0,ai_detection_tool,AI detection fairness stress test
STUD00635,Male,Health,High,Medium,No,3.39,Yes,0.28,0.453,0.416,0.715,Yes,No,Yes,No,No,No,No,Synthetic demonstration only - not real student data,1,1,0,0,0,ai_detection_tool,AI detection fairness stress test
STUD00636,Male,STEM,Medium,Medium,No,3.99,Yes,0.608,0.573,0.526,0.652,Yes,No,Yes,No,No,No,No,Synthetic demonstration only - not real student data,1,1,0,0,0,ai_detection_tool,AI detection fairness stress test
STUD00637,Female,Arts & Humanities,Medium,High,No,3.87,No,0.635,0.355,0.725,0.273,No,No,No,No,No,No,No,Synthetic demonstration only - not real student data,0,0,0,0,0,ai_detection_tool,AI detection fairness stress test
STUD00638,Female,STEM,Medium,Medium,Yes,3.82,No,0.659,0.261,0.709,0.28,No,No,No,No,No,No,No,Synthetic demonstration only - not real student data,0,0,0,0,0,ai_detection_tool,AI detection fairness stress test
STUD00639,Male,STEM,Medium,High,Yes,3.64,No,0.524,0.607,0.877,0.331,No,No,No,No,No,No,No,Synthetic demonstration only - not real student data,0,0,0,0,0,ai_detection_tool,AI detection fairness stress test
STUD00640,Female,STEM,Medium,Low,Yes,2.17,Yes,0.581,0.385,0.797,0.815,Yes,Yes,Yes,No,No,No,No,Synthetic demonstration only - not real student data,1,1,0,0,0,ai_detection_tool,AI detection fairness stress test
STUD00641,Female,Health,High,High,No,3.46,Yes,0.186,0.692,0.685,0.872,Yes,Yes,No,No,No,No,No,Synthetic demonstration only - not real student data,1,1,0,0,0,ai_detection_tool,AI detection fairness stress test
STUD00642,Female,Business,Medium,Low,No,2.53,No,0.605,0.538,0.618,0.63,Yes,Yes,No,No,No,Yes,No,Synthetic demonstration only - not real student data,0,1,1,0,0,ai_detection_tool,AI detection fairness stress test
STUD00643,Female,STEM,Low,Medium,Yes,2.51,Yes,0.521,0.317,0.59,0.721,Yes,Yes,Yes,No,No,No,No,Synthetic demonstration only - not real student data,1,1,0,0,0,ai_detection_tool,AI detection fairness stress test
STUD00644,Female,Business,Low,Medium,No,3.21,No,0.479,0.421,0.58,0.397,No,No,No,No,No,No,No,Synthetic demonstration only - not real student data,0,0,0,0,0,ai_detection_tool,AI detection fairness stress test
STUD00645,Male,Social Sciences,Medium,Low,No,3.24,No,0.521,0,0.252,0.222,No,No,No,No,No,No,No,Synthetic demonstration only - not real student data,0,0,0,0,0,ai_detection_tool,AI detection fairness stress test
STUD00646,Non-disclosed,Health,Medium,Medium,No,2.18,Yes,0.629,0.522,0.504,0.858,Yes,Yes,Yes,No,No,No,No,Synthetic demonstration only - not real student data,1,1,0,0,0,ai_detection_tool,AI detection fairness stress test
STUD00647,Female,Arts & Humanities,Low,High,No,3.9,No,0.517,0.439,0.3,0.415,No,No,No,No,No,No,No,Synthetic demonstration only - not real student data,0,0,0,0,0,ai_detection_tool,AI detection fairness stress test
STUD00648,Female,STEM,Low,Low,No,2.58,No,0.767,0.248,0.481,0.438,No,No,No,No,No,No,No,Synthetic demonstration only - not real student data,0,0,0,0,0,ai_detection_tool,AI detection fairness stress test
STUD00649,Male,Health,High,Medium,No,3.67,No,0.554,0.325,0.667,0.027,No,No,No,No,No,No,No,Synthetic demonstration only - not real student data,0,0,0,0,0,ai_detection_tool,AI detection fairness stress test
STUD00650,Male,STEM,Medium,High,No,3.75,Yes,0.445,0.856,0.993,0.715,Yes,Yes,Yes,No,No,No,No,Synthetic demonstration only - not real student data,1,1,0,0,0,ai_detection_tool,AI detection fairness stress test
STUD00651,Female,Business,Medium,Low,No,2.93,Yes,0.471,0.59,0.476,0.756,Yes,Yes,Yes,No,No,No,No,Synthetic demonstration only - not real student data,1,1,0,0,0,ai_detection_tool,AI detection fairness stress test
STUD00652,Female,Health,Medium,Low,Yes,2.02,No,0.482,0.384,0.421,0.406,No,No,No,No,No,No,No,Synthetic demonstration only - not real student data,0,0,0,0,0,ai_detection_tool,AI detection fairness stress test
STUD00653,Male,Health,High,High,Yes,3.31,No,0.773,0.608,0.505,0.449,No,No,No,No,No,No,No,Synthetic demonstration only - not real student data,0,0,0,0,0,ai_detection_tool,AI detection fairness stress test
STUD00654,Female,Arts & Humanities,Medium,Medium,No,3.91,Yes,0.718,0.788,0.696,0.847,Yes,Yes,Yes,No,No,No,No,Synthetic demonstration only - not real student data,1,1,0,0,0,ai_detection_tool,AI detection fairness stress test
STUD00655,Male,Social Sciences,High,High,Yes,3.32,Yes,0.655,0.675,0.727,0.826,Yes,Yes,Yes,No,No,No,No,Synthetic demonstration only - not real student data,1,1,0,0,0,ai_detection_tool,AI detection fairness stress test
STUD00656,Female,Social Sciences,Medium,Medium,No,2.75,No,0.523,0.175,0.813,0.166,No,No,No,No,No,No,No,Synthetic demonstration only - not real student data,0,0,0,0,0,ai_detection_tool,AI detection fairness stress test
STUD00657,Female,STEM,Medium,High,No,3.3,Yes,0.302,0.492,0.705,0.632,Yes,No,Yes,Yes,No,No,No,Synthetic demonstration only - not real student data,1,1,0,0,0,ai_detection_tool,AI detection fairness stress test
STUD00658,Male,Social Sciences,Medium,Medium,No,4.43,No,0.663,0.526,0.616,0.269,No,No,No,No,No,No,No,Synthetic demonstration only - not real student data,0,0,0,0,0,ai_detection_tool,AI detection fairness stress test
STUD00659,Female,Social Sciences,Medium,Medium,Yes,1.92,No,0.813,0.561,0.756,0.382,No,No,No,No,No,No,No,Synthetic demonstration only - not real student data,0,0,0,0,0,ai_detection_tool,AI detection fairness stress test
STUD00660,Female,Health,Medium,High,Yes,3.01,No,0.564,0.422,0.872,0.337,No,No,No,No,No,No,No,Synthetic demonstration only - not real student data,0,0,0,0,0,ai_detection_tool,AI detection fairness stress test
STUD00661,Male,Arts & Humanities,Low,High,Yes,3.83,Yes,0.538,0.866,0.637,0.784,Yes,Yes,Yes,No,No,No,No,Synthetic demonstration only - not real student data,1,1,0,0,0,ai_detection_tool,AI detection fairness stress test
STUD00662,Female,Social Sciences,Medium,Medium,No,2.67,No,0.667,0.488,0.446,0.42,No,No,No,No,No,No,No,Synthetic demonstration only - not real student data,0,0,0,0,0,ai_detection_tool,AI detection fairness stress test
STUD00663,Female,Arts & Humanities,Medium,Medium,Yes,4.06,Yes,0.74,0.274,0.436,0.817,Yes,Yes,Yes,No,No,No,No,Synthetic demonstration only - not real student data,1,1,0,0,0,ai_detection_tool,AI detection fairness stress test
STUD00664,Male,Social Sciences,Medium,Medium,No,4.0,No,1,0.01,0.725,0.013,No,No,No,No,No,No,No,Synthetic demonstration only - not real student data,0,0,0,0,0,ai_detection_tool,AI detection fairness stress test
STUD00665,Male,STEM,Medium,Low,Yes,3.58,No,0.664,0.281,0.248,0.443,No,No,No,No,No,No,No,Synthetic demonstration only - not real student data,0,0,0,0,0,ai_detection_tool,AI detection fairness stress test
STUD00666,Male,STEM,High,High,Yes,4.93,Yes,0.462,0.567,0.601,0.714,Yes,No,No,No,No,No,No,Synthetic demonstration only - not real student data,1,1,0,0,0,ai_detection_tool,AI detection fairness stress test
STUD00667,Male,STEM,Low,Medium,No,3.08,No,0.674,0.213,0.695,0.379,No,No,No,No,No,No,No,Synthetic demonstration only - not real student data,0,0,0,0,0,ai_detection_tool,AI detection fairness stress test
STUD00668,Male,Social Sciences,High,High,No,4.59,No,0.571,0.525,0.686,0.42,No,No,No,No,No,No,No,Synthetic demonstration only - not real student data,0,0,0,0,0,ai_detection_tool,AI detection fairness stress test
STUD00669,Male,Education,Low,Medium,No,3.09,No,0.747,0.444,0.473,0.279,No,No,No,No,No,No,No,Synthetic demonstration only - not real student data,0,0,0,0,0,ai_detection_tool,AI detection fairness stress test
STUD00670,Male,STEM,High,Medium,No,3.81,Yes,0.287,0.755,0.851,0.942,Yes,No,Yes,No,No,No,No,Synthetic demonstration only - not real student data,1,1,0,0,0,ai_detection_tool,AI detection fairness stress test
STUD00671,Female,Arts & Humanities,Low,High,Yes,2.43,Yes,0.585,0.601,0.359,0.908,Yes,Yes,No,No,No,No,No,Synthetic demonstration only - not real student data,1,1,0,0,0,ai_detection_tool,AI detection fairness stress test
STUD00672,Female,Health,Medium,Medium,No,2.59,No,0.7,0.166,0.565,0.328,No,No,No,No,No,No,No,Synthetic demonstration only - not real student data,0,0,0,0,0,ai_detection_tool,AI detection fairness stress test
STUD00673,Female,STEM,High,Medium,No,3.66,No,0.622,0.569,0.483,0.39,No,No,No,No,No,No,No,Synthetic demonstration only - not real student data,0,0,0,0,0,ai_detection_tool,AI detection fairness stress test
STUD00674,Male,Education,Medium,High,Yes,4.1,No,0.616,0.256,0.518,0.201,No,No,No,No,No,No,No,Synthetic demonstration only - not real student data,0,0,0,0,0,ai_detection_tool,AI detection fairness stress test
STUD00675,Female,Arts & Humanities,Low,Medium,No,3.3,No,0.439,0.312,0.49,0.183,No,No,No,No,No,No,No,Synthetic demonstration only - not real student data,0,0,0,0,0,ai_detection_tool,AI detection fairness stress test
STUD00676,Male,Business,High,Medium,Yes,2.69,No,0.511,0.215,0.72,0.127,No,No,No,No,No,No,No,Synthetic demonstration only - not real student data,0,0,0,0,0,ai_detection_tool,AI detection fairness stress test
STUD00677,Male,STEM,Medium,High,No,4.36,No,0.772,0.415,0.494,0.351,No,No,No,No,No,No,No,Synthetic demonstration only - not real student data,0,0,0,0,0,ai_detection_tool,AI detection fairness stress test
STUD00678,Female,Business,Medium,High,No,3.29,No,0.381,0.39,0.31,0,No,No,No,No,No,No,No,Synthetic demonstration only - not real student data,0,0,0,0,0,ai_detection_tool,AI detection fairness stress test
STUD00679,Male,Business,Medium,Medium,No,3.98,No,0.817,0.551,0.77,0.156,No,No,No,No,No,No,No,Synthetic demonstration only - not real student data,0,0,0,0,0,ai_detection_tool,AI detection fairness stress test
STUD00680,Male,Arts & Humanities,Low,Medium,Yes,2.83,No,0.617,0.461,0.679,0.524,No,No,No,No,No,No,No,Synthetic demonstration only - not real student data,0,0,0,0,0,ai_detection_tool,AI detection fairness stress test
STUD00681,Male,STEM,Medium,High,No,4.47,No,0.513,0.172,0.703,0.262,No,No,No,No,No,No,No,Synthetic demonstration only - not real student data,0,0,0,0,0,ai_detection_tool,AI detection fairness stress test
STUD00682,Non-disclosed,STEM,High,Low,No,2.57,No,0.741,0.29,0.511,0.349,No,No,No,No,No,No,No,Synthetic demonstration only - not real student data,0,0,0,0,0,ai_detection_tool,AI detection fairness stress test
STUD00683,Female,Arts & Humanities,High,Medium,No,2.49,No,0.773,0.239,0.288,0.438,No,No,No,No,No,No,No,Synthetic demonstration only - not real student data,0,0,0,0,0,ai_detection_tool,AI detection fairness stress test
STUD00684,Female,Health,Low,Medium,Yes,2.19,No,0.467,0.224,0.852,0.263,No,No,No,No,No,No,No,Synthetic demonstration only - not real student data,0,0,0,0,0,ai_detection_tool,AI detection fairness stress test
STUD00685,Male,STEM,High,High,Yes,3.32,Yes,0.583,0.648,0.664,0.94,Yes,Yes,Yes,No,No,No,No,Synthetic demonstration only - not real student data,1,1,0,0,0,ai_detection_tool,AI detection fairness stress test
STUD00686,Female,Arts & Humanities,High,Medium,No,3.75,No,0.382,0.26,0.573,0.211,No,No,No,No,No,No,No,Synthetic demonstration only - not real student data,0,0,0,0,0,ai_detection_tool,AI detection fairness stress test
STUD00687,Male,Social Sciences,Low,High,No,4.3,No,0.784,0.486,0.616,0.343,No,No,No,No,No,No,No,Synthetic demonstration only - not real student data,0,0,0,0,0,ai_detection_tool,AI detection fairness stress test
STUD00688,Male,Education,High,Low,No,3.52,No,0.359,0.287,0.552,0.29,No,No,No,No,No,No,No,Synthetic demonstration only - not real student data,0,0,0,0,0,ai_detection_tool,AI detection fairness stress test
STUD00689,Female,Social Sciences,Medium,Medium,No,2.25,No,0.671,0,0.475,0.164,No,No,No,No,No,No,No,Synthetic demonstration only - not real student data,0,0,0,0,0,ai_detection_tool,AI detection fairness stress test
STUD00690,Female,STEM,Low,High,Yes,4.1,Yes,0.759,0.383,0.599,0.616,Yes,Yes,Yes,No,No,No,No,Synthetic demonstration only - not real student data,1,1,0,0,0,ai_detection_tool,AI detection fairness stress test
STUD00691,Female,Business,High,Medium,Yes,3.63,Yes,0.621,0.597,0.49,0.908,Yes,No,Yes,No,No,No,No,Synthetic demonstration only - not real student data,1,1,0,0,0,ai_detection_tool,AI detection fairness stress test
STUD00692,Female,Health,Medium,High,Yes,4.05,Yes,0.73,0.702,0.942,0.733,Yes,Yes,Yes,Yes,No,No,No,Synthetic demonstration only - not real student data,1,1,0,0,0,ai_detection_tool,AI detection fairness stress test
STUD00693,Female,Health,Low,Medium,Yes,3.22,Yes,0.476,0.377,1,0.602,Yes,No,Yes,No,No,No,No,Synthetic demonstration only - not real student data,1,1,0,0,0,ai_detection_tool,AI detection fairness stress test
STUD00694,Female,Education,Medium,Medium,No,3.26,No,0.313,0.315,0.638,0.212,No,No,No,No,No,No,No,Synthetic demonstration only - not real student data,0,0,0,0,0,ai_detection_tool,AI detection fairness stress test
STUD00695,Male,Business,High,Medium,No,2.84,No,0.477,0.302,0.564,0.418,No,No,No,No,No,No,No,Synthetic demonstration only - not real student data,0,0,0,0,0,ai_detection_tool,AI detection fairness stress test
STUD00696,Female,STEM,Medium,Medium,Yes,3.1,No,0.808,0.342,0.621,0.476,No,No,No,No,No,No,No,Synthetic demonstration only - not real student data,0,0,0,0,0,ai_detection_tool,AI detection fairness stress test
STUD00697,Male,STEM,High,High,Yes,4.14,No,0.727,0.632,0.396,0.265,No,No,No,No,No,No,No,Synthetic demonstration only - not real student data,0,0,0,0,0,ai_detection_tool,AI detection fairness stress test
STUD00698,Male,Business,Low,Medium,Yes,4.61,No,0.65,0.349,0.898,0.351,No,No,No,No,No,No,No,Synthetic demonstration only - not real student data,0,0,0,0,0,ai_detection_tool,AI detection fairness stress test
STUD00699,Male,Business,High,High,Yes,3.2,Yes,0.546,0.184,0.64,0.745,Yes,Yes,Yes,No,No,No,No,Synthetic demonstration only - not real student data,1,1,0,0,0,ai_detection_tool,AI detection fairness stress test
STUD00700,Male,Arts & Humanities,High,High,Yes,3.6,No,0.924,0.345,0.781,0.199,No,No,No,No,No,No,No,Synthetic demonstration only - not real student data,0,0,0,0,0,ai_detection_tool,AI detection fairness stress test
STUD00701,Male,Arts & Humanities,Medium,High,No,3.64,Yes,0.583,0.806,0.447,0.878,Yes,Yes,Yes,Yes,No,No,No,Synthetic demonstration only - not real student data,1,1,0,0,0,ai_detection_tool,AI detection fairness stress test
STUD00702,Female,Arts & Humanities,Low,Medium,Yes,2.7,Yes,0.7,0.899,0.586,0.774,Yes,Yes,No,No,No,No,No,Synthetic demonstration only - not real student data,1,1,0,0,0,ai_detection_tool,AI detection fairness stress test
STUD00703,Male,Education,Medium,Low,No,2.39,No,0.531,0.264,0.698,0.546,No,No,No,No,No,No,No,Synthetic demonstration only - not real student data,0,0,0,0,0,ai_detection_tool,AI detection fairness stress test
STUD00704,Female,Business,Medium,Low,Yes,2.54,No,0.607,0.393,0.516,0.369,No,No,No,No,No,No,No,Synthetic demonstration only - not real student data,0,0,0,0,0,ai_detection_tool,AI detection fairness stress test
STUD00705,Male,STEM,Medium,Medium,No,4.04,Yes,0.786,0.394,0.76,0.751,Yes,Yes,Yes,No,No,No,No,Synthetic demonstration only - not real student data,1,1,0,0,0,ai_detection_tool,AI detection fairness stress test
STUD00706,Female,STEM,Medium,Low,No,3.02,No,0.577,0.414,0.286,0.401,No,No,No,No,No,No,No,Synthetic demonstration only - not real student data,0,0,0,0,0,ai_detection_tool,AI detection fairness stress test
STUD00707,Female,Arts & Humanities,High,Medium,No,2.7,No,0.842,0.04,0.545,0.34,No,No,No,No,No,No,No,Synthetic demonstration only - not real student data,0,0,0,0,0,ai_detection_tool,AI detection fairness stress test
STUD00708,Female,STEM,Low,Low,No,1.81,No,0.54,0.555,0.28,0.678,Yes,Yes,Yes,Yes,Yes,Yes,No,Synthetic demonstration only - not real student data,0,1,1,0,1,ai_detection_tool,AI detection fairness stress test
STUD00709,Male,STEM,Medium,Low,Yes,3.14,No,0.242,0.335,0.954,0.324,No,No,No,No,No,No,No,Synthetic demonstration only - not real student data,0,0,0,0,0,ai_detection_tool,AI detection fairness stress test
STUD00710,Male,Arts & Humanities,Low,Medium,No,4.36,No,0.523,0.299,0.584,0.317,No,No,No,No,No,No,No,Synthetic demonstration only - not real student data,0,0,0,0,0,ai_detection_tool,AI detection fairness stress test
STUD00711,Non-disclosed,Social Sciences,Medium,Medium,Yes,3.73,Yes,0.692,0.587,0.603,0.675,Yes,Yes,No,No,No,No,No,Synthetic demonstration only - not real student data,1,1,0,0,0,ai_detection_tool,AI detection fairness stress test
STUD00712,Female,Business,Medium,Low,Yes,3.14,No,0.604,0.343,0.902,0.394,No,No,No,No,No,No,No,Synthetic demonstration only - not real student data,0,0,0,0,0,ai_detection_tool,AI detection fairness stress test
STUD00713,Female,Arts & Humanities,Low,High,Yes,4.04,Yes,0.591,0.73,0.717,0.501,No,No,No,No,No,No,Yes,Synthetic demonstration only - not real student data,1,0,0,1,0,ai_detection_tool,AI detection fairness stress test
STUD00714,Female,Health,Medium,Medium,No,2.64,Yes,0.456,0.577,0.349,0.887,Yes,Yes,No,No,No,No,No,Synthetic demonstration only - not real student data,1,1,0,0,0,ai_detection_tool,AI detection fairness stress test
STUD00715,Female,Arts & Humanities,Medium,High,Yes,3.18,Yes,0.29,0.578,0.652,0.615,Yes,Yes,No,No,No,No,No,Synthetic demonstration only - not real student data,1,1,0,0,0,ai_detection_tool,AI detection fairness stress test
STUD00716,Female,Business,Low,Medium,No,1,No,0.882,0.155,0.705,0.197,No,No,No,No,No,No,No,Synthetic demonstration only - not real student data,0,0,0,0,0,ai_detection_tool,AI detection fairness stress test
STUD00717,Male,Social Sciences,Medium,Low,No,2.86,No,0.599,0.304,0.461,0.487,No,No,No,No,No,No,No,Synthetic demonstration only - not real student data,0,0,0,0,0,ai_detection_tool,AI detection fairness stress test
STUD00718,Male,Arts & Humanities,Medium,High,No,4.34,No,0.695,0.414,0.551,0.186,No,No,No,No,No,No,No,Synthetic demonstration only - not real student data,0,0,0,0,0,ai_detection_tool,AI detection fairness stress test
STUD00719,Male,Business,Low,Medium,Yes,3.6,No,0.802,0.422,0.428,0.3,No,No,No,No,No,No,No,Synthetic demonstration only - not real student data,0,0,0,0,0,ai_detection_tool,AI detection fairness stress test
STUD00720,Female,Business,Medium,Medium,Yes,2.28,Yes,0.563,0.702,0.923,0.921,Yes,No,Yes,No,No,No,No,Synthetic demonstration only - not real student data,1,1,0,0,0,ai_detection_tool,AI detection fairness stress test
STUD00721,Male,STEM,Medium,High,Yes,3.59,Yes,0.738,0.913,0.841,0.573,Yes,Yes,Yes,No,No,No,No,Synthetic demonstration only - not real student data,1,1,0,0,0,ai_detection_tool,AI detection fairness stress test
STUD00722,Female,Education,Low,High,No,3.13,Yes,0.716,0.677,0.94,0.673,Yes,Yes,Yes,No,No,No,No,Synthetic demonstration only - not real student data,1,1,0,0,0,ai_detection_tool,AI detection fairness stress test
STUD00723,Female,Health,Medium,High,No,3.79,Yes,0.417,0.473,0.47,0.659,Yes,Yes,No,No,No,No,No,Synthetic demonstration only - not real student data,1,1,0,0,0,ai_detection_tool,AI detection fairness stress test
STUD00724,Female,Social Sciences,Low,Low,Yes,1.97,No,0.71,0.492,0.587,0.232,No,No,No,No,No,No,No,Synthetic demonstration only - not real student data,0,0,0,0,0,ai_detection_tool,AI detection fairness stress test
STUD00725,Female,STEM,Medium,Low,No,2.73,Yes,0.546,0.945,0.372,0.975,Yes,Yes,No,No,No,No,No,Synthetic demonstration only - not real student data,1,1,0,0,0,ai_detection_tool,AI detection fairness stress test
STUD00726,Male,STEM,High,Low,No,3.62,No,0.636,0.361,0.636,0.361,No,No,No,No,No,No,No,Synthetic demonstration only - not real student data,0,0,0,0,0,ai_detection_tool,AI detection fairness stress test
STUD00727,Male,STEM,High,High,Yes,4.2,Yes,0.415,0.761,0.897,0.57,Yes,Yes,Yes,Yes,Yes,No,No,Synthetic demonstration only - not real student data,1,1,0,0,1,ai_detection_tool,AI detection fairness stress test
STUD00728,Male,Arts & Humanities,High,Low,Yes,2.88,Yes,0.336,0.589,0.95,0.925,Yes,Yes,Yes,Yes,No,No,No,Synthetic demonstration only - not real student data,1,1,0,0,0,ai_detection_tool,AI detection fairness stress test
STUD00729,Female,Education,High,Medium,No,3.5,Yes,0.583,0.961,0.898,0.673,Yes,Yes,No,No,No,No,No,Synthetic demonstration only - not real student data,1,1,0,0,0,ai_detection_tool,AI detection fairness stress test
STUD00730,Male,Social Sciences,Low,Medium,No,4.1,No,0.561,0.303,0.474,0.215,No,No,No,No,No,No,No,Synthetic demonstration only - not real student data,0,0,0,0,0,ai_detection_tool,AI detection fairness stress test
STUD00731,Male,STEM,High,Low,No,4.23,No,0.401,0.339,0.555,0.367,No,No,No,No,No,No,No,Synthetic demonstration only - not real student data,0,0,0,0,0,ai_detection_tool,AI detection fairness stress test
STUD00732,Male,STEM,Medium,Medium,No,3.4,No,0.712,0.461,0.691,0.298,No,No,No,No,No,No,No,Synthetic demonstration only - not real student data,0,0,0,0,0,ai_detection_tool,AI detection fairness stress test
STUD00733,Female,Social Sciences,Medium,Low,Yes,1.61,No,0.753,0.366,0.464,0.447,No,No,No,No,No,No,No,Synthetic demonstration only - not real student data,0,0,0,0,0,ai_detection_tool,AI detection fairness stress test
STUD00734,Female,Arts & Humanities,Medium,Medium,No,2.15,No,0.442,0.511,0.342,0.415,No,No,No,No,No,No,No,Synthetic demonstration only - not real student data,0,0,0,0,0,ai_detection_tool,AI detection fairness stress test
STUD00735,Male,Health,Low,High,Yes,4.07,Yes,0.559,1,0.593,0.874,Yes,No,No,No,No,No,No,Synthetic demonstration only - not real student data,1,1,0,0,0,ai_detection_tool,AI detection fairness stress test
STUD00736,Male,STEM,High,Low,No,3.37,No,0.534,0.611,0.642,0.39,No,No,No,No,No,No,No,Synthetic demonstration only - not real student data,0,0,0,0,0,ai_detection_tool,AI detection fairness stress test
STUD00737,Male,Arts & Humanities,Low,Medium,No,2.7,No,0.78,0.636,0.703,0.398,No,No,No,No,No,No,No,Synthetic demonstration only - not real student data,0,0,0,0,0,ai_detection_tool,AI detection fairness stress test
STUD00738,Female,STEM,Medium,Low,No,2.38,Yes,0.629,0.835,0.627,0.642,Yes,Yes,Yes,No,No,No,No,Synthetic demonstration only - not real student data,1,1,0,0,0,ai_detection_tool,AI detection fairness stress test
STUD00739,Male,Arts & Humanities,Low,Medium,No,4.46,No,0.653,0.663,0.573,0.274,No,No,No,No,No,No,No,Synthetic demonstration only - not real student data,0,0,0,0,0,ai_detection_tool,AI detection fairness stress test
STUD00740,Male,Education,Medium,High,No,2.9,Yes,0.758,1,0.137,0.773,Yes,Yes,Yes,No,No,No,No,Synthetic demonstration only - not real student data,1,1,0,0,0,ai_detection_tool,AI detection fairness stress test
STUD00741,Female,STEM,Medium,Medium,No,3.35,Yes,0.356,0.483,0.368,0.801,Yes,Yes,Yes,Yes,Yes,No,No,Synthetic demonstration only - not real student data,1,1,0,0,1,ai_detection_tool,AI detection fairness stress test
STUD00742,Male,Education,Medium,Low,No,4.01,Yes,0.3,0.466,0.547,0.842,Yes,Yes,Yes,No,No,No,No,Synthetic demonstration only - not real student data,1,1,0,0,0,ai_detection_tool,AI detection fairness stress test
STUD00743,Non-disclosed,Arts & Humanities,High,Medium,Yes,2.63,Yes,0.992,0.584,0.815,0.699,Yes,Yes,No,No,No,No,No,Synthetic demonstration only - not real student data,1,1,0,0,0,ai_detection_tool,AI detection fairness stress test
STUD00744,Non-disclosed,Health,Medium,Low,No,2.81,Yes,0.552,0.53,0.479,0.681,Yes,Yes,No,No,No,No,No,Synthetic demonstration only - not real student data,1,1,0,0,0,ai_detection_tool,AI detection fairness stress test
STUD00745,Female,STEM,High,Medium,Yes,2.93,No,0.234,0.235,0.366,0.412,No,No,No,No,No,No,No,Synthetic demonstration only - not real student data,0,0,0,0,0,ai_detection_tool,AI detection fairness stress test
STUD00746,Male,Health,High,High,Yes,5,No,0.48,0.55,0.738,0.184,No,No,No,No,No,No,No,Synthetic demonstration only - not real student data,0,0,0,0,0,ai_detection_tool,AI detection fairness stress test
STUD00747,Male,Health,Low,Medium,No,3.73,No,0.562,0.109,0.555,0.396,No,No,No,No,No,No,No,Synthetic demonstration only - not real student data,0,0,0,0,0,ai_detection_tool,AI detection fairness stress test
STUD00748,Male,Social Sciences,Low,High,Yes,4.98,Yes,0.727,0.674,0.668,0.844,Yes,Yes,Yes,No,No,No,No,Synthetic demonstration only - not real student data,1,1,0,0,0,ai_detection_tool,AI detection fairness stress test
STUD00749,Female,Arts & Humanities,High,Low,No,2.86,No,0.664,0.618,0.638,0.229,No,No,No,No,No,No,No,Synthetic demonstration only - not real student data,0,0,0,0,0,ai_detection_tool,AI detection fairness stress test
STUD00750,Male,STEM,High,Medium,No,4.45,Yes,0.441,0.498,0.6,0.932,Yes,Yes,No,No,No,No,No,Synthetic demonstration only - not real student data,1,1,0,0,0,ai_detection_tool,AI detection fairness stress test
STUD00751,Male,Health,High,Medium,Yes,4.02,Yes,0.454,0.613,0.741,0.601,Yes,Yes,Yes,No,No,No,No,Synthetic demonstration only - not real student data,1,1,0,0,0,ai_detection_tool,AI detection fairness stress test
STUD00752,Male,Business,High,Low,No,3.62,No,0.532,0.231,0.475,0.393,No,No,No,No,No,No,No,Synthetic demonstration only - not real student data,0,0,0,0,0,ai_detection_tool,AI detection fairness stress test
STUD00753,Non-disclosed,Arts & Humanities,Medium,Medium,Yes,3.47,No,0.662,0.296,0.498,0.47,No,No,No,No,No,No,No,Synthetic demonstration only - not real student data,0,0,0,0,0,ai_detection_tool,AI detection fairness stress test
STUD00754,Female,Social Sciences,Medium,Medium,No,3.22,Yes,0.867,0.387,0.572,0.638,Yes,Yes,Yes,Yes,No,No,No,Synthetic demonstration only - not real student data,1,1,0,0,0,ai_detection_tool,AI detection fairness stress test
STUD00755,Female,Health,Medium,High,No,3.53,Yes,0.821,0.822,0.535,0.766,Yes,Yes,Yes,No,No,No,No,Synthetic demonstration only - not real student data,1,1,0,0,0,ai_detection_tool,AI detection fairness stress test
STUD00756,Male,STEM,Medium,High,No,3.71,Yes,0.799,0.726,0.571,0.713,Yes,Yes,Yes,No,No,No,No,Synthetic demonstration only - not real student data,1,1,0,0,0,ai_detection_tool,AI detection fairness stress test
STUD00757,Non-disclosed,Social Sciences,Medium,Medium,Yes,3.52,Yes,0.784,0.708,0.633,0.897,Yes,Yes,Yes,No,No,No,No,Synthetic demonstration only - not real student data,1,1,0,0,0,ai_detection_tool,AI detection fairness stress test
STUD00758,Male,STEM,High,Medium,Yes,3.58,Yes,0.726,0.639,0.596,0.724,Yes,Yes,Yes,No,No,No,No,Synthetic demonstration only - not real student data,1,1,0,0,0,ai_detection_tool,AI detection fairness stress test
STUD00759,Non-disclosed,Arts & Humanities,High,Low,Yes,3.31,No,0.526,0.262,0.373,0.209,No,No,No,No,No,No,No,Synthetic demonstration only - not real student data,0,0,0,0,0,ai_detection_tool,AI detection fairness stress test
STUD00760,Female,Arts & Humanities,Medium,Medium,Yes,3.23,Yes,0.55,0.701,0.514,0.675,Yes,Yes,No,No,No,No,No,Synthetic demonstration only - not real student data,1,1,0,0,0,ai_detection_tool,AI detection fairness stress test
STUD00761,Male,Business,Medium,Medium,No,4.88,No,0.11,0.553,0.708,0.187,No,No,No,No,No,No,No,Synthetic demonstration only - not real student data,0,0,0,0,0,ai_detection_tool,AI detection fairness stress test
STUD00762,Male,Health,Low,High,Yes,3.5,Yes,0.69,0.735,0.588,0.772,Yes,Yes,Yes,No,No,No,No,Synthetic demonstration only - not real student data,1,1,0,0,0,ai_detection_tool,AI detection fairness stress test
STUD00763,Female,STEM,High,High,Yes,4.18,No,0.334,0.575,0.628,0.297,No,No,No,No,No,No,No,Synthetic demonstration only - not real student data,0,0,0,0,0,ai_detection_tool,AI detection fairness stress test
STUD00764,Male,STEM,High,High,Yes,4.77,Yes,0.694,0.619,0.803,0.702,Yes,Yes,No,No,No,No,No,Synthetic demonstration only - not real student data,1,1,0,0,0,ai_detection_tool,AI detection fairness stress test
STUD00765,Male,Business,High,Medium,No,3.79,Yes,0.951,0.487,0.364,0.801,Yes,Yes,No,No,No,No,No,Synthetic demonstration only - not real student data,1,1,0,0,0,ai_detection_tool,AI detection fairness stress test
STUD00766,Non-disclosed,STEM,Medium,High,Yes,2.84,Yes,0.62,0.541,0.486,0.537,No,No,No,No,No,No,Yes,Synthetic demonstration only - not real student data,1,0,0,1,0,ai_detection_tool,AI detection fairness stress test
STUD00767,Male,Arts & Humanities,Medium,Medium,No,3.63,No,0.668,0.241,0.375,0.493,No,No,No,No,No,No,No,Synthetic demonstration only - not real student data,0,0,0,0,0,ai_detection_tool,AI detection fairness stress test
STUD00768,Male,STEM,High,Medium,Yes,3.88,Yes,0.458,0.556,0.725,0.949,Yes,Yes,Yes,No,No,No,No,Synthetic demonstration only - not real student data,1,1,0,0,0,ai_detection_tool,AI detection fairness stress test
STUD00769,Male,Health,Medium,High,Yes,4.94,No,0.471,0.368,0.58,0.1,No,No,No,No,No,No,No,Synthetic demonstration only - not real student data,0,0,0,0,0,ai_detection_tool,AI detection fairness stress test
STUD00770,Female,Business,Low,High,Yes,3.67,Yes,0.644,0.583,0.662,0.693,Yes,Yes,No,No,No,No,No,Synthetic demonstration only - not real student data,1,1,0,0,0,ai_detection_tool,AI detection fairness stress test
STUD00771,Female,Health,Low,Medium,No,3.05,Yes,0.426,0.744,0.84,0.697,Yes,No,No,No,No,No,No,Synthetic demonstration only - not real student data,1,1,0,0,0,ai_detection_tool,AI detection fairness stress test
STUD00772,Female,Health,Low,Medium,No,2.8,No,0.534,0.414,0.763,0.311,No,No,No,No,No,No,No,Synthetic demonstration only - not real student data,0,0,0,0,0,ai_detection_tool,AI detection fairness stress test
STUD00773,Female,Education,Low,Low,Yes,2.55,No,0.813,0.311,0.825,0.455,No,No,No,No,No,No,No,Synthetic demonstration only - not real student data,0,0,0,0,0,ai_detection_tool,AI detection fairness stress test
STUD00774,Male,STEM,Medium,High,Yes,3.93,Yes,0.595,0.797,0.555,0.504,No,No,No,No,No,No,Yes,Synthetic demonstration only - not real student data,1,0,0,1,0,ai_detection_tool,AI detection fairness stress test
STUD00775,Female,Business,Medium,Medium,Yes,3.49,No,0.178,0.497,0.493,0.284,No,No,No,No,No,No,No,Synthetic demonstration only - not real student data,0,0,0,0,0,ai_detection_tool,AI detection fairness stress test
STUD00776,Male,Arts & Humanities,Medium,Medium,Yes,2.35,No,0.729,0.416,0.831,0.351,No,No,No,No,No,No,No,Synthetic demonstration only - not real student data,0,0,0,0,0,ai_detection_tool,AI detection fairness stress test
STUD00777,Male,STEM,Medium,High,No,4.0,Yes,0.552,0.593,0.916,0.64,Yes,Yes,Yes,No,No,No,No,Synthetic demonstration only - not real student data,1,1,0,0,0,ai_detection_tool,AI detection fairness stress test
STUD00778,Female,Business,Low,Low,No,2.55,No,0.685,0.216,0.366,0.452,No,No,No,No,No,No,No,Synthetic demonstration only - not real student data,0,0,0,0,0,ai_detection_tool,AI detection fairness stress test
STUD00779,Male,STEM,Medium,Medium,No,3.71,No,0.471,0.158,0.693,0.194,No,No,No,No,No,No,No,Synthetic demonstration only - not real student data,0,0,0,0,0,ai_detection_tool,AI detection fairness stress test
STUD00780,Female,Health,High,Medium,No,3.72,Yes,0.588,0.777,0.455,0.873,Yes,Yes,No,No,No,No,No,Synthetic demonstration only - not real student data,1,1,0,0,0,ai_detection_tool,AI detection fairness stress test
STUD00781,Male,Social Sciences,Medium,High,No,2.97,No,0.795,0.639,0.613,0.404,No,No,No,No,No,No,No,Synthetic demonstration only - not real student data,0,0,0,0,0,ai_detection_tool,AI detection fairness stress test
STUD00782,Male,Health,High,Medium,Yes,3.82,No,0.475,0.57,0.402,0.453,No,No,No,No,No,No,No,Synthetic demonstration only - not real student data,0,0,0,0,0,ai_detection_tool,AI detection fairness stress test
STUD00783,Female,Education,Low,High,Yes,3.33,Yes,0.534,0.781,0.706,0.636,Yes,Yes,Yes,No,No,No,No,Synthetic demonstration only - not real student data,1,1,0,0,0,ai_detection_tool,AI detection fairness stress test
STUD00784,Male,STEM,High,High,No,5,No,0.503,0.692,0.885,0.492,No,No,No,No,No,No,No,Synthetic demonstration only - not real student data,0,0,0,0,0,ai_detection_tool,AI detection fairness stress test
STUD00785,Female,Business,High,Medium,Yes,3.37,Yes,0.636,0.869,0.955,0.765,Yes,No,Yes,No,No,No,No,Synthetic demonstration only - not real student data,1,1,0,0,0,ai_detection_tool,AI detection fairness stress test
STUD00786,Female,Arts & Humanities,Medium,Medium,No,1.69,Yes,0.586,0.553,0.617,0.828,Yes,Yes,Yes,No,No,No,No,Synthetic demonstration only - not real student data,1,1,0,0,0,ai_detection_tool,AI detection fairness stress test
STUD00787,Male,Health,Low,Low,No,2.95,No,0.53,0.37,0.444,0.395,No,No,No,No,No,No,No,Synthetic demonstration only - not real student data,0,0,0,0,0,ai_detection_tool,AI detection fairness stress test
STUD00788,Male,Business,High,High,Yes,4.52,Yes,0.668,0.856,0.809,0.696,Yes,Yes,No,No,No,No,No,Synthetic demonstration only - not real student data,1,1,0,0,0,ai_detection_tool,AI detection fairness stress test
STUD00789,Male,Business,Low,High,Yes,4.24,No,0.678,0.38,0.538,0.423,No,No,No,No,No,No,No,Synthetic demonstration only - not real student data,0,0,0,0,0,ai_detection_tool,AI detection fairness stress test
STUD00790,Female,Education,Low,Low,No,1.6,No,0.484,0.671,0.715,0.459,No,No,No,No,No,No,No,Synthetic demonstration only - not real student data,0,0,0,0,0,ai_detection_tool,AI detection fairness stress test
STUD00791,Female,Arts & Humanities,Low,Medium,Yes,3.67,No,0.773,0.269,0.69,0.173,No,No,No,No,No,No,No,Synthetic demonstration only - not real student data,0,0,0,0,0,ai_detection_tool,AI detection fairness stress test
STUD00792,Male,Business,Medium,Medium,No,4.05,No,0.53,0.429,0.688,0.318,No,No,No,No,No,No,No,Synthetic demonstration only - not real student data,0,0,0,0,0,ai_detection_tool,AI detection fairness stress test
STUD00793,Female,STEM,Medium,Low,No,2.27,No,0.566,0.416,0.452,0.426,No,No,No,No,No,No,No,Synthetic demonstration only - not real student data,0,0,0,0,0,ai_detection_tool,AI detection fairness stress test
STUD00794,Female,Business,Medium,Medium,Yes,4.15,No,0.504,0.217,0.486,0.51,No,No,No,No,No,No,No,Synthetic demonstration only - not real student data,0,0,0,0,0,ai_detection_tool,AI detection fairness stress test
STUD00795,Female,Business,Low,Low,No,2.42,No,0.54,0.283,0.647,0.323,No,No,No,No,No,No,No,Synthetic demonstration only - not real student data,0,0,0,0,0,ai_detection_tool,AI detection fairness stress test
STUD00796,Male,Education,High,Medium,No,3.96,No,0.521,0.452,0.648,0.163,No,No,No,No,No,No,No,Synthetic demonstration only - not real student data,0,0,0,0,0,ai_detection_tool,AI detection fairness stress test
STUD00797,Non-disclosed,Education,Low,Medium,Yes,3.41,No,0.636,0.146,0.706,0.343,No,No,No,No,No,No,No,Synthetic demonstration only - not real student data,0,0,0,0,0,ai_detection_tool,AI detection fairness stress test
STUD00798,Female,Business,Medium,Low,No,2.47,No,0.568,0.038,0.748,0.181,No,No,No,No,No,No,No,Synthetic demonstration only - not real student data,0,0,0,0,0,ai_detection_tool,AI detection fairness stress test
STUD00799,Female,Health,Low,Medium,No,3.49,Yes,0.336,0.548,0.632,0.667,Yes,Yes,No,No,No,No,No,Synthetic demonstration only - not real student data,1,1,0,0,0,ai_detection_tool,AI detection fairness stress test
STUD00800,Female,Social Sciences,High,Medium,No,1.45,No,0.741,0.283,0.763,0.262,No,No,No,No,No,No,No,Synthetic demonstration only - not real student data,0,0,0,0,0,ai_detection_tool,AI detection fairness stress test
STUD00801,Female,Health,Medium,High,Yes,4.16,Yes,0.555,0.574,0.679,0.582,Yes,Yes,No,No,No,No,No,Synthetic demonstration only - not real student data,1,1,0,0,0,ai_detection_tool,AI detection fairness stress test
STUD00802,Male,STEM,Medium,High,No,3.65,Yes,0.765,1,0.441,0.676,Yes,Yes,Yes,No,No,No,No,Synthetic demonstration only - not real student data,1,1,0,0,0,ai_detection_tool,AI detection fairness stress test
STUD00803,Female,STEM,Medium,Low,Yes,2.26,No,0.719,0.444,0.621,0.321,No,No,No,No,No,No,No,Synthetic demonstration only - not real student data,0,0,0,0,0,ai_detection_tool,AI detection fairness stress test
STUD00804,Male,Arts & Humanities,Low,High,Yes,4.38,Yes,0.746,0.707,0.636,0.718,Yes,Yes,Yes,No,No,No,No,Synthetic demonstration only - not real student data,1,1,0,0,0,ai_detection_tool,AI detection fairness stress test
STUD00805,Male,Arts & Humanities,High,Medium,Yes,3.66,Yes,0.775,0.452,0.594,0.658,Yes,Yes,Yes,Yes,No,No,No,Synthetic demonstration only - not real student data,1,1,0,0,0,ai_detection_tool,AI detection fairness stress test
STUD00806,Female,STEM,Medium,Medium,No,3.82,Yes,0.642,0.547,0.755,0.807,Yes,Yes,No,No,No,No,No,Synthetic demonstration only - not real student data,1,1,0,0,0,ai_detection_tool,AI detection fairness stress test
STUD00807,Male,Business,Medium,Medium,Yes,4.37,No,0.595,0.159,0.764,0.169,No,No,No,No,No,No,No,Synthetic demonstration only - not real student data,0,0,0,0,0,ai_detection_tool,AI detection fairness stress test
STUD00808,Female,Arts & Humanities,Medium,Low,No,2.13,No,0.605,0.18,0.534,0.342,No,No,No,No,No,No,No,Synthetic demonstration only - not real student data,0,0,0,0,0,ai_detection_tool,AI detection fairness stress test
STUD00809,Male,Education,Low,Medium,Yes,3.85,Yes,0.357,0.762,0.786,0.614,Yes,Yes,No,No,No,No,No,Synthetic demonstration only - not real student data,1,1,0,0,0,ai_detection_tool,AI detection fairness stress test
STUD00810,Male,Health,Low,Low,Yes,2.92,No,0.446,0.333,0.462,0.104,No,No,No,No,No,No,No,Synthetic demonstration only - not real student data,0,0,0,0,0,ai_detection_tool,AI detection fairness stress test
STUD00811,Female,Business,Low,High,Yes,3.33,Yes,0.487,0.649,0.645,0.756,Yes,Yes,No,No,No,No,No,Synthetic demonstration only - not real student data,1,1,0,0,0,ai_detection_tool,AI detection fairness stress test
STUD00812,Female,STEM,Medium,Low,No,2.75,No,0.63,0.172,0.669,0.149,No,No,No,No,No,No,No,Synthetic demonstration only - not real student data,0,0,0,0,0,ai_detection_tool,AI detection fairness stress test
STUD00813,Male,Arts & Humanities,Medium,Medium,Yes,3.95,Yes,0.427,0.65,0.474,0.641,Yes,Yes,No,No,No,No,No,Synthetic demonstration only - not real student data,1,1,0,0,0,ai_detection_tool,AI detection fairness stress test
STUD00814,Male,Arts & Humanities,Medium,Medium,Yes,3.63,No,0.606,0.396,0.396,0.372,No,No,No,No,No,No,No,Synthetic demonstration only - not real student data,0,0,0,0,0,ai_detection_tool,AI detection fairness stress test
STUD00815,Female,Business,High,Medium,No,4.57,No,0.612,0.144,0.608,0.197,No,No,No,No,No,No,No,Synthetic demonstration only - not real student data,0,0,0,0,0,ai_detection_tool,AI detection fairness stress test
STUD00816,Female,Education,Medium,Medium,No,4.86,No,0.736,0.464,0.379,0.497,No,No,No,No,No,No,No,Synthetic demonstration only - not real student data,0,0,0,0,0,ai_detection_tool,AI detection fairness stress test
STUD00817,Female,Health,Low,Medium,No,2.69,No,0.671,0.291,0.412,0.127,No,No,No,No,No,No,No,Synthetic demonstration only - not real student data,0,0,0,0,0,ai_detection_tool,AI detection fairness stress test
STUD00818,Male,Social Sciences,Medium,High,Yes,4.27,Yes,0.782,0.671,0.565,0.662,Yes,Yes,No,No,No,No,No,Synthetic demonstration only - not real student data,1,1,0,0,0,ai_detection_tool,AI detection fairness stress test
STUD00819,Female,STEM,High,Low,No,2.76,No,0.069,0.318,0.419,0.36,No,No,No,No,No,No,No,Synthetic demonstration only - not real student data,0,0,0,0,0,ai_detection_tool,AI detection fairness stress test
STUD00820,Male,Health,Low,Medium,No,3.16,Yes,0.556,0.612,0.651,0.556,Yes,No,No,No,No,No,No,Synthetic demonstration only - not real student data,1,1,0,0,0,ai_detection_tool,AI detection fairness stress test
STUD00821,Female,Health,High,Medium,No,3.35,No,0.636,0.357,0.668,0.41,No,No,No,No,No,No,No,Synthetic demonstration only - not real student data,0,0,0,0,0,ai_detection_tool,AI detection fairness stress test
STUD00822,Male,STEM,Medium,Medium,No,4.56,Yes,0.645,0.365,0.513,0.782,Yes,Yes,Yes,No,No,No,No,Synthetic demonstration only - not real student data,1,1,0,0,0,ai_detection_tool,AI detection fairness stress test
STUD00823,Male,Social Sciences,Medium,High,No,3.43,Yes,0.522,0.569,0.474,0.732,Yes,Yes,Yes,Yes,Yes,No,No,Synthetic demonstration only - not real student data,1,1,0,0,1,ai_detection_tool,AI detection fairness stress test
STUD00824,Male,STEM,Low,Low,No,3.03,No,0.582,0.682,0.671,0.341,No,No,No,No,No,No,No,Synthetic demonstration only - not real student data,0,0,0,0,0,ai_detection_tool,AI detection fairness stress test
STUD00825,Male,STEM,High,High,Yes,3.12,No,0.417,0.279,0.62,0.404,No,No,No,No,No,No,No,Synthetic demonstration only - not real student data,0,0,0,0,0,ai_detection_tool,AI detection fairness stress test
STUD00826,Female,Arts & Humanities,Low,High,Yes,3.8,Yes,0.63,0.845,0.709,0.689,Yes,Yes,No,No,No,No,No,Synthetic demonstration only - not real student data,1,1,0,0,0,ai_detection_tool,AI detection fairness stress test
STUD00827,Male,Arts & Humanities,Low,High,Yes,5,No,0.529,0.434,0.572,0.582,Yes,Yes,Yes,Yes,Yes,Yes,No,Synthetic demonstration only - not real student data,0,1,1,0,1,ai_detection_tool,AI detection fairness stress test
STUD00828,Male,STEM,Low,Low,No,2.66,No,0.396,0.383,0.832,0.037,No,No,No,No,No,No,No,Synthetic demonstration only - not real student data,0,0,0,0,0,ai_detection_tool,AI detection fairness stress test
STUD00829,Female,STEM,High,Medium,No,3.83,No,0.334,0.334,0.531,0.286,No,No,No,No,No,No,No,Synthetic demonstration only - not real student data,0,0,0,0,0,ai_detection_tool,AI detection fairness stress test
STUD00830,Female,Arts & Humanities,Medium,Low,No,1.5,No,0.529,0.403,0.493,0.39,No,No,No,No,No,No,No,Synthetic demonstration only - not real student data,0,0,0,0,0,ai_detection_tool,AI detection fairness stress test
STUD00831,Female,Arts & Humanities,Medium,Low,No,2.73,No,0.4,0.568,0.577,0.407,No,No,No,No,No,No,No,Synthetic demonstration only - not real student data,0,0,0,0,0,ai_detection_tool,AI detection fairness stress test
STUD00832,Female,STEM,Medium,Low,No,2.26,Yes,0.462,0.808,0.539,0.819,Yes,Yes,Yes,No,No,No,No,Synthetic demonstration only - not real student data,1,1,0,0,0,ai_detection_tool,AI detection fairness stress test
STUD00833,Male,Health,High,Medium,Yes,3.34,No,0.189,0.322,0.873,0.138,No,No,No,No,No,No,No,Synthetic demonstration only - not real student data,0,0,0,0,0,ai_detection_tool,AI detection fairness stress test
STUD00834,Male,Business,High,Low,No,3.06,No,0.5,0.429,0.87,0.562,Yes,Yes,No,No,No,Yes,No,Synthetic demonstration only - not real student data,0,1,1,0,0,ai_detection_tool,AI detection fairness stress test
STUD00835,Female,Business,Low,High,No,3.15,Yes,0.3,0.843,0.769,0.797,Yes,Yes,No,No,No,No,No,Synthetic demonstration only - not real student data,1,1,0,0,0,ai_detection_tool,AI detection fairness stress test
STUD00836,Female,Business,Medium,Medium,No,3.16,Yes,0.624,0.688,0.707,0.854,Yes,Yes,Yes,No,No,No,No,Synthetic demonstration only - not real student data,1,1,0,0,0,ai_detection_tool,AI detection fairness stress test
STUD00837,Female,STEM,High,Medium,No,4.19,No,0.36,0.386,0.386,0.351,No,No,No,No,No,No,No,Synthetic demonstration only - not real student data,0,0,0,0,0,ai_detection_tool,AI detection fairness stress test
STUD00838,Female,Health,Low,Medium,Yes,2.29,Yes,0.517,0.438,0.967,0.441,No,No,No,No,No,No,Yes,Synthetic demonstration only - not real student data,1,0,0,1,0,ai_detection_tool,AI detection fairness stress test
STUD00839,Female,Arts & Humanities,Medium,Medium,Yes,2.26,No,0.82,0.398,0.643,0.428,No,No,No,No,No,No,No,Synthetic demonstration only - not real student data,0,0,0,0,0,ai_detection_tool,AI detection fairness stress test
STUD00840,Female,Business,Low,Medium,Yes,1.38,No,0.408,0.548,0.686,0.095,No,No,No,No,No,No,No,Synthetic demonstration only - not real student data,0,0,0,0,0,ai_detection_tool,AI detection fairness stress test
STUD00841,Male,STEM,Medium,Medium,Yes,3.86,Yes,0.721,0.279,0.798,0.43,No,No,No,No,No,No,Yes,Synthetic demonstration only - not real student data,1,0,0,1,0,ai_detection_tool,AI detection fairness stress test
STUD00842,Female,STEM,Low,High,No,3.61,Yes,0.613,0.747,0.645,0.626,Yes,No,Yes,No,No,No,No,Synthetic demonstration only - not real student data,1,1,0,0,0,ai_detection_tool,AI detection fairness stress test
STUD00843,Female,Health,Low,Low,Yes,1.83,No,0.269,0.56,0.695,0.529,No,No,No,No,No,No,No,Synthetic demonstration only - not real student data,0,0,0,0,0,ai_detection_tool,AI detection fairness stress test
STUD00844,Female,Business,High,Medium,Yes,3.58,No,0.44,0.298,0.792,0.317,No,No,No,No,No,No,No,Synthetic demonstration only - not real student data,0,0,0,0,0,ai_detection_tool,AI detection fairness stress test
STUD00845,Male,STEM,Medium,Medium,No,2.75,No,0.636,0.463,0.675,0.341,No,No,No,No,No,No,No,Synthetic demonstration only - not real student data,0,0,0,0,0,ai_detection_tool,AI detection fairness stress test
STUD00846,Female,Health,High,Medium,No,2.63,Yes,0.875,0.756,0.665,0.764,Yes,Yes,No,No,No,No,No,Synthetic demonstration only - not real student data,1,1,0,0,0,ai_detection_tool,AI detection fairness stress test
STUD00847,Male,Health,Medium,Medium,Yes,3.82,Yes,0.854,0.638,0.526,0.81,Yes,Yes,No,No,No,No,No,Synthetic demonstration only - not real student data,1,1,0,0,0,ai_detection_tool,AI detection fairness stress test
STUD00848,Female,Arts & Humanities,Medium,Medium,Yes,3.05,No,0.753,0.23,0.813,0.331,No,No,No,No,No,No,No,Synthetic demonstration only - not real student data,0,0,0,0,0,ai_detection_tool,AI detection fairness stress test
STUD00849,Male,Business,High,Medium,Yes,3.72,No,0.679,0.273,0.771,0.276,No,No,No,No,No,No,No,Synthetic demonstration only - not real student data,0,0,0,0,0,ai_detection_tool,AI detection fairness stress test
STUD00850,Female,Health,Medium,High,Yes,3.28,Yes,0.76,0.598,0.545,0.633,Yes,Yes,Yes,No,No,No,No,Synthetic demonstration only - not real student data,1,1,0,0,0,ai_detection_tool,AI detection fairness stress test
STUD00851,Female,Arts & Humanities,Medium,Medium,No,3.38,Yes,0.695,0.636,0.698,0.448,No,No,No,No,No,No,Yes,Synthetic demonstration only - not real student data,1,0,0,1,0,ai_detection_tool,AI detection fairness stress test
STUD00852,Male,Arts & Humanities,High,High,No,5,Yes,0.691,0.791,0.239,0.685,Yes,Yes,Yes,Yes,No,No,No,Synthetic demonstration only - not real student data,1,1,0,0,0,ai_detection_tool,AI detection fairness stress test
STUD00853,Male,Social Sciences,High,Low,No,3.65,No,0.515,0.108,0.451,0.479,No,No,No,No,No,No,No,Synthetic demonstration only - not real student data,0,0,0,0,0,ai_detection_tool,AI detection fairness stress test
STUD00854,Male,Business,High,Medium,Yes,4.64,No,0.453,0.509,0.455,0.391,No,No,No,No,No,No,No,Synthetic demonstration only - not real student data,0,0,0,0,0,ai_detection_tool,AI detection fairness stress test
STUD00855,Male,STEM,Low,Medium,Yes,3.54,No,0.205,0.656,0.812,0.207,No,No,No,No,No,No,No,Synthetic demonstration only - not real student data,0,0,0,0,0,ai_detection_tool,AI detection fairness stress test
STUD00856,Male,STEM,Medium,Medium,No,3.2,No,0.63,0.452,0.424,0.458,No,No,No,No,No,No,No,Synthetic demonstration only - not real student data,0,0,0,0,0,ai_detection_tool,AI detection fairness stress test
STUD00857,Male,Business,Medium,High,Yes,3.93,Yes,0.651,0.806,0.43,0.833,Yes,Yes,Yes,No,No,No,No,Synthetic demonstration only - not real student data,1,1,0,0,0,ai_detection_tool,AI detection fairness stress test
STUD00858,Female,Business,Low,Low,No,2.32,No,0.434,0.655,0.85,0.364,No,No,No,No,No,No,No,Synthetic demonstration only - not real student data,0,0,0,0,0,ai_detection_tool,AI detection fairness stress test
STUD00859,Male,Arts & Humanities,Low,Low,No,2.85,No,0.562,0.511,0.494,0.378,No,No,No,No,No,No,No,Synthetic demonstration only - not real student data,0,0,0,0,0,ai_detection_tool,AI detection fairness stress test
STUD00860,Male,STEM,High,Low,No,3.08,No,0.221,0.293,0.526,0.335,No,No,No,No,No,No,No,Synthetic demonstration only - not real student data,0,0,0,0,0,ai_detection_tool,AI detection fairness stress test
STUD00861,Male,Education,Medium,Medium,Yes,4.9,No,0.18,0.484,0.732,0.458,No,No,No,No,No,No,No,Synthetic demonstration only - not real student data,0,0,0,0,0,ai_detection_tool,AI detection fairness stress test
STUD00862,Male,STEM,Medium,Medium,No,4.1,No,0.562,0.148,0.388,0.513,No,No,No,No,No,No,No,Synthetic demonstration only - not real student data,0,0,0,0,0,ai_detection_tool,AI detection fairness stress test
STUD00863,Female,Social Sciences,Low,High,No,2.74,Yes,0.322,0.697,0.613,0.776,Yes,No,Yes,No,No,No,No,Synthetic demonstration only - not real student data,1,1,0,0,0,ai_detection_tool,AI detection fairness stress test
STUD00864,Female,Education,Low,Medium,Yes,3.38,No,0.861,0.29,0.62,0.297,No,No,No,No,No,No,No,Synthetic demonstration only - not real student data,0,0,0,0,0,ai_detection_tool,AI detection fairness stress test
STUD00865,Female,Arts & Humanities,Low,Low,Yes,2.3,No,0.796,0.218,0.462,0.324,No,No,No,No,No,No,No,Synthetic demonstration only - not real student data,0,0,0,0,0,ai_detection_tool,AI detection fairness stress test
STUD00866,Female,Business,Medium,Low,No,2.16,No,0.406,0.464,0.622,0.385,No,No,No,No,No,No,No,Synthetic demonstration only - not real student data,0,0,0,0,0,ai_detection_tool,AI detection fairness stress test
STUD00867,Male,Health,High,Medium,Yes,3.53,Yes,0.492,0.629,0.78,0.647,Yes,Yes,Yes,No,No,No,No,Synthetic demonstration only - not real student data,1,1,0,0,0,ai_detection_tool,AI detection fairness stress test
STUD00868,Female,Arts & Humanities,Low,Low,No,1.39,No,0.612,0.278,0.569,0.26,No,No,No,No,No,No,No,Synthetic demonstration only - not real student data,0,0,0,0,0,ai_detection_tool,AI detection fairness stress test
STUD00869,Female,Business,Medium,Medium,No,2.93,Yes,0.777,0.714,0.489,0.639,Yes,Yes,Yes,No,No,No,No,Synthetic demonstration only - not real student data,1,1,0,0,0,ai_detection_tool,AI detection fairness stress test
STUD00870,Male,Arts & Humanities,Medium,Medium,Yes,4.0,No,0.663,0.318,0.509,0.06,No,No,No,No,No,No,No,Synthetic demonstration only - not real student data,0,0,0,0,0,ai_detection_tool,AI detection fairness stress test
STUD00871,Male,Business,Medium,High,Yes,4.22,Yes,0.649,0.779,0.6,0.818,Yes,Yes,Yes,No,No,No,No,Synthetic demonstration only - not real student data,1,1,0,0,0,ai_detection_tool,AI detection fairness stress test
STUD00872,Male,STEM,High,Low,Yes,1.79,No,0.467,0.338,0.579,0.392,No,No,No,No,No,No,No,Synthetic demonstration only - not real student data,0,0,0,0,0,ai_detection_tool,AI detection fairness stress test
STUD00873,Male,STEM,Low,Medium,No,3.21,No,0.45,0.372,0.625,0.454,No,No,No,No,No,No,No,Synthetic demonstration only - not real student data,0,0,0,0,0,ai_detection_tool,AI detection fairness stress test
STUD00874,Male,Business,High,Low,No,3.62,Yes,0.495,0.345,0.714,0.839,Yes,Yes,Yes,No,No,No,No,Synthetic demonstration only - not real student data,1,1,0,0,0,ai_detection_tool,AI detection fairness stress test
STUD00875,Female,Business,Low,Low,No,1.82,Yes,0.544,0.798,0.582,0.554,Yes,Yes,Yes,Yes,No,No,No,Synthetic demonstration only - not real student data,1,1,0,0,0,ai_detection_tool,AI detection fairness stress test
STUD00876,Female,Business,Low,Medium,Yes,3.05,No,0.467,0.446,0.462,0.421,No,No,No,No,No,No,No,Synthetic demonstration only - not real student data,0,0,0,0,0,ai_detection_tool,AI detection fairness stress test
STUD00877,Male,STEM,High,High,Yes,4.88,Yes,0.84,0.71,0.799,0.627,Yes,Yes,Yes,No,No,No,No,Synthetic demonstration only - not real student data,1,1,0,0,0,ai_detection_tool,AI detection fairness stress test
STUD00878,Male,STEM,Medium,Medium,Yes,3.06,Yes,0.41,0.599,0.975,0.689,Yes,Yes,No,No,No,No,No,Synthetic demonstration only - not real student data,1,1,0,0,0,ai_detection_tool,AI detection fairness stress test
STUD00879,Male,STEM,Medium,High,No,2.82,No,0.491,0.492,0.592,0.245,No,No,No,No,No,No,No,Synthetic demonstration only - not real student data,0,0,0,0,0,ai_detection_tool,AI detection fairness stress test
STUD00880,Male,STEM,Low,High,Yes,3.35,No,0.723,0.468,0.775,0.48,No,No,No,No,No,No,No,Synthetic demonstration only - not real student data,0,0,0,0,0,ai_detection_tool,AI detection fairness stress test
STUD00881,Female,Health,Medium,Medium,Yes,2.55,No,0.613,0.299,0.424,0.209,No,No,No,No,No,No,No,Synthetic demonstration only - not real student data,0,0,0,0,0,ai_detection_tool,AI detection fairness stress test
STUD00882,Male,STEM,Low,Medium,No,2.99,No,0.399,0.366,0.139,0.37,No,No,No,No,No,No,No,Synthetic demonstration only - not real student data,0,0,0,0,0,ai_detection_tool,AI detection fairness stress test
STUD00883,Male,Health,Low,High,Yes,3.99,Yes,0.54,0.743,0.754,0.81,Yes,Yes,No,No,No,No,No,Synthetic demonstration only - not real student data,1,1,0,0,0,ai_detection_tool,AI detection fairness stress test
STUD00884,Male,STEM,Medium,Low,Yes,2.92,No,0.453,0.291,0.335,0.114,No,No,No,No,No,No,No,Synthetic demonstration only - not real student data,0,0,0,0,0,ai_detection_tool,AI detection fairness stress test
STUD00885,Female,Education,Medium,High,Yes,3.13,Yes,0.445,0.497,0.633,0.717,Yes,Yes,Yes,No,No,No,No,Synthetic demonstration only - not real student data,1,1,0,0,0,ai_detection_tool,AI detection fairness stress test
STUD00886,Female,Health,Medium,Medium,Yes,3.22,No,0.452,0.314,0.748,0.036,No,No,No,No,No,No,No,Synthetic demonstration only - not real student data,0,0,0,0,0,ai_detection_tool,AI detection fairness stress test
STUD00887,Male,Business,High,Low,No,4.13,Yes,0.677,0.766,0.946,0.661,Yes,Yes,Yes,No,No,No,No,Synthetic demonstration only - not real student data,1,1,0,0,0,ai_detection_tool,AI detection fairness stress test
STUD00888,Male,STEM,Low,Medium,No,4.64,Yes,0.383,0.772,0.547,0.875,Yes,Yes,No,No,No,No,No,Synthetic demonstration only - not real student data,1,1,0,0,0,ai_detection_tool,AI detection fairness stress test
STUD00889,Male,Social Sciences,High,High,No,4.7,Yes,0.427,0.765,0.364,0.619,Yes,Yes,Yes,No,No,No,No,Synthetic demonstration only - not real student data,1,1,0,0,0,ai_detection_tool,AI detection fairness stress test
STUD00890,Female,Health,Low,Medium,No,2.65,No,0.666,0.325,0.679,0.471,No,No,No,No,No,No,No,Synthetic demonstration only - not real student data,0,0,0,0,0,ai_detection_tool,AI detection fairness stress test
STUD00891,Female,Arts & Humanities,Low,Medium,Yes,3.42,Yes,0.726,0.841,0.584,0.895,Yes,Yes,Yes,No,No,No,No,Synthetic demonstration only - not real student data,1,1,0,0,0,ai_detection_tool,AI detection fairness stress test
STUD00892,Female,Health,High,High,No,3.86,No,0.746,0.426,0.347,0.317,No,No,No,No,No,No,No,Synthetic demonstration only - not real student data,0,0,0,0,0,ai_detection_tool,AI detection fairness stress test
STUD00893,Male,Health,Low,High,Yes,4.25,No,0.503,0.485,0.551,0.081,No,No,No,No,No,No,No,Synthetic demonstration only - not real student data,0,0,0,0,0,ai_detection_tool,AI detection fairness stress test
STUD00894,Female,Health,Low,Low,No,2.96,No,0.596,0.524,0.891,0.39,No,No,No,No,No,No,No,Synthetic demonstration only - not real student data,0,0,0,0,0,ai_detection_tool,AI detection fairness stress test
STUD00895,Male,STEM,High,High,No,4.99,No,0.454,0.195,0.746,0.188,No,No,No,No,No,No,No,Synthetic demonstration only - not real student data,0,0,0,0,0,ai_detection_tool,AI detection fairness stress test
STUD00896,Male,Business,Low,High,Yes,3.74,Yes,0.62,0.879,0.839,0.914,Yes,No,Yes,No,No,No,No,Synthetic demonstration only - not real student data,1,1,0,0,0,ai_detection_tool,AI detection fairness stress test
STUD00897,Female,Business,Medium,Medium,No,2.74,Yes,0.538,0.648,0.516,0.47,No,No,No,No,No,No,Yes,Synthetic demonstration only - not real student data,1,0,0,1,0,ai_detection_tool,AI detection fairness stress test
STUD00898,Male,Health,Medium,Medium,Yes,2.63,No,0.566,0.666,0.377,0.166,No,No,No,No,No,No,No,Synthetic demonstration only - not real student data,0,0,0,0,0,ai_detection_tool,AI detection fairness stress test
STUD00899,Female,Health,Low,Low,No,2.51,No,0.599,0.345,0.665,0.4,No,No,No,No,No,No,No,Synthetic demonstration only - not real student data,0,0,0,0,0,ai_detection_tool,AI detection fairness stress test
STUD00900,Female,Health,Medium,Low,No,2.23,No,0.41,0.202,0.319,0.151,No,No,No,No,No,No,No,Synthetic demonstration only - not real student data,0,0,0,0,0,ai_detection_tool,AI detection fairness stress test
STUD00901,Female,Education,Medium,Medium,Yes,2.87,No,0.419,0.409,0.502,0.249,No,No,No,No,No,No,No,Synthetic demonstration only - not real student data,0,0,0,0,0,ai_detection_tool,AI detection fairness stress test
STUD00902,Male,Health,High,Low,Yes,2.42,No,0.638,0.345,0.557,0.265,No,No,No,No,No,No,No,Synthetic demonstration only - not real student data,0,0,0,0,0,ai_detection_tool,AI detection fairness stress test
STUD00903,Female,Arts & Humanities,Medium,Medium,No,4.04,No,0.653,0.393,0.533,0.231,No,No,No,No,No,No,No,Synthetic demonstration only - not real student data,0,0,0,0,0,ai_detection_tool,AI detection fairness stress test
STUD00904,Male,STEM,Medium,High,Yes,4.38,Yes,0.849,0.747,0.473,0.798,Yes,Yes,Yes,No,No,No,No,Synthetic demonstration only - not real student data,1,1,0,0,0,ai_detection_tool,AI detection fairness stress test
STUD00905,Female,Business,Medium,Low,Yes,3.81,No,0.5,0.475,0.495,0.188,No,No,No,No,No,No,No,Synthetic demonstration only - not real student data,0,0,0,0,0,ai_detection_tool,AI detection fairness stress test
STUD00906,Male,Business,Medium,Low,No,3.53,No,0.894,0.252,0.703,0.632,Yes,Yes,Yes,Yes,No,Yes,No,Synthetic demonstration only - not real student data,0,1,1,0,0,ai_detection_tool,AI detection fairness stress test
STUD00907,Non-disclosed,Business,High,High,Yes,3.81,Yes,0.566,0.804,0.598,0.809,Yes,Yes,Yes,No,No,No,No,Synthetic demonstration only - not real student data,1,1,0,0,0,ai_detection_tool,AI detection fairness stress test
STUD00908,Male,Education,Medium,Medium,Yes,3.78,No,0.464,0.166,0.848,0.136,No,No,No,No,No,No,No,Synthetic demonstration only - not real student data,0,0,0,0,0,ai_detection_tool,AI detection fairness stress test
STUD00909,Male,Arts & Humanities,Low,High,Yes,3.98,No,0.555,0.653,0.421,0.33,No,No,No,No,No,No,No,Synthetic demonstration only - not real student data,0,0,0,0,0,ai_detection_tool,AI detection fairness stress test
STUD00910,Female,STEM,Medium,Medium,No,2.37,Yes,0.308,0.498,0.518,0.759,Yes,No,Yes,No,No,No,No,Synthetic demonstration only - not real student data,1,1,0,0,0,ai_detection_tool,AI detection fairness stress test
STUD00911,Male,Arts & Humanities,Low,Low,Yes,2.31,No,0.698,0.22,0.686,0.149,No,No,No,No,No,No,No,Synthetic demonstration only - not real student data,0,0,0,0,0,ai_detection_tool,AI detection fairness stress test
STUD00912,Female,Social Sciences,Low,Medium,No,3.69,No,0.535,0.394,0.517,0.265,No,No,No,No,No,No,No,Synthetic demonstration only - not real student data,0,0,0,0,0,ai_detection_tool,AI detection fairness stress test
STUD00913,Male,Health,Medium,Low,No,2.47,No,0.637,0.477,0.505,0.373,No,No,No,No,No,No,No,Synthetic demonstration only - not real student data,0,0,0,0,0,ai_detection_tool,AI detection fairness stress test
STUD00914,Female,Health,High,Medium,No,2.65,Yes,0.377,0.682,0.463,0.702,Yes,Yes,No,No,No,No,No,Synthetic demonstration only - not real student data,1,1,0,0,0,ai_detection_tool,AI detection fairness stress test
STUD00915,Male,Business,Low,High,Yes,4.74,Yes,0.474,0.803,0.432,0.696,Yes,Yes,Yes,No,No,No,No,Synthetic demonstration only - not real student data,1,1,0,0,0,ai_detection_tool,AI detection fairness stress test
STUD00916,Female,Education,Low,Medium,Yes,2.96,Yes,0.644,0.49,0.773,0.798,Yes,Yes,Yes,No,No,No,No,Synthetic demonstration only - not real student data,1,1,0,0,0,ai_detection_tool,AI detection fairness stress test
STUD00917,Male,STEM,High,Low,Yes,3.4,No,0.596,0.223,0.478,0.256,No,No,No,No,No,No,No,Synthetic demonstration only - not real student data,0,0,0,0,0,ai_detection_tool,AI detection fairness stress test
STUD00918,Male,STEM,High,High,No,5,Yes,0.458,0.725,0.559,0.756,Yes,No,Yes,No,No,No,No,Synthetic demonstration only - not real student data,1,1,0,0,0,ai_detection_tool,AI detection fairness stress test
STUD00919,Female,Social Sciences,High,Low,No,2.53,No,0.616,0.321,0.812,0.516,No,No,No,No,No,No,No,Synthetic demonstration only - not real student data,0,0,0,0,0,ai_detection_tool,AI detection fairness stress test
STUD00920,Female,STEM,Low,Low,Yes,1.52,No,0.633,0.241,0.673,0.215,No,No,No,No,No,No,No,Synthetic demonstration only - not real student data,0,0,0,0,0,ai_detection_tool,AI detection fairness stress test
STUD00921,Female,Health,Medium,Medium,No,2.89,No,0.755,0.571,0.404,0.348,No,No,No,No,No,No,No,Synthetic demonstration only - not real student data,0,0,0,0,0,ai_detection_tool,AI detection fairness stress test
STUD00922,Female,Arts & Humanities,Low,Low,No,3.01,No,0.553,0.427,0.708,0.38,No,No,No,No,No,No,No,Synthetic demonstration only - not real student data,0,0,0,0,0,ai_detection_tool,AI detection fairness stress test
STUD00923,Female,Business,High,Medium,No,2.82,Yes,0.413,0.682,0.618,0.661,Yes,Yes,Yes,No,No,No,No,Synthetic demonstration only - not real student data,1,1,0,0,0,ai_detection_tool,AI detection fairness stress test
STUD00924,Female,Health,Low,Medium,Yes,3.4,No,0.781,0.337,0.466,0.276,No,No,No,No,No,No,No,Synthetic demonstration only - not real student data,0,0,0,0,0,ai_detection_tool,AI detection fairness stress test
STUD00925,Female,Social Sciences,Low,Medium,Yes,2.83,No,0.605,0.45,0.765,0,No,No,No,No,No,No,No,Synthetic demonstration only - not real student data,0,0,0,0,0,ai_detection_tool,AI detection fairness stress test
STUD00926,Female,Social Sciences,Medium,Medium,Yes,3.95,No,0.788,0.531,0.668,0.316,No,No,No,No,No,No,No,Synthetic demonstration only - not real student data,0,0,0,0,0,ai_detection_tool,AI detection fairness stress test
STUD00927,Female,Social Sciences,Low,Medium,Yes,3.08,No,0.383,0.17,0.783,0.099,No,No,No,No,No,No,No,Synthetic demonstration only - not real student data,0,0,0,0,0,ai_detection_tool,AI detection fairness stress test
STUD00928,Female,Business,High,Low,No,3.08,No,0.438,0.499,0.272,0.531,No,No,No,No,No,No,No,Synthetic demonstration only - not real student data,0,0,0,0,0,ai_detection_tool,AI detection fairness stress test
STUD00929,Male,Business,Medium,High,No,4.34,Yes,0.639,0.626,0.804,0.814,Yes,Yes,No,No,No,No,No,Synthetic demonstration only - not real student data,1,1,0,0,0,ai_detection_tool,AI detection fairness stress test
STUD00930,Non-disclosed,Business,Medium,Medium,Yes,4.35,No,0.776,0.379,0.571,0.031,No,No,No,No,No,No,No,Synthetic demonstration only - not real student data,0,0,0,0,0,ai_detection_tool,AI detection fairness stress test
STUD00931,Female,Business,Medium,Medium,Yes,2.32,No,0.752,0.272,0.432,0.457,No,No,No,No,No,No,No,Synthetic demonstration only - not real student data,0,0,0,0,0,ai_detection_tool,AI detection fairness stress test
STUD00932,Female,Business,Low,High,No,2.49,No,0.461,0.542,0.647,0.235,No,No,No,No,No,No,No,Synthetic demonstration only - not real student data,0,0,0,0,0,ai_detection_tool,AI detection fairness stress test
STUD00933,Female,Business,High,Medium,No,3.95,Yes,0.488,0.553,0.532,0.769,Yes,Yes,No,No,No,No,No,Synthetic demonstration only - not real student data,1,1,0,0,0,ai_detection_tool,AI detection fairness stress test
STUD00934,Female,STEM,High,Medium,No,3.02,No,0.67,0.447,0.532,0.514,No,No,No,No,No,No,No,Synthetic demonstration only - not real student data,0,0,0,0,0,ai_detection_tool,AI detection fairness stress test
STUD00935,Female,Health,Medium,Medium,Yes,2.01,Yes,0.591,0.436,0.899,0.686,Yes,Yes,Yes,No,No,No,No,Synthetic demonstration only - not real student data,1,1,0,0,0,ai_detection_tool,AI detection fairness stress test
STUD00936,Female,STEM,Low,Low,No,1.74,No,0.594,0.389,0.41,0.425,No,No,No,No,No,No,No,Synthetic demonstration only - not real student data,0,0,0,0,0,ai_detection_tool,AI detection fairness stress test
STUD00937,Male,Health,Low,Medium,No,4.64,No,0.674,0.384,0.69,0.266,No,No,No,No,No,No,No,Synthetic demonstration only - not real student data,0,0,0,0,0,ai_detection_tool,AI detection fairness stress test
STUD00938,Male,Arts & Humanities,Medium,Medium,No,4.23,Yes,0.573,0.763,0.512,0.857,Yes,Yes,No,No,No,No,No,Synthetic demonstration only - not real student data,1,1,0,0,0,ai_detection_tool,AI detection fairness stress test
STUD00939,Female,Health,Medium,Medium,Yes,3.01,Yes,0.314,0.621,0.871,0.665,Yes,Yes,Yes,No,No,No,No,Synthetic demonstration only - not real student data,1,1,0,0,0,ai_detection_tool,AI detection fairness stress test
STUD00940,Female,Health,High,Medium,Yes,3.08,No,0.63,0.501,0.816,0.509,No,No,No,No,No,No,No,Synthetic demonstration only - not real student data,0,0,0,0,0,ai_detection_tool,AI detection fairness stress test
STUD00941,Female,Business,Medium,High,Yes,3.2,No,0.544,0.792,0.659,0.287,No,No,No,No,No,No,No,Synthetic demonstration only - not real student data,0,0,0,0,0,ai_detection_tool,AI detection fairness stress test
STUD00942,Female,Business,Medium,Medium,No,3.52,Yes,0.178,0.744,0.917,0.564,Yes,No,Yes,No,No,No,No,Synthetic demonstration only - not real student data,1,1,0,0,0,ai_detection_tool,AI detection fairness stress test
STUD00943,Female,Business,Medium,Medium,Yes,2.93,No,0.612,0.139,0.556,0.478,No,No,No,No,No,No,No,Synthetic demonstration only - not real student data,0,0,0,0,0,ai_detection_tool,AI detection fairness stress test
STUD00944,Female,Arts & Humanities,Low,Low,No,1.11,No,0.53,0.239,0.476,0.219,No,No,No,No,No,No,No,Synthetic demonstration only - not real student data,0,0,0,0,0,ai_detection_tool,AI detection fairness stress test
STUD00945,Female,Arts & Humanities,Low,Medium,Yes,3.01,No,0.589,0.327,0.611,0.325,No,No,No,No,No,No,No,Synthetic demonstration only - not real student data,0,0,0,0,0,ai_detection_tool,AI detection fairness stress test
STUD00946,Male,Business,High,Medium,Yes,4.55,No,0.586,0.45,0.723,0.345,No,No,No,No,No,No,No,Synthetic demonstration only - not real student data,0,0,0,0,0,ai_detection_tool,AI detection fairness stress test
STUD00947,Male,STEM,Medium,Medium,No,3.75,No,0.46,0.397,0.433,0.356,No,No,No,No,No,No,No,Synthetic demonstration only - not real student data,0,0,0,0,0,ai_detection_tool,AI detection fairness stress test
STUD00948,Female,STEM,Medium,Medium,No,2.21,Yes,0.328,0.652,0.775,0.666,Yes,No,Yes,No,No,No,No,Synthetic demonstration only - not real student data,1,1,0,0,0,ai_detection_tool,AI detection fairness stress test
STUD00949,Male,STEM,High,Medium,No,3.13,No,0.531,0.292,0.57,0.394,No,No,No,No,No,No,No,Synthetic demonstration only - not real student data,0,0,0,0,0,ai_detection_tool,AI detection fairness stress test
STUD00950,Female,Social Sciences,Medium,Medium,No,3.33,Yes,0.649,0.41,0.679,0.839,Yes,Yes,Yes,Yes,No,No,No,Synthetic demonstration only - not real student data,1,1,0,0,0,ai_detection_tool,AI detection fairness stress test
STUD00951,Male,Business,Low,Low,No,3.13,No,0.215,0.537,0.926,0.477,No,No,No,No,No,No,No,Synthetic demonstration only - not real student data,0,0,0,0,0,ai_detection_tool,AI detection fairness stress test
STUD00952,Male,Health,High,Medium,No,3.59,No,0.49,0.459,0.466,0.41,No,No,No,No,No,No,No,Synthetic demonstration only - not real student data,0,0,0,0,0,ai_detection_tool,AI detection fairness stress test
STUD00953,Male,Business,Medium,Medium,Yes,3.6,No,0.398,0.216,0.879,0.432,No,No,No,No,No,No,No,Synthetic demonstration only - not real student data,0,0,0,0,0,ai_detection_tool,AI detection fairness stress test
STUD00954,Female,Health,Medium,Low,Yes,2.33,No,0.437,0.569,0.514,0.518,No,No,No,No,No,No,No,Synthetic demonstration only - not real student data,0,0,0,0,0,ai_detection_tool,AI detection fairness stress test
STUD00955,Female,Business,High,Medium,Yes,3.22,Yes,0.702,0.63,0.501,0.782,Yes,Yes,No,No,No,No,No,Synthetic demonstration only - not real student data,1,1,0,0,0,ai_detection_tool,AI detection fairness stress test
STUD00956,Male,Business,Medium,Medium,Yes,3.51,Yes,0.478,0.567,0.422,0.915,Yes,Yes,Yes,No,No,No,No,Synthetic demonstration only - not real student data,1,1,0,0,0,ai_detection_tool,AI detection fairness stress test
STUD00957,Female,Health,Low,Medium,Yes,2.77,Yes,0.662,0.666,0.935,0.731,Yes,Yes,Yes,Yes,No,No,No,Synthetic demonstration only - not real student data,1,1,0,0,0,ai_detection_tool,AI detection fairness stress test
STUD00958,Female,Health,Low,Medium,No,2.4,No,0.207,0.484,0.631,0.403,No,No,No,No,No,No,No,Synthetic demonstration only - not real student data,0,0,0,0,0,ai_detection_tool,AI detection fairness stress test
STUD00959,Female,Business,Medium,Medium,Yes,3.05,Yes,0.525,0.532,0.796,0.654,Yes,Yes,No,No,No,No,No,Synthetic demonstration only - not real student data,1,1,0,0,0,ai_detection_tool,AI detection fairness stress test
STUD00960,Male,STEM,Low,Medium,No,3.42,No,0.566,0.211,0.322,0.202,No,No,No,No,No,No,No,Synthetic demonstration only - not real student data,0,0,0,0,0,ai_detection_tool,AI detection fairness stress test
STUD00961,Male,Business,High,High,Yes,4.63,Yes,0.265,0.892,0.584,0.92,Yes,Yes,Yes,No,No,No,No,Synthetic demonstration only - not real student data,1,1,0,0,0,ai_detection_tool,AI detection fairness stress test
STUD00962,Female,Education,Medium,Medium,Yes,3.0,No,0.455,0.535,0.502,0.114,No,No,No,No,No,No,No,Synthetic demonstration only - not real student data,0,0,0,0,0,ai_detection_tool,AI detection fairness stress test
STUD00963,Female,STEM,Low,Medium,No,3.36,No,0.534,0.374,0.678,0.239,No,No,No,No,No,No,No,Synthetic demonstration only - not real student data,0,0,0,0,0,ai_detection_tool,AI detection fairness stress test
STUD00964,Female,Health,Medium,Medium,Yes,2.54,No,0.622,0.316,0.638,0.206,No,No,No,No,No,No,No,Synthetic demonstration only - not real student data,0,0,0,0,0,ai_detection_tool,AI detection fairness stress test
STUD00965,Female,STEM,High,Medium,No,1.63,Yes,0.421,0.617,0.749,0.727,Yes,Yes,Yes,No,No,No,No,Synthetic demonstration only - not real student data,1,1,0,0,0,ai_detection_tool,AI detection fairness stress test
STUD00966,Female,Business,High,Low,No,3.18,No,0.397,0.445,0.539,0.155,No,No,No,No,No,No,No,Synthetic demonstration only - not real student data,0,0,0,0,0,ai_detection_tool,AI detection fairness stress test
STUD00967,Female,Arts & Humanities,Low,Medium,Yes,3.01,Yes,0.575,0.866,0.55,0.938,Yes,Yes,Yes,No,No,No,No,Synthetic demonstration only - not real student data,1,1,0,0,0,ai_detection_tool,AI detection fairness stress test
STUD00968,Male,STEM,High,Low,No,3.91,No,0.517,0.403,0.529,0.334,No,No,No,No,No,No,No,Synthetic demonstration only - not real student data,0,0,0,0,0,ai_detection_tool,AI detection fairness stress test
STUD00969,Male,Business,Medium,High,No,4.46,No,0.374,0.241,1,0.344,No,No,No,No,No,No,No,Synthetic demonstration only - not real student data,0,0,0,0,0,ai_detection_tool,AI detection fairness stress test
STUD00970,Female,Arts & Humanities,Low,High,No,3.92,Yes,0.677,0.798,0.543,0.735,Yes,Yes,No,No,No,No,No,Synthetic demonstration only - not real student data,1,1,0,0,0,ai_detection_tool,AI detection fairness stress test
STUD00971,Male,STEM,High,High,No,3.78,Yes,0.64,0.875,1,0.922,Yes,Yes,Yes,No,No,No,No,Synthetic demonstration only - not real student data,1,1,0,0,0,ai_detection_tool,AI detection fairness stress test
STUD00972,Female,STEM,Low,Medium,No,2.67,No,0.507,0.511,0.584,0.213,No,No,No,No,No,No,No,Synthetic demonstration only - not real student data,0,0,0,0,0,ai_detection_tool,AI detection fairness stress test
STUD00973,Male,STEM,High,High,Yes,3.62,Yes,0.711,0.724,0.726,0.764,Yes,No,Yes,No,No,No,No,Synthetic demonstration only - not real student data,1,1,0,0,0,ai_detection_tool,AI detection fairness stress test
STUD00974,Non-disclosed,Education,Low,Medium,No,2.78,No,0.452,0.536,0.627,0.279,No,No,No,No,No,No,No,Synthetic demonstration only - not real student data,0,0,0,0,0,ai_detection_tool,AI detection fairness stress test
STUD00975,Male,STEM,Medium,Medium,No,3.54,Yes,0.207,0.675,0.723,0.773,Yes,Yes,Yes,No,No,No,No,Synthetic demonstration only - not real student data,1,1,0,0,0,ai_detection_tool,AI detection fairness stress test
STUD00976,Male,STEM,Low,Medium,No,3.24,Yes,0.755,0.624,0.396,0.737,Yes,No,Yes,Yes,No,No,No,Synthetic demonstration only - not real student data,1,1,0,0,0,ai_detection_tool,AI detection fairness stress test
STUD00977,Male,Business,Low,High,No,3.8,Yes,0.553,0.744,0.721,0.92,Yes,Yes,Yes,No,No,No,No,Synthetic demonstration only - not real student data,1,1,0,0,0,ai_detection_tool,AI detection fairness stress test
STUD00978,Female,Business,High,Medium,No,3.45,No,0.569,0.584,0.464,0.329,No,No,No,No,No,No,No,Synthetic demonstration only - not real student data,0,0,0,0,0,ai_detection_tool,AI detection fairness stress test
STUD00979,Female,Health,Low,High,No,3.41,Yes,0.81,0.499,0.55,0.644,Yes,Yes,Yes,No,No,No,No,Synthetic demonstration only - not real student data,1,1,0,0,0,ai_detection_tool,AI detection fairness stress test
STUD00980,Male,Social Sciences,Low,Low,No,2.33,Yes,0.473,0.571,0.738,0.669,Yes,Yes,No,No,No,No,No,Synthetic demonstration only - not real student data,1,1,0,0,0,ai_detection_tool,AI detection fairness stress test
STUD00981,Female,Education,Medium,Medium,No,3.48,No,0.519,0.385,0.583,0.282,No,No,No,No,No,No,No,Synthetic demonstration only - not real student data,0,0,0,0,0,ai_detection_tool,AI detection fairness stress test
STUD00982,Male,STEM,Medium,High,No,3.5,Yes,0.568,1,0.459,0.757,Yes,Yes,Yes,No,No,No,No,Synthetic demonstration only - not real student data,1,1,0,0,0,ai_detection_tool,AI detection fairness stress test
STUD00983,Male,Education,Low,High,No,2.96,Yes,0.319,1,0.518,0.676,Yes,No,No,No,No,No,No,Synthetic demonstration only - not real student data,1,1,0,0,0,ai_detection_tool,AI detection fairness stress test
STUD00984,Female,STEM,Low,High,Yes,4.79,Yes,0.423,1,0.355,0.573,Yes,Yes,Yes,Yes,No,No,No,Synthetic demonstration only - not real student data,1,1,0,0,0,ai_detection_tool,AI detection fairness stress test
STUD00985,Male,Health,Low,High,No,3.56,Yes,0.393,0.739,0.571,0.797,Yes,No,Yes,No,No,No,No,Synthetic demonstration only - not real student data,1,1,0,0,0,ai_detection_tool,AI detection fairness stress test
STUD00986,Male,STEM,Medium,Medium,No,3.43,Yes,0.622,0.747,0.832,0.843,Yes,Yes,No,No,No,No,No,Synthetic demonstration only - not real student data,1,1,0,0,0,ai_detection_tool,AI detection fairness stress test
STUD00987,Female,STEM,Medium,Medium,Yes,4.47,Yes,0.514,0.598,1,0.505,No,No,No,No,No,No,Yes,Synthetic demonstration only - not real student data,1,0,0,1,0,ai_detection_tool,AI detection fairness stress test
STUD00988,Female,Arts & Humanities,High,Medium,No,4.13,No,0.606,0.273,1,0.522,No,No,No,No,No,No,No,Synthetic demonstration only - not real student data,0,0,0,0,0,ai_detection_tool,AI detection fairness stress test
STUD00989,Male,Business,High,Medium,No,4.57,Yes,0.168,0.466,0.355,0.632,Yes,Yes,Yes,No,No,No,No,Synthetic demonstration only - not real student data,1,1,0,0,0,ai_detection_tool,AI detection fairness stress test
STUD00990,Female,Education,Low,High,Yes,4.47,No,0.569,0.605,0.396,0.228,No,No,No,No,No,No,No,Synthetic demonstration only - not real student data,0,0,0,0,0,ai_detection_tool,AI detection fairness stress test
STUD00991,Female,Health,Medium,Medium,No,2.49,No,0.656,0.229,0.714,0.089,No,No,No,No,No,No,No,Synthetic demonstration only - not real student data,0,0,0,0,0,ai_detection_tool,AI detection fairness stress test
STUD00992,Male,Business,High,Low,Yes,2.53,No,0.698,0.241,0.387,0.447,No,No,No,No,No,No,No,Synthetic demonstration only - not real student data,0,0,0,0,0,ai_detection_tool,AI detection fairness stress test
STUD00993,Female,Health,Medium,High,Yes,4.71,Yes,0.452,0.749,0.436,0.872,Yes,Yes,No,No,No,No,No,Synthetic demonstration only - not real student data,1,1,0,0,0,ai_detection_tool,AI detection fairness stress test
STUD00994,Female,Social Sciences,Medium,High,No,3.73,Yes,0.661,0.585,0.764,0.687,Yes,Yes,Yes,No,No,No,No,Synthetic demonstration only - not real student data,1,1,0,0,0,ai_detection_tool,AI detection fairness stress test
STUD00995,Non-disclosed,Business,Low,High,No,2.95,Yes,0.479,0.55,0.899,0.786,Yes,Yes,Yes,No,No,No,No,Synthetic demonstration only - not real student data,1,1,0,0,0,ai_detection_tool,AI detection fairness stress test
STUD00996,Male,STEM,Low,High,No,2.89,No,0.448,0.592,0.619,0.405,No,No,No,No,No,No,No,Synthetic demonstration only - not real student data,0,0,0,0,0,ai_detection_tool,AI detection fairness stress test
STUD00997,Female,Health,High,Medium,No,3.25,Yes,0.115,0.811,0.783,0.863,Yes,Yes,No,No,No,No,No,Synthetic demonstration only - not real student data,1,1,0,0,0,ai_detection_tool,AI detection fairness stress test
STUD00998,Male,Business,Low,High,Yes,3.4,Yes,0.677,0.603,0.676,0.887,Yes,Yes,Yes,No,No,No,No,Synthetic demonstration only - not real student data,1,1,0,0,0,ai_detection_tool,AI detection fairness stress test
STUD00999,Female,Social Sciences,High,High,Yes,3.51,No,0.612,0.39,0.638,0.116,No,No,No,No,No,No,No,Synthetic demonstration only - not real student data,0,0,0,0,0,ai_detection_tool,AI detection fairness stress test
STUD01000,Female,Arts & Humanities,High,High,Yes,3.46,Yes,0.573,0.626,0.834,0.704,Yes,Yes,Yes,No,No,No,No,Synthetic demonstration only - not real student data,1,1,0,0,0,ai_detection_tool,AI detection fairness stress test
STUD01001,Female,Arts & Humanities,Medium,Medium,No,2.25,No,0.491,0.626,0.511,0.267,No,No,No,No,No,No,No,Synthetic demonstration only - not real student data,0,0,0,0,0,ai_detection_tool,AI detection fairness stress test
STUD01002,Male,STEM,High,Medium,No,1.93,Yes,0.269,0.955,0.867,0.924,Yes,No,Yes,No,No,No,No,Synthetic demonstration only - not real student data,1,1,0,0,0,ai_detection_tool,AI detection fairness stress test
STUD01003,Female,Social Sciences,Medium,Medium,No,2.59,No,0.868,0.335,0.269,0.259,No,No,No,No,No,No,No,Synthetic demonstration only - not real student data,0,0,0,0,0,ai_detection_tool,AI detection fairness stress test
STUD01004,Non-disclosed,Business,Low,Medium,No,2.3,No,0.156,0.525,0.659,0.416,No,No,No,No,No,No,No,Synthetic demonstration only - not real student data,0,0,0,0,0,ai_detection_tool,AI detection fairness stress test
STUD01005,Male,STEM,High,Medium,Yes,3.6,No,0.506,0.05,0.435,0.208,No,No,No,No,No,No,No,Synthetic demonstration only - not real student data,0,0,0,0,0,ai_detection_tool,AI detection fairness stress test
STUD01006,Male,Arts & Humanities,High,High,Yes,3.23,Yes,0.407,0.656,0.587,0.838,Yes,No,No,No,No,No,No,Synthetic demonstration only - not real student data,1,1,0,0,0,ai_detection_tool,AI detection fairness stress test
STUD01007,Female,Arts & Humanities,Low,Medium,Yes,2.11,Yes,0.48,0.962,1,0.664,Yes,Yes,No,No,No,No,No,Synthetic demonstration only - not real student data,1,1,0,0,0,ai_detection_tool,AI detection fairness stress test
STUD01008,Female,Arts & Humanities,Low,Medium,Yes,2.38,No,0.559,0.382,0.989,0.442,No,No,No,No,No,No,No,Synthetic demonstration only - not real student data,0,0,0,0,0,ai_detection_tool,AI detection fairness stress test
STUD01009,Male,Social Sciences,Medium,Medium,No,3.93,Yes,0.712,0.516,0.853,0.821,Yes,Yes,Yes,No,No,No,No,Synthetic demonstration only - not real student data,1,1,0,0,0,ai_detection_tool,AI detection fairness stress test
STUD01010,Non-disclosed,Arts & Humanities,Medium,Medium,No,2.57,Yes,0.244,0.397,0.792,0.693,Yes,Yes,No,No,No,No,No,Synthetic demonstration only - not real student data,1,1,0,0,0,ai_detection_tool,AI detection fairness stress test
STUD01011,Male,STEM,Low,Medium,No,2.21,No,0.397,0.459,0.782,0.32,No,No,No,No,No,No,No,Synthetic demonstration only - not real student data,0,0,0,0,0,ai_detection_tool,AI detection fairness stress test
STUD01012,Female,Education,Medium,High,No,4.02,No,0.431,0.133,0.595,0.265,No,No,No,No,No,No,No,Synthetic demonstration only - not real student data,0,0,0,0,0,ai_detection_tool,AI detection fairness stress test
STUD01013,Male,STEM,Medium,Low,No,4.1,No,0.414,0.294,0.711,0.349,No,No,No,No,No,No,No,Synthetic demonstration only - not real student data,0,0,0,0,0,ai_detection_tool,AI detection fairness stress test
STUD01014,Male,Business,High,Medium,No,4.41,No,0.702,0.298,0.4,0.39,No,No,No,No,No,No,No,Synthetic demonstration only - not real student data,0,0,0,0,0,ai_detection_tool,AI detection fairness stress test
STUD01015,Female,Arts & Humanities,Medium,Low,Yes,2.67,No,0.546,0.12,0.932,0.485,No,No,No,No,No,No,No,Synthetic demonstration only - not real student data,0,0,0,0,0,ai_detection_tool,AI detection fairness stress test
STUD01016,Male,Arts & Humanities,Low,High,Yes,3.39,No,0.556,0.596,0.422,0.267,No,No,No,No,No,No,No,Synthetic demonstration only - not real student data,0,0,0,0,0,ai_detection_tool,AI detection fairness stress test
STUD01017,Female,Arts & Humanities,Low,Low,No,2.85,No,0.964,0.273,0.58,0.442,No,No,No,No,No,No,No,Synthetic demonstration only - not real student data,0,0,0,0,0,ai_detection_tool,AI detection fairness stress test
STUD01018,Male,Arts & Humanities,High,Medium,No,3.75,No,0.538,0.206,0.971,0.327,No,No,No,No,No,No,No,Synthetic demonstration only - not real student data,0,0,0,0,0,ai_detection_tool,AI detection fairness stress test
STUD01019,Female,Arts & Humanities,Medium,High,No,3.55,Yes,0.403,0.678,0.74,0.735,Yes,No,No,No,No,No,No,Synthetic demonstration only - not real student data,1,1,0,0,0,ai_detection_tool,AI detection fairness stress test
STUD01020,Male,Business,Medium,Low,No,2.95,No,0.839,0.543,0.772,0.258,No,No,No,No,No,No,No,Synthetic demonstration only - not real student data,0,0,0,0,0,ai_detection_tool,AI detection fairness stress test
STUD01021,Female,Business,Medium,Low,Yes,2.89,No,0.509,0.343,0.612,0.351,No,No,No,No,No,No,No,Synthetic demonstration only - not real student data,0,0,0,0,0,ai_detection_tool,AI detection fairness stress test
STUD01022,Male,Social Sciences,High,High,Yes,5,No,0.725,0.453,0.626,0.489,No,No,No,No,No,No,No,Synthetic demonstration only - not real student data,0,0,0,0,0,ai_detection_tool,AI detection fairness stress test
STUD01023,Male,Business,High,Medium,No,4.07,No,0.836,0.347,0.823,0.197,No,No,No,No,No,No,No,Synthetic demonstration only - not real student data,0,0,0,0,0,ai_detection_tool,AI detection fairness stress test
STUD01024,Female,Social Sciences,Medium,High,No,3.94,No,0.404,0.571,0.298,0.377,No,No,No,No,No,No,No,Synthetic demonstration only - not real student data,0,0,0,0,0,ai_detection_tool,AI detection fairness stress test
STUD01025,Female,Health,High,Low,No,2.89,No,0.65,0.321,0.822,0.444,No,No,No,No,No,No,No,Synthetic demonstration only - not real student data,0,0,0,0,0,ai_detection_tool,AI detection fairness stress test
STUD01026,Male,STEM,Low,Medium,Yes,3.12,No,0.852,0.135,0.421,0.24,No,No,No,No,No,No,No,Synthetic demonstration only - not real student data,0,0,0,0,0,ai_detection_tool,AI detection fairness stress test
STUD01027,Female,Social Sciences,Low,Medium,Yes,3.11,No,0.551,0.419,0.494,0.228,No,No,No,No,No,No,No,Synthetic demonstration only - not real student data,0,0,0,0,0,ai_detection_tool,AI detection fairness stress test
STUD01028,Female,Arts & Humanities,High,Low,No,2.19,Yes,0.634,0.737,0.232,0.724,Yes,Yes,No,No,No,No,No,Synthetic demonstration only - not real student data,1,1,0,0,0,ai_detection_tool,AI detection fairness stress test
STUD01029,Male,STEM,Medium,Low,Yes,3.31,Yes,0.669,0.65,0.808,0.688,Yes,No,Yes,No,No,No,No,Synthetic demonstration only - not real student data,1,1,0,0,0,ai_detection_tool,AI detection fairness stress test
STUD01030,Male,Business,High,Low,Yes,2.56,No,0.393,0.429,0.539,0.273,No,No,No,No,No,No,No,Synthetic demonstration only - not real student data,0,0,0,0,0,ai_detection_tool,AI detection fairness stress test
STUD01031,Male,STEM,Low,Low,Yes,2.24,No,0.7,0.339,0.53,0.363,No,No,No,No,No,No,No,Synthetic demonstration only - not real student data,0,0,0,0,0,ai_detection_tool,AI detection fairness stress test
STUD01032,Male,STEM,High,High,No,5,Yes,0.475,0.913,0.346,0.821,Yes,Yes,Yes,No,No,No,No,Synthetic demonstration only - not real student data,1,1,0,0,0,ai_detection_tool,AI detection fairness stress test
STUD01033,Non-disclosed,Business,Low,High,Yes,3.27,No,0.629,0.61,1,0.543,No,No,No,No,No,No,No,Synthetic demonstration only - not real student data,0,0,0,0,0,ai_detection_tool,AI detection fairness stress test
STUD01034,Female,STEM,Low,High,Yes,3.44,No,0.449,0.402,0.338,0.408,No,No,No,No,No,No,No,Synthetic demonstration only - not real student data,0,0,0,0,0,ai_detection_tool,AI detection fairness stress test
STUD01035,Female,Social Sciences,Medium,Medium,No,2.45,No,0.655,0.31,0.711,0.286,No,No,No,No,No,No,No,Synthetic demonstration only - not real student data,0,0,0,0,0,ai_detection_tool,AI detection fairness stress test
STUD01036,Female,Business,High,Low,No,2.21,No,0.683,0.219,0.566,0.211,No,No,No,No,No,No,No,Synthetic demonstration only - not real student data,0,0,0,0,0,ai_detection_tool,AI detection fairness stress test
STUD01037,Male,STEM,Low,Low,No,2.47,No,0.808,0.295,0.509,0.37,No,No,No,No,No,No,No,Synthetic demonstration only - not real student data,0,0,0,0,0,ai_detection_tool,AI detection fairness stress test
STUD01038,Female,Business,Low,Medium,No,3.71,No,0.341,0.526,0.506,0.505,No,No,No,No,No,No,No,Synthetic demonstration only - not real student data,0,0,0,0,0,ai_detection_tool,AI detection fairness stress test
STUD01039,Male,STEM,High,Medium,Yes,3.08,No,0.655,0.617,0.925,0.221,No,No,No,No,No,No,No,Synthetic demonstration only - not real student data,0,0,0,0,0,ai_detection_tool,AI detection fairness stress test
STUD01040,Male,Health,Medium,High,No,5,Yes,0.838,0.726,0.963,0.798,Yes,Yes,No,No,No,No,No,Synthetic demonstration only - not real student data,1,1,0,0,0,ai_detection_tool,AI detection fairness stress test
STUD01041,Female,STEM,High,Low,Yes,3.37,No,0.446,0.099,0.664,0.266,No,No,No,No,No,No,No,Synthetic demonstration only - not real student data,0,0,0,0,0,ai_detection_tool,AI detection fairness stress test
STUD01042,Male,Social Sciences,Medium,Low,No,3.29,No,0.711,0.489,0.044,0.477,No,No,No,No,No,No,No,Synthetic demonstration only - not real student data,0,0,0,0,0,ai_detection_tool,AI detection fairness stress test
STUD01043,Male,Social Sciences,Medium,High,Yes,3.07,Yes,0.731,0.603,0.82,0.721,Yes,Yes,No,No,No,No,No,Synthetic demonstration only - not real student data,1,1,0,0,0,ai_detection_tool,AI detection fairness stress test
STUD01044,Male,Business,High,Low,No,3.26,No,0.216,0.203,0.924,0.218,No,No,No,No,No,No,No,Synthetic demonstration only - not real student data,0,0,0,0,0,ai_detection_tool,AI detection fairness stress test
STUD01045,Female,STEM,Medium,Low,Yes,3.65,No,0.547,0.458,0.582,0.296,No,No,No,No,No,No,No,Synthetic demonstration only - not real student data,0,0,0,0,0,ai_detection_tool,AI detection fairness stress test
STUD01046,Female,Arts & Humanities,Low,High,No,1.91,Yes,0.752,0.966,0.682,0.883,Yes,Yes,No,No,No,No,No,Synthetic demonstration only - not real student data,1,1,0,0,0,ai_detection_tool,AI detection fairness stress test
STUD01047,Female,Social Sciences,Low,Low,Yes,1.69,Yes,0.694,0.61,0.396,0.77,Yes,Yes,Yes,No,No,No,No,Synthetic demonstration only - not real student data,1,1,0,0,0,ai_detection_tool,AI detection fairness stress test
STUD01048,Male,Health,Medium,Low,No,3.07,No,0.753,0.38,0.497,0.249,No,No,No,No,No,No,No,Synthetic demonstration only - not real student data,0,0,0,0,0,ai_detection_tool,AI detection fairness stress test
STUD01049,Male,Education,Medium,High,Yes,5,Yes,0.47,0.592,0.71,0.903,Yes,Yes,No,No,No,No,No,Synthetic demonstration only - not real student data,1,1,0,0,0,ai_detection_tool,AI detection fairness stress test
STUD01050,Female,Arts & Humanities,High,Low,No,1.9,Yes,0.738,0.675,0.814,0.988,Yes,Yes,No,No,No,No,No,Synthetic demonstration only - not real student data,1,1,0,0,0,ai_detection_tool,AI detection fairness stress test
STUD01051,Female,STEM,High,High,No,4.26,No,0.707,0.134,0.639,0.242,No,No,No,No,No,No,No,Synthetic demonstration only - not real student data,0,0,0,0,0,ai_detection_tool,AI detection fairness stress test
STUD01052,Female,Health,Medium,Low,Yes,2.2,Yes,0.573,0.606,0.734,0.685,Yes,Yes,Yes,No,No,No,No,Synthetic demonstration only - not real student data,1,1,0,0,0,ai_detection_tool,AI detection fairness stress test
STUD01053,Male,Business,High,Low,No,3.36,No,0.641,0.365,0.502,0.342,No,No,No,No,No,No,No,Synthetic demonstration only - not real student data,0,0,0,0,0,ai_detection_tool,AI detection fairness stress test
STUD01054,Female,Business,Medium,Low,No,2.57,No,0.501,0.273,0.611,0.421,No,No,No,No,No,No,No,Synthetic demonstration only - not real student data,0,0,0,0,0,ai_detection_tool,AI detection fairness stress test
STUD01055,Non-disclosed,STEM,Medium,Medium,No,2.57,Yes,0.515,0.77,0.368,0.592,Yes,No,Yes,No,No,No,No,Synthetic demonstration only - not real student data,1,1,0,0,0,ai_detection_tool,AI detection fairness stress test
STUD01056,Female,STEM,Medium,Medium,No,2.87,No,0.758,0.503,0.544,0.326,No,No,No,No,No,No,No,Synthetic demonstration only - not real student data,0,0,0,0,0,ai_detection_tool,AI detection fairness stress test
STUD01057,Male,STEM,High,Medium,Yes,3.29,Yes,0.341,0.638,1,0.493,No,No,No,No,No,No,Yes,Synthetic demonstration only - not real student data,1,0,0,1,0,ai_detection_tool,AI detection fairness stress test
STUD01058,Female,Arts & Humanities,Low,Medium,No,3.23,Yes,0.56,0.637,0.509,0.855,Yes,Yes,No,No,No,No,No,Synthetic demonstration only - not real student data,1,1,0,0,0,ai_detection_tool,AI detection fairness stress test
STUD01059,Male,Social Sciences,High,Medium,No,4.38,No,0.808,0.461,0.565,0.206,No,No,No,No,No,No,No,Synthetic demonstration only - not real student data,0,0,0,0,0,ai_detection_tool,AI detection fairness stress test
STUD01060,Male,Business,High,Low,No,4.95,Yes,0.435,0.557,0.778,0.785,Yes,Yes,Yes,Yes,No,No,No,Synthetic demonstration only - not real student data,1,1,0,0,0,ai_detection_tool,AI detection fairness stress test
STUD01061,Female,Social Sciences,Low,Medium,No,2.79,No,0.432,0.592,0.95,0.604,Yes,Yes,Yes,No,No,Yes,No,Synthetic demonstration only - not real student data,0,1,1,0,0,ai_detection_tool,AI detection fairness stress test
STUD01062,Female,Business,High,High,Yes,4.36,Yes,0.526,0.792,0.514,0.597,Yes,Yes,Yes,Yes,No,No,No,Synthetic demonstration only - not real student data,1,1,0,0,0,ai_detection_tool,AI detection fairness stress test
STUD01063,Male,Health,Medium,High,No,4.75,Yes,0.587,0.744,0.785,0.736,Yes,Yes,No,No,No,No,No,Synthetic demonstration only - not real student data,1,1,0,0,0,ai_detection_tool,AI detection fairness stress test
STUD01064,Non-disclosed,Health,Medium,Medium,Yes,4.41,Yes,0.658,0.755,0.378,0.538,No,No,No,No,No,No,Yes,Synthetic demonstration only - not real student data,1,0,0,1,0,ai_detection_tool,AI detection fairness stress test
STUD01065,Female,Arts & Humanities,High,Low,No,2.52,No,0.606,0.536,0.719,0.359,No,No,No,No,No,No,No,Synthetic demonstration only - not real student data,0,0,0,0,0,ai_detection_tool,AI detection fairness stress test
STUD01066,Male,Arts & Humanities,High,High,Yes,4.06,Yes,0.689,0.448,0.684,0.748,Yes,No,Yes,No,No,No,No,Synthetic demonstration only - not real student data,1,1,0,0,0,ai_detection_tool,AI detection fairness stress test
STUD01067,Male,STEM,Medium,High,Yes,4.02,No,0.699,0.283,0.483,0.345,No,No,No,No,No,No,No,Synthetic demonstration only - not real student data,0,0,0,0,0,ai_detection_tool,AI detection fairness stress test
STUD01068,Male,Business,High,Low,No,2.31,Yes,0.559,0.493,0.678,0.602,Yes,Yes,Yes,No,No,No,No,Synthetic demonstration only - not real student data,1,1,0,0,0,ai_detection_tool,AI detection fairness stress test
STUD01069,Female,STEM,Medium,Medium,Yes,1.66,Yes,0.637,0.526,0.537,0.548,No,No,No,No,No,No,Yes,Synthetic demonstration only - not real student data,1,0,0,1,0,ai_detection_tool,AI detection fairness stress test
STUD01070,Female,Business,Medium,Low,No,1.89,Yes,0.797,0.881,0.888,1,Yes,Yes,Yes,No,No,No,No,Synthetic demonstration only - not real student data,1,1,0,0,0,ai_detection_tool,AI detection fairness stress test
STUD01071,Male,Business,Medium,Medium,Yes,2.98,Yes,0.83,0.62,0.927,0.505,No,No,No,No,No,No,Yes,Synthetic demonstration only - not real student data,1,0,0,1,0,ai_detection_tool,AI detection fairness stress test
STUD01072,Female,Health,Low,Low,Yes,1.79,Yes,0.184,0.559,0.728,0.922,Yes,No,Yes,No,No,No,No,Synthetic demonstration only - not real student data,1,1,0,0,0,ai_detection_tool,AI detection fairness stress test
STUD01073,Male,Business,Medium,Medium,No,3.25,No,0.576,0.444,0.369,0.522,No,No,No,No,No,No,No,Synthetic demonstration only - not real student data,0,0,0,0,0,ai_detection_tool,AI detection fairness stress test
STUD01074,Female,Business,Medium,Medium,Yes,4.0,No,0.567,0.424,0.645,0.388,No,No,No,No,No,No,No,Synthetic demonstration only - not real student data,0,0,0,0,0,ai_detection_tool,AI detection fairness stress test
STUD01075,Female,Education,Low,Medium,No,2.84,No,0.492,0.157,0.563,0.197,No,No,No,No,No,No,No,Synthetic demonstration only - not real student data,0,0,0,0,0,ai_detection_tool,AI detection fairness stress test
STUD01076,Female,Arts & Humanities,Medium,Low,Yes,1.72,No,0.506,0.26,0.707,0.287,No,No,No,No,No,No,No,Synthetic demonstration only - not real student data,0,0,0,0,0,ai_detection_tool,AI detection fairness stress test
STUD01077,Female,Arts & Humanities,Medium,High,Yes,2.87,Yes,0.574,0.771,0.935,0.667,Yes,Yes,Yes,No,No,No,No,Synthetic demonstration only - not real student data,1,1,0,0,0,ai_detection_tool,AI detection fairness stress test
STUD01078,Female,Arts & Humanities,Medium,Medium,Yes,3.55,Yes,0.919,0.73,0.683,0.548,No,No,No,No,No,No,Yes,Synthetic demonstration only - not real student data,1,0,0,1,0,ai_detection_tool,AI detection fairness stress test
STUD01079,Female,Arts & Humanities,High,Medium,No,4.11,Yes,0.407,0.858,0.715,0.537,No,No,No,No,No,No,Yes,Synthetic demonstration only - not real student data,1,0,0,1,0,ai_detection_tool,AI detection fairness stress test
STUD01080,Female,Arts & Humanities,Low,Low,Yes,1.8,No,0.385,0.331,0.583,0.209,No,No,No,No,No,No,No,Synthetic demonstration only - not real student data,0,0,0,0,0,ai_detection_tool,AI detection fairness stress test
STUD01081,Female,Health,Medium,High,No,3.87,No,0.292,0.493,0.59,0.293,No,No,No,No,No,No,No,Synthetic demonstration only - not real student data,0,0,0,0,0,ai_detection_tool,AI detection fairness stress test
STUD01082,Female,STEM,Low,Low,No,2.35,No,0.59,0.314,0.375,0.482,No,No,No,No,No,No,No,Synthetic demonstration only - not real student data,0,0,0,0,0,ai_detection_tool,AI detection fairness stress test
STUD01083,Non-disclosed,Health,Low,Medium,No,2.9,Yes,0.561,0.764,0.785,1,Yes,No,Yes,No,No,No,No,Synthetic demonstration only - not real student data,1,1,0,0,0,ai_detection_tool,AI detection fairness stress test
STUD01084,Male,Health,High,High,Yes,3.48,Yes,0.532,0.547,0.91,0.537,No,No,No,No,No,No,Yes,Synthetic demonstration only - not real student data,1,0,0,1,0,ai_detection_tool,AI detection fairness stress test
STUD01085,Female,STEM,Low,Medium,No,3.04,Yes,0.677,0.815,0.674,0.698,Yes,Yes,No,No,No,No,No,Synthetic demonstration only - not real student data,1,1,0,0,0,ai_detection_tool,AI detection fairness stress test
STUD01086,Male,Social Sciences,Medium,High,No,4.19,Yes,0.574,0.932,0.743,0.747,Yes,Yes,No,No,No,No,No,Synthetic demonstration only - not real student data,1,1,0,0,0,ai_detection_tool,AI detection fairness stress test
STUD01087,Non-disclosed,STEM,High,Medium,No,2.91,No,0.249,0.374,0.402,0.373,No,No,No,No,No,No,No,Synthetic demonstration only - not real student data,0,0,0,0,0,ai_detection_tool,AI detection fairness stress test
STUD01088,Male,Business,High,Medium,No,4.03,No,0.422,0.573,0.352,0.423,No,No,No,No,No,No,No,Synthetic demonstration only - not real student data,0,0,0,0,0,ai_detection_tool,AI detection fairness stress test
STUD01089,Female,Social Sciences,Low,Medium,No,3.65,No,0.446,0.442,0.532,0.315,No,No,No,No,No,No,No,Synthetic demonstration only - not real student data,0,0,0,0,0,ai_detection_tool,AI detection fairness stress test
STUD01090,Male,Arts & Humanities,Medium,Medium,No,3.9,No,0.402,0.659,0.65,0.341,No,No,No,No,No,No,No,Synthetic demonstration only - not real student data,0,0,0,0,0,ai_detection_tool,AI detection fairness stress test
STUD01091,Female,Health,High,Medium,No,4.34,No,0.48,0.158,0.753,0.502,No,No,No,No,No,No,No,Synthetic demonstration only - not real student data,0,0,0,0,0,ai_detection_tool,AI detection fairness stress test
STUD01092,Male,Business,Low,Medium,No,2.05,No,0.504,0.153,0.599,0.11,No,No,No,No,No,No,No,Synthetic demonstration only - not real student data,0,0,0,0,0,ai_detection_tool,AI detection fairness stress test
STUD01093,Female,Education,High,Medium,No,3.39,Yes,0.418,0.45,0.794,0.799,Yes,Yes,No,No,No,No,No,Synthetic demonstration only - not real student data,1,1,0,0,0,ai_detection_tool,AI detection fairness stress test
STUD01094,Male,STEM,High,Low,No,3.73,Yes,0.558,0.656,0.757,0.724,Yes,Yes,No,No,No,No,No,Synthetic demonstration only - not real student data,1,1,0,0,0,ai_detection_tool,AI detection fairness stress test
STUD01095,Male,STEM,Low,High,Yes,4.25,No,0.631,0.533,0.68,0.419,No,No,No,No,No,No,No,Synthetic demonstration only - not real student data,0,0,0,0,0,ai_detection_tool,AI detection fairness stress test
STUD01096,Female,Business,Low,Medium,Yes,2.69,Yes,0.368,0.747,0.454,0.761,Yes,Yes,Yes,Yes,No,No,No,Synthetic demonstration only - not real student data,1,1,0,0,0,ai_detection_tool,AI detection fairness stress test
STUD01097,Female,Health,Medium,High,Yes,4.41,Yes,0.701,0.473,1,0.626,Yes,Yes,Yes,No,No,No,No,Synthetic demonstration only - not real student data,1,1,0,0,0,ai_detection_tool,AI detection fairness stress test
STUD01098,Female,Arts & Humanities,Medium,Low,No,2.51,No,0.345,0.4,0.578,0.694,Yes,Yes,Yes,No,No,Yes,No,Synthetic demonstration only - not real student data,0,1,1,0,0,ai_detection_tool,AI detection fairness stress test
STUD01099,Male,STEM,Low,Medium,Yes,4.14,No,0.348,0.214,0.693,0.055,No,No,No,No,No,No,No,Synthetic demonstration only - not real student data,0,0,0,0,0,ai_detection_tool,AI detection fairness stress test
STUD01100,Female,Social Sciences,Low,Medium,No,3.13,No,0.255,0.398,0.521,0.358,No,No,No,No,No,No,No,Synthetic demonstration only - not real student data,0,0,0,0,0,ai_detection_tool,AI detection fairness stress test
STUD01101,Female,Business,Low,Low,No,2.59,Yes,0.695,0.654,0.308,0.988,Yes,Yes,Yes,No,No,No,No,Synthetic demonstration only - not real student data,1,1,0,0,0,ai_detection_tool,AI detection fairness stress test
STUD01102,Male,Education,Medium,Medium,No,2.92,No,0.59,0.429,0.524,0.023,No,No,No,No,No,No,No,Synthetic demonstration only - not real student data,0,0,0,0,0,ai_detection_tool,AI detection fairness stress test
STUD01103,Male,Business,Medium,Medium,Yes,2.56,No,0.521,0.513,0.746,0.282,No,No,No,No,No,No,No,Synthetic demonstration only - not real student data,0,0,0,0,0,ai_detection_tool,AI detection fairness stress test
STUD01104,Female,STEM,High,Low,Yes,3.47,No,0.865,0.171,0.685,0.292,No,No,No,No,No,No,No,Synthetic demonstration only - not real student data,0,0,0,0,0,ai_detection_tool,AI detection fairness stress test
STUD01105,Female,Arts & Humanities,Medium,Medium,No,2.69,Yes,0.689,0.684,0.518,0.638,Yes,Yes,Yes,Yes,No,No,No,Synthetic demonstration only - not real student data,1,1,0,0,0,ai_detection_tool,AI detection fairness stress test
STUD01106,Female,STEM,Low,Medium,No,3.33,No,0.849,0.397,0.814,0.52,No,No,No,No,No,No,No,Synthetic demonstration only - not real student data,0,0,0,0,0,ai_detection_tool,AI detection fairness stress test
STUD01107,Male,Health,Medium,Low,No,3.52,No,0.612,0.068,0.466,0.315,No,No,No,No,No,No,No,Synthetic demonstration only - not real student data,0,0,0,0,0,ai_detection_tool,AI detection fairness stress test
STUD01108,Male,Education,Medium,Low,No,3.27,No,0.525,0.581,0.641,0.264,No,No,No,No,No,No,No,Synthetic demonstration only - not real student data,0,0,0,0,0,ai_detection_tool,AI detection fairness stress test
STUD01109,Female,Business,Medium,Low,No,2.53,No,0.483,0.465,0.474,0.179,No,No,No,No,No,No,No,Synthetic demonstration only - not real student data,0,0,0,0,0,ai_detection_tool,AI detection fairness stress test
STUD01110,Male,STEM,High,Medium,No,2.89,No,0.523,0.292,0.43,0.227,No,No,No,No,No,No,No,Synthetic demonstration only - not real student data,0,0,0,0,0,ai_detection_tool,AI detection fairness stress test
STUD01111,Male,Business,Low,Low,Yes,3.13,No,0.504,0.228,0.752,0.069,No,No,No,No,No,No,No,Synthetic demonstration only - not real student data,0,0,0,0,0,ai_detection_tool,AI detection fairness stress test
STUD01112,Male,STEM,Medium,Medium,Yes,3.81,No,0.402,0.369,0.81,0.133,No,No,No,No,No,No,No,Synthetic demonstration only - not real student data,0,0,0,0,0,ai_detection_tool,AI detection fairness stress test
STUD01113,Male,Social Sciences,Medium,Medium,No,3.27,No,0.613,0.281,0.732,0.227,No,No,No,No,No,No,No,Synthetic demonstration only - not real student data,0,0,0,0,0,ai_detection_tool,AI detection fairness stress test
STUD01114,Female,Business,Medium,Low,Yes,2.14,No,0.733,0.223,0.531,0.425,No,No,No,No,No,No,No,Synthetic demonstration only - not real student data,0,0,0,0,0,ai_detection_tool,AI detection fairness stress test
STUD01115,Male,Business,Low,Medium,No,2.8,No,0.29,0.545,0.787,0.24,No,No,No,No,No,No,No,Synthetic demonstration only - not real student data,0,0,0,0,0,ai_detection_tool,AI detection fairness stress test
STUD01116,Female,Arts & Humanities,High,Low,No,3.6,Yes,0.548,0.307,0.551,0.671,Yes,Yes,No,No,No,No,No,Synthetic demonstration only - not real student data,1,1,0,0,0,ai_detection_tool,AI detection fairness stress test
STUD01117,Female,Health,Low,Medium,No,2.79,No,0.726,0.504,0.745,0.324,No,No,No,No,No,No,No,Synthetic demonstration only - not real student data,0,0,0,0,0,ai_detection_tool,AI detection fairness stress test
STUD01118,Male,Social Sciences,Low,Low,No,4.54,No,0.129,0.459,0.425,0.276,No,No,No,No,No,No,No,Synthetic demonstration only - not real student data,0,0,0,0,0,ai_detection_tool,AI detection fairness stress test
STUD01119,Male,STEM,Medium,Low,No,2.39,No,0.417,0.399,0.628,0.175,No,No,No,No,No,No,No,Synthetic demonstration only - not real student data,0,0,0,0,0,ai_detection_tool,AI detection fairness stress test
STUD01120,Female,Education,Medium,Low,Yes,3.39,No,0.778,0.227,0.726,0.577,Yes,Yes,Yes,Yes,Yes,Yes,No,Synthetic demonstration only - not real student data,0,1,1,0,1,ai_detection_tool,AI detection fairness stress test
STUD01121,Female,Arts & Humanities,Medium,Low,No,2.41,No,0.802,0.44,0.736,0.36,No,No,No,No,No,No,No,Synthetic demonstration only - not real student data,0,0,0,0,0,ai_detection_tool,AI detection fairness stress test
STUD01122,Male,Education,Medium,Low,No,3.42,Yes,0.493,0.195,0.604,0.799,Yes,Yes,No,No,No,No,No,Synthetic demonstration only - not real student data,1,1,0,0,0,ai_detection_tool,AI detection fairness stress test
STUD01123,Female,Arts & Humanities,Low,Low,Yes,2.72,No,0.714,0.152,0.503,0.279,No,No,No,No,No,No,No,Synthetic demonstration only - not real student data,0,0,0,0,0,ai_detection_tool,AI detection fairness stress test
STUD01124,Female,STEM,Medium,Medium,No,3.34,Yes,0.403,0.563,0.491,0.679,Yes,No,Yes,No,No,No,No,Synthetic demonstration only - not real student data,1,1,0,0,0,ai_detection_tool,AI detection fairness stress test
STUD01125,Male,STEM,Medium,Medium,No,3.06,No,0.424,0.193,0.385,0.106,No,No,No,No,No,No,No,Synthetic demonstration only - not real student data,0,0,0,0,0,ai_detection_tool,AI detection fairness stress test
STUD01126,Female,Business,Low,Medium,Yes,3.7,Yes,0.414,0.56,1,0.716,Yes,Yes,No,No,No,No,No,Synthetic demonstration only - not real student data,1,1,0,0,0,ai_detection_tool,AI detection fairness stress test
STUD01127,Female,Health,Medium,Medium,Yes,2.01,No,0.575,0.477,0.694,0.327,No,No,No,No,No,No,No,Synthetic demonstration only - not real student data,0,0,0,0,0,ai_detection_tool,AI detection fairness stress test
STUD01128,Non-disclosed,Arts & Humanities,High,Low,No,3.32,No,0.714,0.06,0.72,0.27,No,No,No,No,No,No,No,Synthetic demonstration only - not real student data,0,0,0,0,0,ai_detection_tool,AI detection fairness stress test
STUD01129,Male,STEM,Low,High,No,4.2,No,0.54,0.31,0.594,0.312,No,No,No,No,No,No,No,Synthetic demonstration only - not real student data,0,0,0,0,0,ai_detection_tool,AI detection fairness stress test
STUD01130,Male,STEM,Medium,Medium,Yes,3.14,Yes,0.781,0.73,0.795,0.466,No,No,No,No,No,No,Yes,Synthetic demonstration only - not real student data,1,0,0,1,0,ai_detection_tool,AI detection fairness stress test
STUD01131,Male,STEM,High,Medium,No,3.8,Yes,0.809,0.647,0.565,0.934,Yes,Yes,Yes,No,No,No,No,Synthetic demonstration only - not real student data,1,1,0,0,0,ai_detection_tool,AI detection fairness stress test
STUD01132,Male,Health,High,Low,Yes,3.86,Yes,0.728,0.408,0.663,0.723,Yes,Yes,Yes,Yes,Yes,No,No,Synthetic demonstration only - not real student data,1,1,0,0,1,ai_detection_tool,AI detection fairness stress test
STUD01133,Female,STEM,High,High,No,3.66,Yes,0.638,0.797,0.717,0.602,Yes,Yes,Yes,Yes,No,No,No,Synthetic demonstration only - not real student data,1,1,0,0,0,ai_detection_tool,AI detection fairness stress test
STUD01134,Male,Arts & Humanities,Medium,Medium,Yes,2.71,No,1,0.295,0.471,0.476,No,No,No,No,No,No,No,Synthetic demonstration only - not real student data,0,0,0,0,0,ai_detection_tool,AI detection fairness stress test
STUD01135,Male,Health,Medium,High,Yes,3.34,No,0.556,0.484,0.855,0.203,No,No,No,No,No,No,No,Synthetic demonstration only - not real student data,0,0,0,0,0,ai_detection_tool,AI detection fairness stress test
STUD01136,Male,Business,Medium,Medium,Yes,3.95,Yes,0.73,0.676,0.635,0.698,Yes,No,Yes,No,No,No,No,Synthetic demonstration only - not real student data,1,1,0,0,0,ai_detection_tool,AI detection fairness stress test
STUD01137,Male,STEM,Low,Medium,Yes,2.7,No,0.629,0.077,0.701,0.115,No,No,No,No,No,No,No,Synthetic demonstration only - not real student data,0,0,0,0,0,ai_detection_tool,AI detection fairness stress test
STUD01138,Female,Social Sciences,High,High,Yes,3.9,Yes,0.486,0.742,0.591,0.622,Yes,Yes,Yes,No,No,No,No,Synthetic demonstration only - not real student data,1,1,0,0,0,ai_detection_tool,AI detection fairness stress test
STUD01139,Female,Social Sciences,Medium,High,Yes,4.11,Yes,0.979,0.794,0.695,0.757,Yes,Yes,Yes,No,No,No,No,Synthetic demonstration only - not real student data,1,1,0,0,0,ai_detection_tool,AI detection fairness stress test
STUD01140,Female,Business,Medium,High,No,3.1,Yes,0.703,0.767,0.768,0.818,Yes,Yes,No,No,No,No,No,Synthetic demonstration only - not real student data,1,1,0,0,0,ai_detection_tool,AI detection fairness stress test
STUD01141,Female,Health,Medium,Medium,Yes,4.53,Yes,0.486,0.574,0.536,0.695,Yes,Yes,No,No,No,No,No,Synthetic demonstration only - not real student data,1,1,0,0,0,ai_detection_tool,AI detection fairness stress test
STUD01142,Female,Business,Low,Medium,Yes,2.4,No,0.631,0.563,0.328,0.467,No,No,No,No,No,No,No,Synthetic demonstration only - not real student data,0,0,0,0,0,ai_detection_tool,AI detection fairness stress test
STUD01143,Female,Arts & Humanities,High,Low,Yes,3.83,Yes,0.768,0.555,0.707,0.464,No,No,No,No,No,No,Yes,Synthetic demonstration only - not real student data,1,0,0,1,0,ai_detection_tool,AI detection fairness stress test
STUD01144,Male,Business,Medium,Low,No,3.36,No,0.829,0.292,0.684,0.305,No,No,No,No,No,No,No,Synthetic demonstration only - not real student data,0,0,0,0,0,ai_detection_tool,AI detection fairness stress test
STUD01145,Male,Social Sciences,Medium,High,No,3.15,No,0.56,0.238,0.404,0.336,No,No,No,No,No,No,No,Synthetic demonstration only - not real student data,0,0,0,0,0,ai_detection_tool,AI detection fairness stress test
STUD01146,Female,Education,Low,Medium,No,1.84,Yes,1,0.581,0.859,0.796,Yes,Yes,Yes,No,No,No,No,Synthetic demonstration only - not real student data,1,1,0,0,0,ai_detection_tool,AI detection fairness stress test
STUD01147,Male,Education,High,Medium,No,3.87,No,0.58,0.219,0.775,0.161,No,No,No,No,No,No,No,Synthetic demonstration only - not real student data,0,0,0,0,0,ai_detection_tool,AI detection fairness stress test
STUD01148,Female,STEM,High,Medium,Yes,3.48,Yes,0.691,0.557,0.741,0.652,Yes,Yes,Yes,No,No,No,No,Synthetic demonstration only - not real student data,1,1,0,0,0,ai_detection_tool,AI detection fairness stress test
STUD01149,Female,Business,Medium,High,No,3.04,No,0.434,0.383,0.791,0.279,No,No,No,No,No,No,No,Synthetic demonstration only - not real student data,0,0,0,0,0,ai_detection_tool,AI detection fairness stress test
STUD01150,Female,Business,Low,Low,No,2.68,Yes,0.34,0.566,1,0.896,Yes,Yes,No,No,No,No,No,Synthetic demonstration only - not real student data,1,1,0,0,0,ai_detection_tool,AI detection fairness stress test
STUD01151,Non-disclosed,STEM,Low,Low,No,1.74,No,0.701,0.208,0.733,0.543,No,No,No,No,No,No,No,Synthetic demonstration only - not real student data,0,0,0,0,0,ai_detection_tool,AI detection fairness stress test
STUD01152,Female,STEM,High,Medium,No,3.55,No,0.555,0.466,0.108,0.583,Yes,Yes,Yes,No,No,Yes,No,Synthetic demonstration only - not real student data,0,1,1,0,0,ai_detection_tool,AI detection fairness stress test
STUD01153,Male,Education,Low,Medium,No,3.34,No,0.749,0.549,0.69,0.332,No,No,No,No,No,No,No,Synthetic demonstration only - not real student data,0,0,0,0,0,ai_detection_tool,AI detection fairness stress test
STUD01154,Male,Arts & Humanities,High,High,Yes,4.1,Yes,0.572,0.936,0.435,0.91,Yes,Yes,No,No,No,No,No,Synthetic demonstration only - not real student data,1,1,0,0,0,ai_detection_tool,AI detection fairness stress test
STUD01155,Female,Business,Low,Low,Yes,3.11,Yes,0.662,0.738,0.823,0.827,Yes,Yes,No,No,No,No,No,Synthetic demonstration only - not real student data,1,1,0,0,0,ai_detection_tool,AI detection fairness stress test
STUD01156,Male,Arts & Humanities,Low,Medium,No,3.6,No,0.398,0.316,0.664,0.247,No,No,No,No,No,No,No,Synthetic demonstration only - not real student data,0,0,0,0,0,ai_detection_tool,AI detection fairness stress test
STUD01157,Female,STEM,Low,Low,Yes,3.6,Yes,0.621,0.678,0.895,0.713,Yes,Yes,Yes,Yes,No,No,No,Synthetic demonstration only - not real student data,1,1,0,0,0,ai_detection_tool,AI detection fairness stress test
STUD01158,Male,Business,High,Medium,No,3.15,No,0.799,0.392,0.729,0.279,No,No,No,No,No,No,No,Synthetic demonstration only - not real student data,0,0,0,0,0,ai_detection_tool,AI detection fairness stress test
STUD01159,Female,Social Sciences,High,Low,Yes,1.35,No,0.396,0.302,0.436,0.366,No,No,No,No,No,No,No,Synthetic demonstration only - not real student data,0,0,0,0,0,ai_detection_tool,AI detection fairness stress test
STUD01160,Male,Health,Low,Medium,No,2.49,No,0.41,0.379,0.419,0.445,No,No,No,No,No,No,No,Synthetic demonstration only - not real student data,0,0,0,0,0,ai_detection_tool,AI detection fairness stress test
STUD01161,Male,Business,High,Medium,No,3.02,Yes,0.377,0.916,0.53,0.585,Yes,Yes,Yes,No,No,No,No,Synthetic demonstration only - not real student data,1,1,0,0,0,ai_detection_tool,AI detection fairness stress test
STUD01162,Female,Business,Medium,Medium,No,3.34,No,0.785,0.141,0.762,0.177,No,No,No,No,No,No,No,Synthetic demonstration only - not real student data,0,0,0,0,0,ai_detection_tool,AI detection fairness stress test
STUD01163,Female,Business,Medium,Medium,Yes,2.94,Yes,0.523,0.755,0.622,0.732,Yes,Yes,No,No,No,No,No,Synthetic demonstration only - not real student data,1,1,0,0,0,ai_detection_tool,AI detection fairness stress test
STUD01164,Female,Business,High,Medium,No,4.0,Yes,0.599,0.487,0.446,0.781,Yes,No,Yes,No,No,No,No,Synthetic demonstration only - not real student data,1,1,0,0,0,ai_detection_tool,AI detection fairness stress test
STUD01165,Female,Arts & Humanities,High,Low,Yes,2.37,Yes,0.528,0.653,1,0.674,Yes,Yes,Yes,No,No,No,No,Synthetic demonstration only - not real student data,1,1,0,0,0,ai_detection_tool,AI detection fairness stress test
STUD01166,Female,Health,Low,High,Yes,3.23,No,0.548,0.649,0.532,0.213,No,No,No,No,No,No,No,Synthetic demonstration only - not real student data,0,0,0,0,0,ai_detection_tool,AI detection fairness stress test
STUD01167,Male,STEM,Low,Low,No,2.55,No,0.706,0.719,0.764,0.563,Yes,Yes,Yes,No,No,Yes,No,Synthetic demonstration only - not real student data,0,1,1,0,0,ai_detection_tool,AI detection fairness stress test
STUD01168,Male,Social Sciences,Low,High,Yes,3.04,Yes,0.668,0.45,0.61,0.699,Yes,Yes,Yes,Yes,No,No,No,Synthetic demonstration only - not real student data,1,1,0,0,0,ai_detection_tool,AI detection fairness stress test
STUD01169,Female,Business,High,Low,No,3.42,No,0.402,0.378,0,0.428,No,No,No,No,No,No,No,Synthetic demonstration only - not real student data,0,0,0,0,0,ai_detection_tool,AI detection fairness stress test
STUD01170,Male,Arts & Humanities,High,Low,No,3.66,No,0.515,0.456,0.554,0.298,No,No,No,No,No,No,No,Synthetic demonstration only - not real student data,0,0,0,0,0,ai_detection_tool,AI detection fairness stress test
STUD01171,Male,Health,Low,Medium,No,3.56,Yes,0.257,0.767,0.624,0.576,Yes,Yes,No,No,No,No,No,Synthetic demonstration only - not real student data,1,1,0,0,0,ai_detection_tool,AI detection fairness stress test
STUD01172,Female,Health,Low,Low,No,1.15,Yes,0.228,0.961,0.868,0.728,Yes,Yes,No,No,No,No,No,Synthetic demonstration only - not real student data,1,1,0,0,0,ai_detection_tool,AI detection fairness stress test
STUD01173,Male,Education,High,Low,No,2.85,Yes,0.49,0.11,0.651,0.625,Yes,Yes,Yes,No,No,No,No,Synthetic demonstration only - not real student data,1,1,0,0,0,ai_detection_tool,AI detection fairness stress test
STUD01174,Female,Business,Low,High,No,2.86,Yes,0.392,1,0.721,0.816,Yes,Yes,Yes,No,No,No,No,Synthetic demonstration only - not real student data,1,1,0,0,0,ai_detection_tool,AI detection fairness stress test
STUD01175,Female,STEM,Low,Medium,Yes,2.86,No,0.593,0.269,0.871,0.45,No,No,No,No,No,No,No,Synthetic demonstration only - not real student data,0,0,0,0,0,ai_detection_tool,AI detection fairness stress test
STUD01176,Male,Education,Low,Medium,Yes,2.3,Yes,0.638,0.599,0.776,0.926,Yes,Yes,Yes,No,No,No,No,Synthetic demonstration only - not real student data,1,1,0,0,0,ai_detection_tool,AI detection fairness stress test
STUD01177,Male,Business,High,High,Yes,3.37,Yes,0.446,0.591,0.651,0.832,Yes,Yes,No,No,No,No,No,Synthetic demonstration only - not real student data,1,1,0,0,0,ai_detection_tool,AI detection fairness stress test
STUD01178,Female,Health,Low,Low,Yes,1.69,No,0.495,0.292,0.42,0.357,No,No,No,No,No,No,No,Synthetic demonstration only - not real student data,0,0,0,0,0,ai_detection_tool,AI detection fairness stress test
STUD01179,Female,Arts & Humanities,Medium,Low,No,2.57,Yes,0.536,0.494,0.442,0.889,Yes,Yes,Yes,No,No,No,No,Synthetic demonstration only - not real student data,1,1,0,0,0,ai_detection_tool,AI detection fairness stress test
STUD01180,Female,Social Sciences,Medium,High,No,2.92,Yes,0.473,0.693,0.716,0.508,No,No,No,No,No,No,Yes,Synthetic demonstration only - not real student data,1,0,0,1,0,ai_detection_tool,AI detection fairness stress test
STUD01181,Female,Arts & Humanities,Low,Low,No,2.63,No,0.783,0.164,0.686,0.424,No,No,No,No,No,No,No,Synthetic demonstration only - not real student data,0,0,0,0,0,ai_detection_tool,AI detection fairness stress test
STUD01182,Female,Education,Medium,Low,No,2.22,No,0.682,0.309,0.6,0.434,No,No,No,No,No,No,No,Synthetic demonstration only - not real student data,0,0,0,0,0,ai_detection_tool,AI detection fairness stress test
STUD01183,Female,STEM,Low,Medium,No,3.03,No,0.554,0.372,0.258,0.289,No,No,No,No,No,No,No,Synthetic demonstration only - not real student data,0,0,0,0,0,ai_detection_tool,AI detection fairness stress test
STUD01184,Female,Social Sciences,Medium,Medium,No,2.73,No,0.676,0.386,0.577,0.39,No,No,No,No,No,No,No,Synthetic demonstration only - not real student data,0,0,0,0,0,ai_detection_tool,AI detection fairness stress test
STUD01185,Male,Health,Medium,High,Yes,3.57,Yes,0.356,0.774,0.944,0.714,Yes,No,No,No,No,No,No,Synthetic demonstration only - not real student data,1,1,0,0,0,ai_detection_tool,AI detection fairness stress test
STUD01186,Male,Business,Medium,High,Yes,4.68,Yes,0.712,0.93,0.85,0.584,Yes,Yes,Yes,Yes,No,No,No,Synthetic demonstration only - not real student data,1,1,0,0,0,ai_detection_tool,AI detection fairness stress test
STUD01187,Female,STEM,Medium,Medium,No,3.71,Yes,0.59,0.676,0.749,0.88,Yes,No,Yes,No,No,No,No,Synthetic demonstration only - not real student data,1,1,0,0,0,ai_detection_tool,AI detection fairness stress test
STUD01188,Female,STEM,Medium,Medium,Yes,2.11,No,0.343,0.311,0.707,0.329,No,No,No,No,No,No,No,Synthetic demonstration only - not real student data,0,0,0,0,0,ai_detection_tool,AI detection fairness stress test
STUD01189,Female,Business,High,Low,No,2.41,Yes,0.671,0.679,0.607,0.875,Yes,Yes,No,No,No,No,No,Synthetic demonstration only - not real student data,1,1,0,0,0,ai_detection_tool,AI detection fairness stress test
STUD01190,Male,Education,High,Medium,No,3.41,No,0.533,0.378,0.705,0.259,No,No,No,No,No,No,No,Synthetic demonstration only - not real student data,0,0,0,0,0,ai_detection_tool,AI detection fairness stress test
STUD01191,Male,Business,Low,Medium,Yes,3.83,No,0.646,0.378,0.945,0.139,No,No,No,No,No,No,No,Synthetic demonstration only - not real student data,0,0,0,0,0,ai_detection_tool,AI detection fairness stress test
STUD01192,Male,Social Sciences,Medium,Medium,Yes,3.08,No,0.749,0.295,0.726,0.218,No,No,No,No,No,No,No,Synthetic demonstration only - not real student data,0,0,0,0,0,ai_detection_tool,AI detection fairness stress test
STUD01193,Male,Business,Medium,Medium,No,3.44,No,0.451,0.415,0.909,0.308,No,No,No,No,No,No,No,Synthetic demonstration only - not real student data,0,0,0,0,0,ai_detection_tool,AI detection fairness stress test
STUD01194,Non-disclosed,STEM,High,Medium,No,3.89,Yes,0.512,0.555,0.744,0.75,Yes,No,Yes,No,No,No,No,Synthetic demonstration only - not real student data,1,1,0,0,0,ai_detection_tool,AI detection fairness stress test
STUD01195,Male,Social Sciences,Low,High,No,3.73,Yes,0.554,0.507,0.457,0.777,Yes,Yes,Yes,Yes,No,No,No,Synthetic demonstration only - not real student data,1,1,0,0,0,ai_detection_tool,AI detection fairness stress test
STUD01196,Male,Social Sciences,High,Medium,No,3.52,No,0.753,0.484,0.581,0.508,No,No,No,No,No,No,No,Synthetic demonstration only - not real student data,0,0,0,0,0,ai_detection_tool,AI detection fairness stress test
STUD01197,Female,Health,Medium,High,No,4.15,No,0.745,0.23,0.434,0.343,No,No,No,No,No,No,No,Synthetic demonstration only - not real student data,0,0,0,0,0,ai_detection_tool,AI detection fairness stress test
STUD01198,Female,STEM,High,Low,Yes,3.78,Yes,0.722,0.672,0.667,0.781,Yes,Yes,No,No,No,No,No,Synthetic demonstration only - not real student data,1,1,0,0,0,ai_detection_tool,AI detection fairness stress test
STUD01199,Female,Health,High,Medium,No,2.73,Yes,0.24,0.594,0.707,0.753,Yes,No,Yes,Yes,Yes,No,No,Synthetic demonstration only - not real student data,1,1,0,0,1,ai_detection_tool,AI detection fairness stress test
STUD01200,Female,Arts & Humanities,Medium,Medium,Yes,3.14,No,0.565,0.077,0.24,0.223,No,No,No,No,No,No,No,Synthetic demonstration only - not real student data,0,0,0,0,0,ai_detection_tool,AI detection fairness stress test
STUD01201,Male,Social Sciences,Medium,Medium,No,3.96,No,0.411,0.415,0.742,0.402,No,No,No,No,No,No,No,Synthetic demonstration only - not real student data,0,0,0,0,0,ai_detection_tool,AI detection fairness stress test
STUD01202,Female,Business,High,Medium,No,4.29,No,0.564,0.498,0.578,0.189,No,No,No,No,No,No,No,Synthetic demonstration only - not real student data,0,0,0,0,0,ai_detection_tool,AI detection fairness stress test
STUD01203,Female,Arts & Humanities,Low,High,Yes,3.38,No,0.443,0.29,0.554,0.142,No,No,No,No,No,No,No,Synthetic demonstration only - not real student data,0,0,0,0,0,ai_detection_tool,AI detection fairness stress test
STUD01204,Male,STEM,High,Low,No,2.32,Yes,0.82,0.703,0.562,0.786,Yes,Yes,Yes,No,No,No,No,Synthetic demonstration only - not real student data,1,1,0,0,0,ai_detection_tool,AI detection fairness stress test
STUD01205,Female,Business,High,Medium,Yes,1.96,Yes,0.578,0.718,0.43,0.813,Yes,Yes,Yes,No,No,No,No,Synthetic demonstration only - not real student data,1,1,0,0,0,ai_detection_tool,AI detection fairness stress test
STUD01206,Female,Health,Medium,Medium,No,3.25,Yes,0.544,0.665,0.892,0.744,Yes,Yes,No,No,No,No,No,Synthetic demonstration only - not real student data,1,1,0,0,0,ai_detection_tool,AI detection fairness stress test
STUD01207,Female,Business,High,Medium,No,3.57,No,0.572,0.594,0.732,0.22,No,No,No,No,No,No,No,Synthetic demonstration only - not real student data,0,0,0,0,0,ai_detection_tool,AI detection fairness stress test
STUD01208,Male,Health,Medium,Medium,No,3.4,Yes,0.386,0.424,0.481,0.672,Yes,Yes,Yes,No,No,No,No,Synthetic demonstration only - not real student data,1,1,0,0,0,ai_detection_tool,AI detection fairness stress test
STUD01209,Female,Health,Low,Medium,No,2.94,No,0.429,0.329,0.793,0.374,No,No,No,No,No,No,No,Synthetic demonstration only - not real student data,0,0,0,0,0,ai_detection_tool,AI detection fairness stress test
STUD01210,Female,Arts & Humanities,Medium,Low,Yes,2.67,No,0.644,0.468,0.527,0.492,No,No,No,No,No,No,No,Synthetic demonstration only - not real student data,0,0,0,0,0,ai_detection_tool,AI detection fairness stress test
STUD01211,Male,Business,Medium,Medium,Yes,3.85,Yes,0.662,0.564,0.938,0.554,Yes,Yes,Yes,Yes,No,No,No,Synthetic demonstration only - not real student data,1,1,0,0,0,ai_detection_tool,AI detection fairness stress test
STUD01212,Male,STEM,Medium,Low,No,3.9,No,0.313,0.152,0.8,0.262,No,No,No,No,No,No,No,Synthetic demonstration only - not real student data,0,0,0,0,0,ai_detection_tool,AI detection fairness stress test
STUD01213,Male,Social Sciences,Low,High,Yes,3.93,Yes,0.689,0.489,0.915,0.785,Yes,Yes,Yes,No,No,No,No,Synthetic demonstration only - not real student data,1,1,0,0,0,ai_detection_tool,AI detection fairness stress test
STUD01214,Female,Education,High,Low,No,3.23,No,0.365,0.316,0.569,0.174,No,No,No,No,No,No,No,Synthetic demonstration only - not real student data,0,0,0,0,0,ai_detection_tool,AI detection fairness stress test
STUD01215,Female,Business,Low,Low,No,1.95,Yes,0.429,0.409,0.514,0.714,Yes,Yes,Yes,No,No,No,No,Synthetic demonstration only - not real student data,1,1,0,0,0,ai_detection_tool,AI detection fairness stress test
STUD01216,Male,STEM,Medium,High,Yes,3.44,Yes,0.572,0.649,0.934,0.522,No,No,No,No,No,No,Yes,Synthetic demonstration only - not real student data,1,0,0,1,0,ai_detection_tool,AI detection fairness stress test
STUD01217,Female,Social Sciences,Medium,Medium,No,3.11,Yes,0.279,0.571,0.704,0.646,Yes,Yes,Yes,No,No,No,No,Synthetic demonstration only - not real student data,1,1,0,0,0,ai_detection_tool,AI detection fairness stress test
STUD01218,Male,STEM,Medium,Low,Yes,2.47,Yes,0.507,0.8,0.784,0.643,Yes,No,Yes,No,No,No,No,Synthetic demonstration only - not real student data,1,1,0,0,0,ai_detection_tool,AI detection fairness stress test
STUD01219,Female,Arts & Humanities,Low,Medium,No,2.05,No,0.974,0.406,0.494,0.351,No,No,No,No,No,No,No,Synthetic demonstration only - not real student data,0,0,0,0,0,ai_detection_tool,AI detection fairness stress test
STUD01220,Male,STEM,Low,High,No,3.78,Yes,0.534,0.57,0.696,0.594,Yes,Yes,No,No,No,No,No,Synthetic demonstration only - not real student data,1,1,0,0,0,ai_detection_tool,AI detection fairness stress test
STUD01221,Female,Business,Low,Low,Yes,1.71,No,0.445,0.374,0.4,0.288,No,No,No,No,No,No,No,Synthetic demonstration only - not real student data,0,0,0,0,0,ai_detection_tool,AI detection fairness stress test
STUD01222,Male,Arts & Humanities,Low,Low,Yes,2.58,No,0.69,0.637,0.797,0.241,No,No,No,No,No,No,No,Synthetic demonstration only - not real student data,0,0,0,0,0,ai_detection_tool,AI detection fairness stress test
STUD01223,Male,Social Sciences,Medium,Medium,No,3.25,No,0.74,0.227,0.549,0.075,No,No,No,No,No,No,No,Synthetic demonstration only - not real student data,0,0,0,0,0,ai_detection_tool,AI detection fairness stress test
STUD01224,Male,STEM,High,Low,No,2.73,Yes,0.738,0.772,0.702,0.837,Yes,Yes,No,No,No,No,No,Synthetic demonstration only - not real student data,1,1,0,0,0,ai_detection_tool,AI detection fairness stress test
STUD01225,Female,Business,Medium,Medium,Yes,2.67,Yes,0.995,0.635,0.516,0.943,Yes,Yes,Yes,No,No,No,No,Synthetic demonstration only - not real student data,1,1,0,0,0,ai_detection_tool,AI detection fairness stress test
STUD01226,Female,STEM,Low,Low,Yes,2.37,No,0.578,0.208,0.495,0.304,No,No,No,No,No,No,No,Synthetic demonstration only - not real student data,0,0,0,0,0,ai_detection_tool,AI detection fairness stress test
STUD01227,Female,Arts & Humanities,Medium,High,No,3.27,No,0.654,0.621,0.462,0.3,No,No,No,No,No,No,No,Synthetic demonstration only - not real student data,0,0,0,0,0,ai_detection_tool,AI detection fairness stress test
STUD01228,Female,Business,Low,Medium,No,2.89,No,0.603,0.282,0.367,0.28,No,No,No,No,No,No,No,Synthetic demonstration only - not real student data,0,0,0,0,0,ai_detection_tool,AI detection fairness stress test
STUD01229,Male,Education,High,Medium,Yes,3.05,Yes,0.568,0.672,0.646,0.712,Yes,Yes,No,No,No,No,No,Synthetic demonstration only - not real student data,1,1,0,0,0,ai_detection_tool,AI detection fairness stress test
STUD01230,Female,STEM,High,Low,No,2.35,Yes,0.263,0.808,0.94,0.895,Yes,Yes,Yes,No,No,No,No,Synthetic demonstration only - not real student data,1,1,0,0,0,ai_detection_tool,AI detection fairness stress test
STUD01231,Female,Health,Low,Low,Yes,2.84,No,0.47,0.235,0.613,0.188,No,No,No,No,No,No,No,Synthetic demonstration only - not real student data,0,0,0,0,0,ai_detection_tool,AI detection fairness stress test
STUD01232,Male,Business,High,Medium,No,3.37,No,0.585,0.272,0.637,0.261,No,No,No,No,No,No,No,Synthetic demonstration only - not real student data,0,0,0,0,0,ai_detection_tool,AI detection fairness stress test
STUD01233,Female,Arts & Humanities,High,High,No,3.49,No,0.698,0.639,0.397,0.238,No,No,No,No,No,No,No,Synthetic demonstration only - not real student data,0,0,0,0,0,ai_detection_tool,AI detection fairness stress test
STUD01234,Female,Health,Low,Medium,Yes,2.78,Yes,0.549,0.633,0.794,0.586,Yes,No,Yes,Yes,No,No,No,Synthetic demonstration only - not real student data,1,1,0,0,0,ai_detection_tool,AI detection fairness stress test
STUD01235,Male,Social Sciences,Medium,High,Yes,4.33,Yes,0.488,0.388,0.51,0.513,No,No,No,No,No,No,Yes,Synthetic demonstration only - not real student data,1,0,0,1,0,ai_detection_tool,AI detection fairness stress test
STUD01236,Male,Education,High,High,No,4.68,No,0.514,0.205,0.575,0,No,No,No,No,No,No,No,Synthetic demonstration only - not real student data,0,0,0,0,0,ai_detection_tool,AI detection fairness stress test
STUD01237,Female,Arts & Humanities,Medium,Low,No,1.95,Yes,0.443,0.495,0.57,0.794,Yes,Yes,No,No,No,No,No,Synthetic demonstration only - not real student data,1,1,0,0,0,ai_detection_tool,AI detection fairness stress test
STUD01238,Male,Social Sciences,Low,High,No,2.61,No,0.647,0.687,0.581,0.227,No,No,No,No,No,No,No,Synthetic demonstration only - not real student data,0,0,0,0,0,ai_detection_tool,AI detection fairness stress test
STUD01239,Male,Social Sciences,Medium,Low,Yes,2.65,No,0.607,0.18,0.67,0.435,No,No,No,No,No,No,No,Synthetic demonstration only - not real student data,0,0,0,0,0,ai_detection_tool,AI detection fairness stress test
STUD01240,Female,Business,High,Medium,Yes,2.61,No,0.452,0.577,0.838,0.215,No,No,No,No,No,No,No,Synthetic demonstration only - not real student data,0,0,0,0,0,ai_detection_tool,AI detection fairness stress test
STUD01241,Male,Business,Medium,High,Yes,4.32,Yes,0.441,0.624,0.853,0.492,No,No,No,No,No,No,Yes,Synthetic demonstration only - not real student data,1,0,0,1,0,ai_detection_tool,AI detection fairness stress test
STUD01242,Male,Business,Low,Medium,No,1.83,No,0.294,0.521,0.453,0.288,No,No,No,No,No,No,No,Synthetic demonstration only - not real student data,0,0,0,0,0,ai_detection_tool,AI detection fairness stress test
STUD01243,Male,STEM,Medium,Medium,Yes,2.54,Yes,0.295,0.407,0.576,0.841,Yes,No,Yes,No,No,No,No,Synthetic demonstration only - not real student data,1,1,0,0,0,ai_detection_tool,AI detection fairness stress test
STUD01244,Female,Business,Low,High,No,4.16,No,0.447,0.481,0.286,0.186,No,No,No,No,No,No,No,Synthetic demonstration only - not real student data,0,0,0,0,0,ai_detection_tool,AI detection fairness stress test
STUD01245,Male,STEM,High,High,No,4.81,Yes,0.749,0.621,0.442,0.511,No,No,No,No,No,No,Yes,Synthetic demonstration only - not real student data,1,0,0,1,0,ai_detection_tool,AI detection fairness stress test
STUD01246,Female,Social Sciences,High,Low,Yes,1.81,Yes,0.732,0.658,0.444,0.684,Yes,No,Yes,No,No,No,No,Synthetic demonstration only - not real student data,1,1,0,0,0,ai_detection_tool,AI detection fairness stress test
STUD01247,Female,STEM,Low,Medium,No,3.85,Yes,0.636,0.582,0.692,0.664,Yes,Yes,Yes,No,No,No,No,Synthetic demonstration only - not real student data,1,1,0,0,0,ai_detection_tool,AI detection fairness stress test
STUD01248,Female,Health,Low,Low,Yes,2.04,No,0.438,0.373,0.769,0.489,No,No,No,No,No,No,No,Synthetic demonstration only - not real student data,0,0,0,0,0,ai_detection_tool,AI detection fairness stress test
STUD01249,Female,STEM,High,Medium,No,2.71,No,0.436,0.635,0.75,0.291,No,No,No,No,No,No,No,Synthetic demonstration only - not real student data,0,0,0,0,0,ai_detection_tool,AI detection fairness stress test
STUD01250,Male,Social Sciences,Medium,High,No,2.9,Yes,0.606,0.678,0.879,0.639,Yes,Yes,No,No,No,No,No,Synthetic demonstration only - not real student data,1,1,0,0,0,ai_detection_tool,AI detection fairness stress test
STUD01251,Female,Arts & Humanities,Low,Low,No,1.41,No,0.888,0.461,0.458,0.155,No,No,No,No,No,No,No,Synthetic demonstration only - not real student data,0,0,0,0,0,ai_detection_tool,AI detection fairness stress test
STUD01252,Female,Business,High,High,No,4.05,Yes,0.601,0.835,0.667,0.86,Yes,No,No,No,No,No,No,Synthetic demonstration only - not real student data,1,1,0,0,0,ai_detection_tool,AI detection fairness stress test
STUD01253,Female,Arts & Humanities,High,Medium,Yes,3.46,No,0.802,0.257,0.577,0.151,No,No,No,No,No,No,No,Synthetic demonstration only - not real student data,0,0,0,0,0,ai_detection_tool,AI detection fairness stress test
STUD01254,Female,Arts & Humanities,High,Low,Yes,2.08,Yes,0.71,0.465,0.687,0.811,Yes,Yes,No,No,No,No,No,Synthetic demonstration only - not real student data,1,1,0,0,0,ai_detection_tool,AI detection fairness stress test
STUD01255,Male,Business,High,Medium,No,3.66,No,0.332,0.431,0.514,0.375,No,No,No,No,No,No,No,Synthetic demonstration only - not real student data,0,0,0,0,0,ai_detection_tool,AI detection fairness stress test
STUD01256,Male,Social Sciences,High,Medium,Yes,2.9,Yes,0.212,0.611,0.807,0.823,Yes,Yes,Yes,No,No,No,No,Synthetic demonstration only - not real student data,1,1,0,0,0,ai_detection_tool,AI detection fairness stress test
STUD01257,Male,STEM,High,Medium,No,2.41,No,0.44,0.48,0.794,0.28,No,No,No,No,No,No,No,Synthetic demonstration only - not real student data,0,0,0,0,0,ai_detection_tool,AI detection fairness stress test
STUD01258,Female,Health,Low,High,No,3.59,No,0.487,0.274,0.305,0,No,No,No,No,No,No,No,Synthetic demonstration only - not real student data,0,0,0,0,0,ai_detection_tool,AI detection fairness stress test
STUD01259,Female,Health,High,Medium,Yes,2.26,Yes,0.716,0.698,0.534,0.909,Yes,Yes,No,No,No,No,No,Synthetic demonstration only - not real student data,1,1,0,0,0,ai_detection_tool,AI detection fairness stress test
STUD01260,Female,Health,Low,Low,No,2.36,No,0.505,0.308,0.275,0.66,Yes,No,Yes,Yes,Yes,Yes,No,Synthetic demonstration only - not real student data,0,1,1,0,1,ai_detection_tool,AI detection fairness stress test
STUD01261,Female,Health,Low,High,No,3.14,Yes,0.662,0.675,0.602,0.541,No,No,No,No,No,No,Yes,Synthetic demonstration only - not real student data,1,0,0,1,0,ai_detection_tool,AI detection fairness stress test
STUD01262,Female,Arts & Humanities,Low,Medium,No,2.3,Yes,0.784,0.926,0.787,0.837,Yes,Yes,Yes,No,No,No,No,Synthetic demonstration only - not real student data,1,1,0,0,0,ai_detection_tool,AI detection fairness stress test
STUD01263,Male,Business,Medium,High,No,3.56,Yes,0.514,0.811,0.52,0.719,Yes,Yes,No,No,No,No,No,Synthetic demonstration only - not real student data,1,1,0,0,0,ai_detection_tool,AI detection fairness stress test
STUD01264,Female,Arts & Humanities,Medium,Medium,No,2.27,No,0.542,0.228,0.48,0.345,No,No,No,No,No,No,No,Synthetic demonstration only - not real student data,0,0,0,0,0,ai_detection_tool,AI detection fairness stress test
STUD01265,Male,Business,Low,Medium,No,3.32,No,0.489,0.339,0.86,0.308,No,No,No,No,No,No,No,Synthetic demonstration only - not real student data,0,0,0,0,0,ai_detection_tool,AI detection fairness stress test
STUD01266,Male,Social Sciences,Medium,Medium,Yes,3.5,Yes,0.386,0.426,0.414,0.687,Yes,Yes,No,No,No,No,No,Synthetic demonstration only - not real student data,1,1,0,0,0,ai_detection_tool,AI detection fairness stress test
STUD01267,Female,Arts & Humanities,Medium,Medium,No,2.09,Yes,0.551,0.519,0.416,0.759,Yes,Yes,No,No,No,No,No,Synthetic demonstration only - not real student data,1,1,0,0,0,ai_detection_tool,AI detection fairness stress test
STUD01268,Male,Education,Medium,High,No,3.5,Yes,0.477,0.721,0.579,0.643,Yes,No,Yes,No,No,No,No,Synthetic demonstration only - not real student data,1,1,0,0,0,ai_detection_tool,AI detection fairness stress test
STUD01269,Male,STEM,Medium,Low,No,2.72,No,0.574,0.256,0.476,0.316,No,No,No,No,No,No,No,Synthetic demonstration only - not real student data,0,0,0,0,0,ai_detection_tool,AI detection fairness stress test
STUD01270,Male,Health,High,High,No,5,Yes,0.707,0.641,0.821,0.609,Yes,Yes,Yes,No,No,No,No,Synthetic demonstration only - not real student data,1,1,0,0,0,ai_detection_tool,AI detection fairness stress test
STUD01271,Male,Social Sciences,High,Low,No,3.52,No,0.559,0.027,0.854,0.392,No,No,No,No,No,No,No,Synthetic demonstration only - not real student data,0,0,0,0,0,ai_detection_tool,AI detection fairness stress test
STUD01272,Female,Health,Medium,Medium,No,4.44,Yes,0.762,0.387,0.853,0.799,Yes,Yes,Yes,No,No,No,No,Synthetic demonstration only - not real student data,1,1,0,0,0,ai_detection_tool,AI detection fairness stress test
STUD01273,Male,Social Sciences,Medium,High,Yes,3.78,No,0.807,0.478,0.506,0.389,No,No,No,No,No,No,No,Synthetic demonstration only - not real student data,0,0,0,0,0,ai_detection_tool,AI detection fairness stress test
STUD01274,Female,Health,Medium,Medium,No,3.91,Yes,0.337,0.68,0.839,0.742,Yes,Yes,Yes,No,No,No,No,Synthetic demonstration only - not real student data,1,1,0,0,0,ai_detection_tool,AI detection fairness stress test
STUD01275,Female,Education,Low,Low,Yes,1.8,No,0.601,0.519,0.801,0.204,No,No,No,No,No,No,No,Synthetic demonstration only - not real student data,0,0,0,0,0,ai_detection_tool,AI detection fairness stress test
STUD01276,Male,Business,Medium,High,Yes,5,Yes,0.589,0.673,0.837,0.67,Yes,No,Yes,No,No,No,No,Synthetic demonstration only - not real student data,1,1,0,0,0,ai_detection_tool,AI detection fairness stress test
STUD01277,Female,Social Sciences,Low,High,Yes,2.58,No,0.7,0.575,0.787,0.281,No,No,No,No,No,No,No,Synthetic demonstration only - not real student data,0,0,0,0,0,ai_detection_tool,AI detection fairness stress test
STUD01278,Male,STEM,Medium,Medium,Yes,3.59,No,0.249,0.33,0.558,0.316,No,No,No,No,No,No,No,Synthetic demonstration only - not real student data,0,0,0,0,0,ai_detection_tool,AI detection fairness stress test
STUD01279,Female,Business,High,High,Yes,4.29,No,0.611,0.164,0.607,0.104,No,No,No,No,No,No,No,Synthetic demonstration only - not real student data,0,0,0,0,0,ai_detection_tool,AI detection fairness stress test
STUD01280,Female,STEM,Low,Medium,Yes,3.12,No,0.463,0.216,0.492,0.395,No,No,No,No,No,No,No,Synthetic demonstration only - not real student data,0,0,0,0,0,ai_detection_tool,AI detection fairness stress test
STUD01281,Male,Health,Medium,Medium,No,3.7,No,0.596,0.712,0.299,0.433,No,No,No,No,No,No,No,Synthetic demonstration only - not real student data,0,0,0,0,0,ai_detection_tool,AI detection fairness stress test
STUD01282,Female,STEM,High,High,Yes,3.12,No,0.48,0.508,0.541,0.217,No,No,No,No,No,No,No,Synthetic demonstration only - not real student data,0,0,0,0,0,ai_detection_tool,AI detection fairness stress test
STUD01283,Male,STEM,High,High,No,4.65,Yes,0.213,0.847,0.636,0.782,Yes,Yes,Yes,No,No,No,No,Synthetic demonstration only - not real student data,1,1,0,0,0,ai_detection_tool,AI detection fairness stress test
STUD01284,Female,Business,Medium,High,Yes,3.69,Yes,0.746,0.705,0.349,0.745,Yes,No,Yes,No,No,No,No,Synthetic demonstration only - not real student data,1,1,0,0,0,ai_detection_tool,AI detection fairness stress test
STUD01285,Male,Business,Medium,High,Yes,4.72,Yes,0.566,0.704,0.591,0.656,Yes,No,Yes,No,No,No,No,Synthetic demonstration only - not real student data,1,1,0,0,0,ai_detection_tool,AI detection fairness stress test
STUD01286,Female,Arts & Humanities,Medium,High,Yes,3.93,Yes,0.667,0.789,0.712,0.735,Yes,Yes,Yes,No,No,No,No,Synthetic demonstration only - not real student data,1,1,0,0,0,ai_detection_tool,AI detection fairness stress test
STUD01287,Female,STEM,Low,Low,Yes,2.2,Yes,0.385,0.696,0.875,0.709,Yes,Yes,No,No,No,No,No,Synthetic demonstration only - not real student data,1,1,0,0,0,ai_detection_tool,AI detection fairness stress test
STUD01288,Male,Business,High,Medium,Yes,3.67,No,0.405,0.395,0.9,0.048,No,No,No,No,No,No,No,Synthetic demonstration only - not real student data,0,0,0,0,0,ai_detection_tool,AI detection fairness stress test
STUD01289,Female,Health,Medium,Medium,No,1.72,No,0.619,0.361,0.372,0.239,No,No,No,No,No,No,No,Synthetic demonstration only - not real student data,0,0,0,0,0,ai_detection_tool,AI detection fairness stress test
STUD01290,Female,STEM,Low,Medium,No,2.77,Yes,0.58,0.424,0.865,0.592,Yes,No,No,No,No,No,No,Synthetic demonstration only - not real student data,1,1,0,0,0,ai_detection_tool,AI detection fairness stress test
STUD01291,Male,STEM,Medium,Low,No,2.2,No,0.346,0.564,0.469,0.403,No,No,No,No,No,No,No,Synthetic demonstration only - not real student data,0,0,0,0,0,ai_detection_tool,AI detection fairness stress test
STUD01292,Male,Arts & Humanities,Medium,Medium,Yes,2.64,Yes,0.498,0.468,0.708,0.853,Yes,No,Yes,No,No,No,No,Synthetic demonstration only - not real student data,1,1,0,0,0,ai_detection_tool,AI detection fairness stress test
STUD01293,Female,Arts & Humanities,Medium,Medium,No,3.39,No,0.524,0.291,0.966,0.184,No,No,No,No,No,No,No,Synthetic demonstration only - not real student data,0,0,0,0,0,ai_detection_tool,AI detection fairness stress test
STUD01294,Female,Education,Medium,Medium,No,2.83,Yes,0.238,0.752,0.754,0.61,Yes,Yes,Yes,Yes,Yes,No,No,Synthetic demonstration only - not real student data,1,1,0,0,1,ai_detection_tool,AI detection fairness stress test
STUD01295,Female,Social Sciences,Medium,Medium,No,3.62,No,0.721,0.288,0.76,0.05,No,No,No,No,No,No,No,Synthetic demonstration only - not real student data,0,0,0,0,0,ai_detection_tool,AI detection fairness stress test
STUD01296,Female,STEM,Medium,High,Yes,3.08,No,0.334,0.59,0.768,0.161,No,No,No,No,No,No,No,Synthetic demonstration only - not real student data,0,0,0,0,0,ai_detection_tool,AI detection fairness stress test
STUD01297,Female,Education,Medium,Low,No,3.76,No,0.397,0.136,0.541,0.241,No,No,No,No,No,No,No,Synthetic demonstration only - not real student data,0,0,0,0,0,ai_detection_tool,AI detection fairness stress test
STUD01298,Male,Arts & Humanities,Medium,Medium,Yes,3.91,No,0.595,0.413,0.777,0.14,No,No,No,No,No,No,No,Synthetic demonstration only - not real student data,0,0,0,0,0,ai_detection_tool,AI detection fairness stress test
STUD01299,Non-disclosed,Health,Low,Low,Yes,3.23,No,0.452,0.45,0.434,0.374,No,No,No,No,No,No,No,Synthetic demonstration only - not real student data,0,0,0,0,0,ai_detection_tool,AI detection fairness stress test
STUD01300,Male,STEM,Medium,Medium,No,3.7,No,0.61,0.392,0.273,0.226,No,No,No,No,No,No,No,Synthetic demonstration only - not real student data,0,0,0,0,0,ai_detection_tool,AI detection fairness stress test
STUD01301,Male,Business,Low,Medium,Yes,2.46,No,0.592,0.453,0.852,0.303,No,No,No,No,No,No,No,Synthetic demonstration only - not real student data,0,0,0,0,0,ai_detection_tool,AI detection fairness stress test
STUD01302,Female,Arts & Humanities,Medium,Low,Yes,2.56,No,0.671,0.367,0.68,0.426,No,No,No,No,No,No,No,Synthetic demonstration only - not real student data,0,0,0,0,0,ai_detection_tool,AI detection fairness stress test
STUD01303,Female,STEM,Medium,Medium,No,2.12,Yes,0.569,0.465,0.446,0.753,Yes,Yes,Yes,No,No,No,No,Synthetic demonstration only - not real student data,1,1,0,0,0,ai_detection_tool,AI detection fairness stress test
STUD01304,Female,Health,Medium,Medium,No,3.22,No,0.543,0.032,0.631,0.382,No,No,No,No,No,No,No,Synthetic demonstration only - not real student data,0,0,0,0,0,ai_detection_tool,AI detection fairness stress test
STUD01305,Male,STEM,Medium,Medium,Yes,2.62,Yes,0.507,0.856,0.47,0.783,Yes,Yes,Yes,Yes,No,No,No,Synthetic demonstration only - not real student data,1,1,0,0,0,ai_detection_tool,AI detection fairness stress test
STUD01306,Male,Arts & Humanities,Low,Medium,Yes,3.1,Yes,0.409,0.294,0.787,0.727,Yes,Yes,No,No,No,No,No,Synthetic demonstration only - not real student data,1,1,0,0,0,ai_detection_tool,AI detection fairness stress test
STUD01307,Male,Arts & Humanities,High,Medium,No,3.83,No,0.55,0.228,0.28,0.338,No,No,No,No,No,No,No,Synthetic demonstration only - not real student data,0,0,0,0,0,ai_detection_tool,AI detection fairness stress test
STUD01308,Male,STEM,Medium,High,Yes,5,Yes,0.639,0.695,0.67,0.837,Yes,Yes,Yes,No,No,No,No,Synthetic demonstration only - not real student data,1,1,0,0,0,ai_detection_tool,AI detection fairness stress test
STUD01309,Female,Social Sciences,Low,Low,No,3.21,Yes,0.42,0.955,0.604,0.746,Yes,Yes,Yes,No,No,No,No,Synthetic demonstration only - not real student data,1,1,0,0,0,ai_detection_tool,AI detection fairness stress test
STUD01310,Female,Arts & Humanities,Medium,Low,No,2.79,No,0.622,0.306,0.563,0.421,No,No,No,No,No,No,No,Synthetic demonstration only - not real student data,0,0,0,0,0,ai_detection_tool,AI detection fairness stress test
STUD01311,Female,Health,Medium,High,Yes,4.4,No,0.334,0.363,0.521,0.221,No,No,No,No,No,No,No,Synthetic demonstration only - not real student data,0,0,0,0,0,ai_detection_tool,AI detection fairness stress test
STUD01312,Female,STEM,High,Medium,Yes,2.68,Yes,0.756,0.55,0.442,0.926,Yes,Yes,Yes,No,No,No,No,Synthetic demonstration only - not real student data,1,1,0,0,0,ai_detection_tool,AI detection fairness stress test
STUD01313,Male,Social Sciences,Medium,Medium,Yes,3.57,Yes,0.823,0.719,0.583,0.733,Yes,Yes,No,No,No,No,No,Synthetic demonstration only - not real student data,1,1,0,0,0,ai_detection_tool,AI detection fairness stress test
STUD01314,Male,Business,Low,Low,No,2.98,No,0.451,0.307,0.304,0.439,No,No,No,No,No,No,No,Synthetic demonstration only - not real student data,0,0,0,0,0,ai_detection_tool,AI detection fairness stress test
STUD01315,Female,STEM,Medium,Medium,No,3.42,No,0.3,0.402,0.586,0.214,No,No,No,No,No,No,No,Synthetic demonstration only - not real student data,0,0,0,0,0,ai_detection_tool,AI detection fairness stress test
STUD01316,Male,Business,Low,Low,No,1.12,No,0.408,0.356,0.599,0.324,No,No,No,No,No,No,No,Synthetic demonstration only - not real student data,0,0,0,0,0,ai_detection_tool,AI detection fairness stress test
STUD01317,Male,STEM,Medium,Medium,Yes,3.68,No,0.466,0.571,0.656,0.383,No,No,No,No,No,No,No,Synthetic demonstration only - not real student data,0,0,0,0,0,ai_detection_tool,AI detection fairness stress test
STUD01318,Male,STEM,Medium,Medium,Yes,4.28,Yes,0.572,0.671,0.785,0.894,Yes,No,Yes,No,No,No,No,Synthetic demonstration only - not real student data,1,1,0,0,0,ai_detection_tool,AI detection fairness stress test
STUD01319,Male,Social Sciences,Low,Medium,No,2.45,Yes,0.785,0.503,0.518,0.833,Yes,Yes,Yes,No,No,No,No,Synthetic demonstration only - not real student data,1,1,0,0,0,ai_detection_tool,AI detection fairness stress test
STUD01320,Female,Arts & Humanities,Low,Low,No,1.47,No,0.614,0.284,0.323,0.275,No,No,No,No,No,No,No,Synthetic demonstration only - not real student data,0,0,0,0,0,ai_detection_tool,AI detection fairness stress test
STUD01321,Female,Business,Medium,Low,No,1.01,Yes,0.416,0.555,0.334,0.874,Yes,Yes,Yes,No,No,No,No,Synthetic demonstration only - not real student data,1,1,0,0,0,ai_detection_tool,AI detection fairness stress test
STUD01322,Non-disclosed,STEM,Low,High,No,2.79,Yes,0.568,0.592,0.791,0.483,No,No,No,No,No,No,Yes,Synthetic demonstration only - not real student data,1,0,0,1,0,ai_detection_tool,AI detection fairness stress test
STUD01323,Male,Business,High,Medium,No,3.44,No,0.435,0.271,0.247,0.17,No,No,No,No,No,No,No,Synthetic demonstration only - not real student data,0,0,0,0,0,ai_detection_tool,AI detection fairness stress test
STUD01324,Female,Arts & Humanities,Low,Medium,Yes,3.46,Yes,0.814,0.712,0.687,0.865,Yes,Yes,Yes,No,No,No,No,Synthetic demonstration only - not real student data,1,1,0,0,0,ai_detection_tool,AI detection fairness stress test
STUD01325,Male,Social Sciences,Medium,High,No,5,Yes,0.323,0.946,0.656,0.808,Yes,Yes,No,No,No,No,No,Synthetic demonstration only - not real student data,1,1,0,0,0,ai_detection_tool,AI detection fairness stress test
STUD01326,Male,STEM,Medium,Medium,No,3.34,No,0.553,0.437,0.649,0.328,No,No,No,No,No,No,No,Synthetic demonstration only - not real student data,0,0,0,0,0,ai_detection_tool,AI detection fairness stress test
STUD01327,Male,STEM,Medium,High,Yes,5,No,0.402,0.463,0.494,0.193,No,No,No,No,No,No,No,Synthetic demonstration only - not real student data,0,0,0,0,0,ai_detection_tool,AI detection fairness stress test
STUD01328,Male,Business,High,High,Yes,3.26,Yes,0.893,0.975,0.984,0.73,Yes,Yes,No,No,No,No,No,Synthetic demonstration only - not real student data,1,1,0,0,0,ai_detection_tool,AI detection fairness stress test
STUD01329,Male,Social Sciences,High,Medium,No,5,No,0.532,0.353,0.643,0.307,No,No,No,No,No,No,No,Synthetic demonstration only - not real student data,0,0,0,0,0,ai_detection_tool,AI detection fairness stress test
STUD01330,Male,STEM,High,Medium,No,2.99,Yes,0.348,0.653,0.741,0.706,Yes,Yes,Yes,Yes,No,No,No,Synthetic demonstration only - not real student data,1,1,0,0,0,ai_detection_tool,AI detection fairness stress test
STUD01331,Female,STEM,High,High,Yes,4.5,Yes,0.67,0.672,0.64,0.851,Yes,Yes,Yes,No,No,No,No,Synthetic demonstration only - not real student data,1,1,0,0,0,ai_detection_tool,AI detection fairness stress test
STUD01332,Male,Business,Low,High,No,5,Yes,0.743,0.632,0.784,0.559,Yes,Yes,Yes,No,No,No,No,Synthetic demonstration only - not real student data,1,1,0,0,0,ai_detection_tool,AI detection fairness stress test
STUD01333,Male,STEM,High,High,Yes,4.13,No,0.598,0.371,0.532,0.218,No,No,No,No,No,No,No,Synthetic demonstration only - not real student data,0,0,0,0,0,ai_detection_tool,AI detection fairness stress test
STUD01334,Male,Business,Medium,Medium,Yes,4.89,No,0.283,0.235,0.48,0.102,No,No,No,No,No,No,No,Synthetic demonstration only - not real student data,0,0,0,0,0,ai_detection_tool,AI detection fairness stress test
STUD01335,Female,Health,High,High,No,3.57,Yes,0.735,0.711,0.771,0.699,Yes,Yes,Yes,Yes,Yes,No,No,Synthetic demonstration only - not real student data,1,1,0,0,1,ai_detection_tool,AI detection fairness stress test
STUD01336,Male,STEM,High,Low,Yes,3.05,No,0.635,0.194,0.53,0.284,No,No,No,No,No,No,No,Synthetic demonstration only - not real student data,0,0,0,0,0,ai_detection_tool,AI detection fairness stress test
STUD01337,Male,Business,Low,High,Yes,3.2,No,0.521,0.49,0.553,0.28,No,No,No,No,No,No,No,Synthetic demonstration only - not real student data,0,0,0,0,0,ai_detection_tool,AI detection fairness stress test
STUD01338,Non-disclosed,Health,Medium,Medium,No,3.84,No,0.645,0.429,0.625,0.533,No,No,No,No,No,No,No,Synthetic demonstration only - not real student data,0,0,0,0,0,ai_detection_tool,AI detection fairness stress test
STUD01339,Male,Health,Medium,High,No,3.13,No,0.348,0.596,0.346,0.368,No,No,No,No,No,No,No,Synthetic demonstration only - not real student data,0,0,0,0,0,ai_detection_tool,AI detection fairness stress test
STUD01340,Male,Social Sciences,High,Medium,Yes,3.98,Yes,0.573,0.637,0.532,0.944,Yes,Yes,Yes,No,No,No,No,Synthetic demonstration only - not real student data,1,1,0,0,0,ai_detection_tool,AI detection fairness stress test
STUD01341,Female,Business,Low,Low,Yes,2.28,Yes,0.597,0.601,0.742,0.659,Yes,Yes,No,No,No,No,No,Synthetic demonstration only - not real student data,1,1,0,0,0,ai_detection_tool,AI detection fairness stress test
STUD01342,Female,Social Sciences,Medium,Medium,Yes,2.78,Yes,0.38,0.6,0.546,0.61,Yes,No,Yes,No,No,No,No,Synthetic demonstration only - not real student data,1,1,0,0,0,ai_detection_tool,AI detection fairness stress test
STUD01343,Female,Arts & Humanities,Low,Low,Yes,1,No,0.584,0.442,0.408,0.539,No,No,No,No,No,No,No,Synthetic demonstration only - not real student data,0,0,0,0,0,ai_detection_tool,AI detection fairness stress test
STUD01344,Male,Business,Medium,Medium,No,3.11,Yes,0.679,0.637,0.487,0.658,Yes,No,Yes,No,No,No,No,Synthetic demonstration only - not real student data,1,1,0,0,0,ai_detection_tool,AI detection fairness stress test
STUD01345,Male,STEM,Low,Medium,Yes,3.23,No,0.495,0.341,0.353,0.467,No,No,No,No,No,No,No,Synthetic demonstration only - not real student data,0,0,0,0,0,ai_detection_tool,AI detection fairness stress test
STUD01346,Female,Business,Medium,Medium,No,3.41,Yes,0.579,0.686,0.604,0.7,Yes,No,Yes,No,No,No,No,Synthetic demonstration only - not real student data,1,1,0,0,0,ai_detection_tool,AI detection fairness stress test
STUD01347,Male,STEM,Medium,Medium,No,4.1,Yes,0.657,0.625,0.674,0.692,Yes,Yes,No,No,No,No,No,Synthetic demonstration only - not real student data,1,1,0,0,0,ai_detection_tool,AI detection fairness stress test
STUD01348,Female,STEM,Medium,Medium,Yes,3.07,Yes,0.449,0.762,0.909,0.565,Yes,Yes,Yes,No,No,No,No,Synthetic demonstration only - not real student data,1,1,0,0,0,ai_detection_tool,AI detection fairness stress test
STUD01349,Male,STEM,Low,High,Yes,4.09,Yes,0.426,0.544,0.928,0.51,No,No,No,No,No,No,Yes,Synthetic demonstration only - not real student data,1,0,0,1,0,ai_detection_tool,AI detection fairness stress test
STUD01350,Male,Health,Medium,Medium,Yes,4.71,No,0.573,0.346,0.862,0.448,No,No,No,No,No,No,No,Synthetic demonstration only - not real student data,0,0,0,0,0,ai_detection_tool,AI detection fairness stress test
STUD01351,Female,Health,Medium,High,No,3.87,No,0.673,0.572,0.61,0.232,No,No,No,No,No,No,No,Synthetic demonstration only - not real student data,0,0,0,0,0,ai_detection_tool,AI detection fairness stress test
STUD01352,Female,STEM,Medium,Medium,Yes,3.82,Yes,0.621,0.772,1,0.687,Yes,Yes,No,No,No,No,No,Synthetic demonstration only - not real student data,1,1,0,0,0,ai_detection_tool,AI detection fairness stress test
STUD01353,Male,Business,High,Medium,No,3.47,Yes,0.568,0.643,0.55,0.508,No,No,No,No,No,No,Yes,Synthetic demonstration only - not real student data,1,0,0,1,0,ai_detection_tool,AI detection fairness stress test
STUD01354,Male,Social Sciences,Medium,Medium,Yes,4.8,Yes,0.669,0.243,0.903,0.669,Yes,Yes,Yes,No,No,No,No,Synthetic demonstration only - not real student data,1,1,0,0,0,ai_detection_tool,AI detection fairness stress test
STUD01355,Non-disclosed,STEM,Low,High,No,4.16,No,0.458,0.699,0.578,0,No,No,No,No,No,No,No,Synthetic demonstration only - not real student data,0,0,0,0,0,ai_detection_tool,AI detection fairness stress test
STUD01356,Female,Business,High,Low,Yes,3.34,No,0.606,0.306,0.492,0.332,No,No,No,No,No,No,No,Synthetic demonstration only - not real student data,0,0,0,0,0,ai_detection_tool,AI detection fairness stress test
STUD01357,Male,Business,Medium,Medium,No,2.73,Yes,0.696,0.279,0.468,0.601,Yes,Yes,Yes,No,No,No,No,Synthetic demonstration only - not real student data,1,1,0,0,0,ai_detection_tool,AI detection fairness stress test
STUD01358,Female,Arts & Humanities,Medium,Medium,No,2.58,No,0.606,0.013,0.808,0.282,No,No,No,No,No,No,No,Synthetic demonstration only - not real student data,0,0,0,0,0,ai_detection_tool,AI detection fairness stress test
STUD01359,Female,Business,Medium,Medium,Yes,3.31,No,0.644,0.656,0.899,0.449,No,No,No,No,No,No,No,Synthetic demonstration only - not real student data,0,0,0,0,0,ai_detection_tool,AI detection fairness stress test
STUD01360,Female,Health,Medium,Medium,No,3.9,No,0.307,0.19,0.717,0.291,No,No,No,No,No,No,No,Synthetic demonstration only - not real student data,0,0,0,0,0,ai_detection_tool,AI detection fairness stress test
STUD01361,Male,Health,Medium,Medium,No,3.51,Yes,0.335,0.789,0.461,0.69,Yes,Yes,Yes,No,No,No,No,Synthetic demonstration only - not real student data,1,1,0,0,0,ai_detection_tool,AI detection fairness stress test
STUD01362,Male,STEM,Medium,High,Yes,4.37,Yes,0.698,0.745,0.669,0.705,Yes,Yes,No,No,No,No,No,Synthetic demonstration only - not real student data,1,1,0,0,0,ai_detection_tool,AI detection fairness stress test
STUD01363,Female,Health,Low,Medium,No,3.06,No,0.828,0.675,0.576,0.521,No,No,No,No,No,No,No,Synthetic demonstration only - not real student data,0,0,0,0,0,ai_detection_tool,AI detection fairness stress test
STUD01364,Male,Business,Medium,High,Yes,3.23,Yes,0.814,0.548,0.638,0.764,Yes,Yes,No,No,No,No,No,Synthetic demonstration only - not real student data,1,1,0,0,0,ai_detection_tool,AI detection fairness stress test
STUD01365,Male,STEM,High,Medium,Yes,3.1,Yes,0.527,0.576,0.624,0.668,Yes,Yes,No,No,No,No,No,Synthetic demonstration only - not real student data,1,1,0,0,0,ai_detection_tool,AI detection fairness stress test
STUD01366,Male,Health,Low,High,No,3.16,Yes,0.338,0.758,0.436,0.502,No,No,No,No,No,No,Yes,Synthetic demonstration only - not real student data,1,0,0,1,0,ai_detection_tool,AI detection fairness stress test
STUD01367,Male,Health,Medium,Medium,No,3.17,No,0.512,0.361,0.491,0.398,No,No,No,No,No,No,No,Synthetic demonstration only - not real student data,0,0,0,0,0,ai_detection_tool,AI detection fairness stress test
STUD01368,Male,STEM,Medium,Medium,No,3.53,Yes,0.489,0.689,0.876,0.817,Yes,Yes,No,No,No,No,No,Synthetic demonstration only - not real student data,1,1,0,0,0,ai_detection_tool,AI detection fairness stress test
STUD01369,Female,Business,High,Low,No,2.13,Yes,0.348,0.628,0.862,1,Yes,No,Yes,No,No,No,No,Synthetic demonstration only - not real student data,1,1,0,0,0,ai_detection_tool,AI detection fairness stress test
STUD01370,Female,Education,Medium,High,No,4.67,Yes,0.469,0.706,0.269,0.593,Yes,Yes,Yes,No,No,No,No,Synthetic demonstration only - not real student data,1,1,0,0,0,ai_detection_tool,AI detection fairness stress test
STUD01371,Female,Business,Low,High,No,2.93,Yes,0.632,0.861,0.515,0.633,Yes,Yes,No,No,No,No,No,Synthetic demonstration only - not real student data,1,1,0,0,0,ai_detection_tool,AI detection fairness stress test
STUD01372,Female,Business,Low,Low,Yes,1.64,No,0.598,0.211,0.734,0.269,No,No,No,No,No,No,No,Synthetic demonstration only - not real student data,0,0,0,0,0,ai_detection_tool,AI detection fairness stress test
STUD01373,Male,Social Sciences,Medium,High,Yes,3.9,Yes,0.637,0.49,0.843,0.782,Yes,Yes,Yes,No,No,No,No,Synthetic demonstration only - not real student data,1,1,0,0,0,ai_detection_tool,AI detection fairness stress test
STUD01374,Male,Education,Low,High,Yes,3.22,No,0.862,0.46,0.526,0.36,No,No,No,No,No,No,No,Synthetic demonstration only - not real student data,0,0,0,0,0,ai_detection_tool,AI detection fairness stress test
STUD01375,Female,Education,High,High,No,3.51,Yes,0.544,0.65,0.451,0.883,Yes,Yes,Yes,Yes,No,No,No,Synthetic demonstration only - not real student data,1,1,0,0,0,ai_detection_tool,AI detection fairness stress test
STUD01376,Male,STEM,Low,Low,No,2.68,No,0.541,0.451,0.63,0.196,No,No,No,No,No,No,No,Synthetic demonstration only - not real student data,0,0,0,0,0,ai_detection_tool,AI detection fairness stress test
STUD01377,Female,Health,Medium,High,No,2.82,Yes,0.557,0.747,0.329,0.598,Yes,Yes,Yes,No,No,No,No,Synthetic demonstration only - not real student data,1,1,0,0,0,ai_detection_tool,AI detection fairness stress test
STUD01378,Male,Arts & Humanities,Medium,Low,No,3.35,No,0.402,0.282,0.296,0.302,No,No,No,No,No,No,No,Synthetic demonstration only - not real student data,0,0,0,0,0,ai_detection_tool,AI detection fairness stress test
STUD01379,Female,Arts & Humanities,Medium,Medium,No,3.2,No,0.618,0.252,0.624,0.376,No,No,No,No,No,No,No,Synthetic demonstration only - not real student data,0,0,0,0,0,ai_detection_tool,AI detection fairness stress test
STUD01380,Male,STEM,Low,Medium,No,2.7,Yes,0.72,0.487,0.409,0.906,Yes,Yes,Yes,No,No,No,No,Synthetic demonstration only - not real student data,1,1,0,0,0,ai_detection_tool,AI detection fairness stress test
STUD01381,Female,STEM,Medium,High,Yes,4.9,Yes,0.442,0.747,0.754,0.593,Yes,Yes,No,No,No,No,No,Synthetic demonstration only - not real student data,1,1,0,0,0,ai_detection_tool,AI detection fairness stress test
STUD01382,Female,Arts & Humanities,Medium,Medium,Yes,3.19,Yes,0.416,0.503,0.921,0.784,Yes,No,Yes,No,No,No,No,Synthetic demonstration only - not real student data,1,1,0,0,0,ai_detection_tool,AI detection fairness stress test
STUD01383,Male,Business,Medium,High,Yes,5,Yes,0.857,0.57,0.597,0.807,Yes,No,Yes,No,No,No,No,Synthetic demonstration only - not real student data,1,1,0,0,0,ai_detection_tool,AI detection fairness stress test
STUD01384,Female,STEM,Medium,High,Yes,2.36,Yes,0.631,0.597,0.717,0.628,Yes,No,Yes,No,No,No,No,Synthetic demonstration only - not real student data,1,1,0,0,0,ai_detection_tool,AI detection fairness stress test
STUD01385,Female,Education,Low,Medium,No,3.5,No,0.583,0.504,0.44,0.459,No,No,No,No,No,No,No,Synthetic demonstration only - not real student data,0,0,0,0,0,ai_detection_tool,AI detection fairness stress test
STUD01386,Female,STEM,Medium,High,Yes,3.38,Yes,0.427,0.661,0.643,0.479,No,No,No,No,No,No,Yes,Synthetic demonstration only - not real student data,1,0,0,1,0,ai_detection_tool,AI detection fairness stress test
STUD01387,Female,STEM,High,Medium,No,3.61,No,0.743,0.385,0.647,0.208,No,No,No,No,No,No,No,Synthetic demonstration only - not real student data,0,0,0,0,0,ai_detection_tool,AI detection fairness stress test
STUD01388,Male,Social Sciences,Medium,High,Yes,4.41,Yes,0.518,0.865,0.559,0.479,No,No,No,No,No,No,Yes,Synthetic demonstration only - not real student data,1,0,0,1,0,ai_detection_tool,AI detection fairness stress test
STUD01389,Female,Arts & Humanities,Medium,High,No,3.84,No,0.549,0.512,0.61,0.522,No,No,No,No,No,No,No,Synthetic demonstration only - not real student data,0,0,0,0,0,ai_detection_tool,AI detection fairness stress test
STUD01390,Male,STEM,High,High,Yes,4.9,Yes,0.573,0.747,0.872,0.759,Yes,Yes,Yes,No,No,No,No,Synthetic demonstration only - not real student data,1,1,0,0,0,ai_detection_tool,AI detection fairness stress test
STUD01391,Female,Health,Low,High,Yes,3.63,Yes,0.359,0.637,1,0.752,Yes,Yes,Yes,No,No,No,No,Synthetic demonstration only - not real student data,1,1,0,0,0,ai_detection_tool,AI detection fairness stress test
STUD01392,Male,Business,Low,Low,No,3.5,No,0.298,0.456,0.859,0.246,No,No,No,No,No,No,No,Synthetic demonstration only - not real student data,0,0,0,0,0,ai_detection_tool,AI detection fairness stress test
STUD01393,Male,STEM,High,Medium,No,4.92,No,0.691,0.485,0.61,0.437,No,No,No,No,No,No,No,Synthetic demonstration only - not real student data,0,0,0,0,0,ai_detection_tool,AI detection fairness stress test
STUD01394,Male,Arts & Humanities,Low,Medium,No,3.57,Yes,0.875,0.612,0.604,0.641,Yes,Yes,No,No,No,No,No,Synthetic demonstration only - not real student data,1,1,0,0,0,ai_detection_tool,AI detection fairness stress test
STUD01395,Female,Education,Medium,Low,Yes,2.38,Yes,0.759,0.521,0.751,0.423,No,No,No,No,No,No,Yes,Synthetic demonstration only - not real student data,1,0,0,1,0,ai_detection_tool,AI detection fairness stress test
STUD01396,Non-disclosed,Education,Medium,High,Yes,3.07,No,0.512,0.528,0.903,0.171,No,No,No,No,No,No,No,Synthetic demonstration only - not real student data,0,0,0,0,0,ai_detection_tool,AI detection fairness stress test
STUD01397,Male,Education,Low,Medium,Yes,3.04,No,0.71,0.372,0.677,0.198,No,No,No,No,No,No,No,Synthetic demonstration only - not real student data,0,0,0,0,0,ai_detection_tool,AI detection fairness stress test
STUD01398,Female,Business,Low,Medium,Yes,3.6,No,0.394,0.276,0.467,0.444,No,No,No,No,No,No,No,Synthetic demonstration only - not real student data,0,0,0,0,0,ai_detection_tool,AI detection fairness stress test
STUD01399,Female,Arts & Humanities,Medium,Medium,No,1.95,Yes,0.402,0.72,0.671,0.791,Yes,Yes,No,No,No,No,No,Synthetic demonstration only - not real student data,1,1,0,0,0,ai_detection_tool,AI detection fairness stress test
STUD01400,Female,Business,High,Low,No,1.13,Yes,0.492,0.523,0.913,0.762,Yes,Yes,Yes,No,No,No,No,Synthetic demonstration only - not real student data,1,1,0,0,0,ai_detection_tool,AI detection fairness stress test
STUD01401,Male,Arts & Humanities,Low,Low,Yes,3.15,No,0.683,0.226,0.915,0.081,No,No,No,No,No,No,No,Synthetic demonstration only - not real student data,0,0,0,0,0,ai_detection_tool,AI detection fairness stress test
STUD01402,Female,STEM,High,Medium,No,2.67,Yes,0.605,0.727,0.608,0.675,Yes,No,No,No,No,No,No,Synthetic demonstration only - not real student data,1,1,0,0,0,ai_detection_tool,AI detection fairness stress test
STUD01403,Male,Arts & Humanities,Medium,Medium,No,4.07,No,0.626,0.125,0.565,0.203,No,No,No,No,No,No,No,Synthetic demonstration only - not real student data,0,0,0,0,0,ai_detection_tool,AI detection fairness stress test
STUD01404,Female,Arts & Humanities,Medium,High,No,2.4,Yes,0.714,0.729,0.63,0.7,Yes,Yes,Yes,No,No,No,No,Synthetic demonstration only - not real student data,1,1,0,0,0,ai_detection_tool,AI detection fairness stress test
STUD01405,Male,Social Sciences,Low,High,No,3.91,Yes,0.594,0.995,0.489,0.666,Yes,Yes,No,No,No,No,No,Synthetic demonstration only - not real student data,1,1,0,0,0,ai_detection_tool,AI detection fairness stress test
STUD01406,Female,Arts & Humanities,High,Medium,No,3.54,No,0.485,0.557,0.905,0.13,No,No,No,No,No,No,No,Synthetic demonstration only - not real student data,0,0,0,0,0,ai_detection_tool,AI detection fairness stress test
STUD01407,Female,Health,Medium,Low,No,2.87,Yes,0.641,0.97,0.799,0.702,Yes,Yes,Yes,No,No,No,No,Synthetic demonstration only - not real student data,1,1,0,0,0,ai_detection_tool,AI detection fairness stress test
STUD01408,Male,Education,Medium,Low,No,2.64,No,0.757,0.393,0.561,0.488,No,No,No,No,No,No,No,Synthetic demonstration only - not real student data,0,0,0,0,0,ai_detection_tool,AI detection fairness stress test
STUD01409,Female,Health,High,Medium,No,2.71,No,0.464,0.522,0.51,0.321,No,No,No,No,No,No,No,Synthetic demonstration only - not real student data,0,0,0,0,0,ai_detection_tool,AI detection fairness stress test
STUD01410,Male,STEM,Low,High,Yes,4.0,Yes,0.358,0.501,0.812,0.674,Yes,Yes,Yes,No,No,No,No,Synthetic demonstration only - not real student data,1,1,0,0,0,ai_detection_tool,AI detection fairness stress test
STUD01411,Female,STEM,Low,Medium,Yes,3.51,No,0.918,0.536,0.876,0.263,No,No,No,No,No,No,No,Synthetic demonstration only - not real student data,0,0,0,0,0,ai_detection_tool,AI detection fairness stress test
STUD01412,Female,Health,Low,Low,No,3.55,No,0.453,0.204,0.856,0.297,No,No,No,No,No,No,No,Synthetic demonstration only - not real student data,0,0,0,0,0,ai_detection_tool,AI detection fairness stress test
STUD01413,Male,Social Sciences,Low,Medium,Yes,3.63,No,0.601,0.395,0.716,0.399,No,No,No,No,No,No,No,Synthetic demonstration only - not real student data,0,0,0,0,0,ai_detection_tool,AI detection fairness stress test
STUD01414,Male,Social Sciences,Medium,High,No,3.87,No,0.175,0.282,0.211,0.318,No,No,No,No,No,No,No,Synthetic demonstration only - not real student data,0,0,0,0,0,ai_detection_tool,AI detection fairness stress test
STUD01415,Male,STEM,Medium,Medium,No,3.65,No,0.563,0.394,0.818,0.444,No,No,No,No,No,No,No,Synthetic demonstration only - not real student data,0,0,0,0,0,ai_detection_tool,AI detection fairness stress test
STUD01416,Male,STEM,Medium,Medium,Yes,2.77,Yes,0.525,0.668,0.693,0.721,Yes,Yes,Yes,No,No,No,No,Synthetic demonstration only - not real student data,1,1,0,0,0,ai_detection_tool,AI detection fairness stress test
STUD01417,Female,Health,Low,Medium,No,3.19,No,0.501,0.366,0.441,0.138,No,No,No,No,No,No,No,Synthetic demonstration only - not real student data,0,0,0,0,0,ai_detection_tool,AI detection fairness stress test
STUD01418,Male,Business,Medium,High,No,5,Yes,0.268,0.814,0.506,0.708,Yes,Yes,Yes,Yes,No,No,No,Synthetic demonstration only - not real student data,1,1,0,0,0,ai_detection_tool,AI detection fairness stress test
STUD01419,Female,Health,Medium,Medium,No,3.74,Yes,0.634,1,0.805,0.748,Yes,Yes,No,No,No,No,No,Synthetic demonstration only - not real student data,1,1,0,0,0,ai_detection_tool,AI detection fairness stress test
STUD01420,Male,STEM,Medium,Medium,No,3.95,No,0.222,0.222,0.598,0.14,No,No,No,No,No,No,No,Synthetic demonstration only - not real student data,0,0,0,0,0,ai_detection_tool,AI detection fairness stress test
STUD01421,Male,STEM,Low,Low,No,3.39,Yes,0.753,0.789,0.706,0.689,Yes,Yes,No,No,No,No,No,Synthetic demonstration only - not real student data,1,1,0,0,0,ai_detection_tool,AI detection fairness stress test
STUD01422,Female,Health,Low,Low,Yes,1.82,No,0.54,0.432,0.823,0.493,No,No,No,No,No,No,No,Synthetic demonstration only - not real student data,0,0,0,0,0,ai_detection_tool,AI detection fairness stress test
STUD01423,Male,STEM,High,Medium,Yes,3.36,Yes,0.497,0.808,0.881,0.771,Yes,Yes,Yes,No,No,No,No,Synthetic demonstration only - not real student data,1,1,0,0,0,ai_detection_tool,AI detection fairness stress test
STUD01424,Male,STEM,Medium,Low,No,3.01,No,0.748,0.55,0.561,0.572,Yes,Yes,No,No,No,Yes,No,Synthetic demonstration only - not real student data,0,1,1,0,0,ai_detection_tool,AI detection fairness stress test
STUD01425,Female,STEM,Low,Low,Yes,2.67,No,0.789,0.181,0.885,0.344,No,No,No,No,No,No,No,Synthetic demonstration only - not real student data,0,0,0,0,0,ai_detection_tool,AI detection fairness stress test
STUD01426,Female,Business,Low,High,Yes,4.66,Yes,0.591,0.724,0.828,0.842,Yes,Yes,No,No,No,No,No,Synthetic demonstration only - not real student data,1,1,0,0,0,ai_detection_tool,AI detection fairness stress test
STUD01427,Male,Health,Medium,Medium,No,3.8,No,0.448,0.306,0.533,0.295,No,No,No,No,No,No,No,Synthetic demonstration only - not real student data,0,0,0,0,0,ai_detection_tool,AI detection fairness stress test
STUD01428,Male,Health,Low,High,Yes,3.45,Yes,0.298,0.599,0.726,0.714,Yes,Yes,Yes,No,No,No,No,Synthetic demonstration only - not real student data,1,1,0,0,0,ai_detection_tool,AI detection fairness stress test
STUD01429,Male,STEM,High,High,No,3.2,No,0.586,0.257,0.737,0.281,No,No,No,No,No,No,No,Synthetic demonstration only - not real student data,0,0,0,0,0,ai_detection_tool,AI detection fairness stress test
STUD01430,Male,Business,Medium,Medium,Yes,3.43,No,0.553,0.599,0.442,0.395,No,No,No,No,No,No,No,Synthetic demonstration only - not real student data,0,0,0,0,0,ai_detection_tool,AI detection fairness stress test
STUD01431,Non-disclosed,Health,Low,Medium,Yes,2.88,No,0.57,0.262,0.758,0.314,No,No,No,No,No,No,No,Synthetic demonstration only - not real student data,0,0,0,0,0,ai_detection_tool,AI detection fairness stress test
STUD01432,Female,Education,Low,Low,Yes,2.64,No,0.486,0.373,0.698,0.239,No,No,No,No,No,No,No,Synthetic demonstration only - not real student data,0,0,0,0,0,ai_detection_tool,AI detection fairness stress test
STUD01433,Male,Arts & Humanities,Low,Medium,No,3.94,No,0.416,0.209,0.506,0.561,Yes,Yes,No,No,No,Yes,No,Synthetic demonstration only - not real student data,0,1,1,0,0,ai_detection_tool,AI detection fairness stress test
STUD01434,Male,STEM,Medium,Medium,No,3.41,Yes,0.325,0.526,0.62,0.76,Yes,Yes,Yes,Yes,No,No,No,Synthetic demonstration only - not real student data,1,1,0,0,0,ai_detection_tool,AI detection fairness stress test
STUD01435,Non-disclosed,Social Sciences,Low,High,Yes,4.25,Yes,0.71,0.703,0.821,0.814,Yes,Yes,Yes,No,No,No,No,Synthetic demonstration only - not real student data,1,1,0,0,0,ai_detection_tool,AI detection fairness stress test
STUD01436,Male,Business,Medium,Medium,No,2.47,Yes,0.267,0.71,0.83,0.621,Yes,Yes,Yes,No,No,No,No,Synthetic demonstration only - not real student data,1,1,0,0,0,ai_detection_tool,AI detection fairness stress test
STUD01437,Male,Social Sciences,Low,High,No,4.7,No,0.468,0.359,0.652,0.171,No,No,No,No,No,No,No,Synthetic demonstration only - not real student data,0,0,0,0,0,ai_detection_tool,AI detection fairness stress test
STUD01438,Male,Business,Medium,High,Yes,4.63,No,0.661,0.47,0.606,0.342,No,No,No,No,No,No,No,Synthetic demonstration only - not real student data,0,0,0,0,0,ai_detection_tool,AI detection fairness stress test
STUD01439,Female,Business,High,Medium,No,4.56,No,0.35,0.358,0.622,0.159,No,No,No,No,No,No,No,Synthetic demonstration only - not real student data,0,0,0,0,0,ai_detection_tool,AI detection fairness stress test
STUD01440,Male,STEM,Medium,High,Yes,5,No,0.69,0.697,0.633,0.472,No,No,No,No,No,No,No,Synthetic demonstration only - not real student data,0,0,0,0,0,ai_detection_tool,AI detection fairness stress test
STUD01441,Non-disclosed,STEM,Medium,Medium,No,3.04,No,0.677,0.263,1,0.427,No,No,No,No,No,No,No,Synthetic demonstration only - not real student data,0,0,0,0,0,ai_detection_tool,AI detection fairness stress test
STUD01442,Male,STEM,High,High,No,3.98,Yes,0.464,0.828,0.618,0.685,Yes,Yes,Yes,No,No,No,No,Synthetic demonstration only - not real student data,1,1,0,0,0,ai_detection_tool,AI detection fairness stress test
STUD01443,Female,Social Sciences,Low,Medium,No,2.77,No,0.525,0.527,0.186,0.4,No,No,No,No,No,No,No,Synthetic demonstration only - not real student data,0,0,0,0,0,ai_detection_tool,AI detection fairness stress test
STUD01444,Female,Arts & Humanities,High,Low,Yes,2.91,Yes,0.365,0.911,0.63,1,Yes,Yes,No,No,No,No,No,Synthetic demonstration only - not real student data,1,1,0,0,0,ai_detection_tool,AI detection fairness stress test
STUD01445,Male,STEM,Medium,High,No,4.83,No,0.576,0.542,0.773,0.301,No,No,No,No,No,No,No,Synthetic demonstration only - not real student data,0,0,0,0,0,ai_detection_tool,AI detection fairness stress test
STUD01446,Male,Health,High,High,Yes,4.12,Yes,0.359,0.767,0.571,0.767,Yes,Yes,Yes,Yes,No,No,No,Synthetic demonstration only - not real student data,1,1,0,0,0,ai_detection_tool,AI detection fairness stress test
STUD01447,Male,STEM,Medium,High,No,4.69,Yes,0.178,0.839,0.554,0.598,Yes,Yes,Yes,Yes,No,No,No,Synthetic demonstration only - not real student data,1,1,0,0,0,ai_detection_tool,AI detection fairness stress test
STUD01448,Female,STEM,Low,Low,No,1.58,No,0.547,0.354,0.401,0.655,Yes,Yes,Yes,No,No,Yes,No,Synthetic demonstration only - not real student data,0,1,1,0,0,ai_detection_tool,AI detection fairness stress test
STUD01449,Male,Business,Low,Medium,No,3.76,Yes,0.462,0.56,0.514,0.825,Yes,Yes,No,No,No,No,No,Synthetic demonstration only - not real student data,1,1,0,0,0,ai_detection_tool,AI detection fairness stress test
STUD01450,Male,STEM,High,High,No,5,Yes,0.44,0.327,0.402,0.838,Yes,Yes,Yes,No,No,No,No,Synthetic demonstration only - not real student data,1,1,0,0,0,ai_detection_tool,AI detection fairness stress test
STUD01451,Female,Health,Medium,Medium,No,3.34,No,0.701,0.523,0.552,0.159,No,No,No,No,No,No,No,Synthetic demonstration only - not real student data,0,0,0,0,0,ai_detection_tool,AI detection fairness stress test
STUD01452,Male,Education,Low,High,Yes,4.11,Yes,0.133,0.692,0.623,0.674,Yes,Yes,No,No,No,No,No,Synthetic demonstration only - not real student data,1,1,0,0,0,ai_detection_tool,AI detection fairness stress test
STUD01453,Female,STEM,Medium,Medium,Yes,2.67,No,0.557,0.33,0.676,0.211,No,No,No,No,No,No,No,Synthetic demonstration only - not real student data,0,0,0,0,0,ai_detection_tool,AI detection fairness stress test
STUD01454,Female,Health,High,High,Yes,3.77,No,0.461,0.239,0.652,0.272,No,No,No,No,No,No,No,Synthetic demonstration only - not real student data,0,0,0,0,0,ai_detection_tool,AI detection fairness stress test
STUD01455,Male,Arts & Humanities,Medium,High,No,4.0,No,0.916,0.298,0.571,0.303,No,No,No,No,No,No,No,Synthetic demonstration only - not real student data,0,0,0,0,0,ai_detection_tool,AI detection fairness stress test
STUD01456,Female,Social Sciences,Medium,Low,Yes,2.16,No,0.807,0.244,0.42,0.224,No,No,No,No,No,No,No,Synthetic demonstration only - not real student data,0,0,0,0,0,ai_detection_tool,AI detection fairness stress test
STUD01457,Female,Social Sciences,High,Medium,No,2.25,No,0.497,0.262,0.222,0.435,No,No,No,No,No,No,No,Synthetic demonstration only - not real student data,0,0,0,0,0,ai_detection_tool,AI detection fairness stress test
STUD01458,Female,Business,Medium,High,No,5,Yes,0.329,0.442,0.649,0.888,Yes,Yes,Yes,No,No,No,No,Synthetic demonstration only - not real student data,1,1,0,0,0,ai_detection_tool,AI detection fairness stress test
STUD01459,Female,Health,Low,Medium,No,2.59,Yes,0.524,0.53,0.644,0.882,Yes,Yes,No,No,No,No,No,Synthetic demonstration only - not real student data,1,1,0,0,0,ai_detection_tool,AI detection fairness stress test
STUD01460,Female,STEM,Low,Medium,Yes,1.65,Yes,0.822,0.753,0.633,0.701,Yes,No,Yes,No,No,No,No,Synthetic demonstration only - not real student data,1,1,0,0,0,ai_detection_tool,AI detection fairness stress test
STUD01461,Female,Health,Low,High,Yes,2.39,No,0.44,0.353,0.475,0.084,No,No,No,No,No,No,No,Synthetic demonstration only - not real student data,0,0,0,0,0,ai_detection_tool,AI detection fairness stress test
STUD01462,Female,Arts & Humanities,Medium,High,Yes,4.05,Yes,0.704,0.683,0.656,0.575,Yes,Yes,Yes,No,No,No,No,Synthetic demonstration only - not real student data,1,1,0,0,0,ai_detection_tool,AI detection fairness stress test
STUD01463,Female,STEM,Low,Medium,Yes,2.88,Yes,0.731,0.869,0.724,0.752,Yes,Yes,Yes,No,No,No,No,Synthetic demonstration only - not real student data,1,1,0,0,0,ai_detection_tool,AI detection fairness stress test
STUD01464,Male,Business,Medium,High,No,3.86,Yes,0.294,0.667,0.437,0.773,Yes,Yes,Yes,Yes,No,No,No,Synthetic demonstration only - not real student data,1,1,0,0,0,ai_detection_tool,AI detection fairness stress test
STUD01465,Female,STEM,Medium,Medium,Yes,2.49,Yes,0.364,0.884,0.63,0.9,Yes,Yes,Yes,No,No,No,No,Synthetic demonstration only - not real student data,1,1,0,0,0,ai_detection_tool,AI detection fairness stress test
STUD01466,Male,Social Sciences,Medium,High,No,3.92,No,0.571,0.499,0.809,0.406,No,No,No,No,No,No,No,Synthetic demonstration only - not real student data,0,0,0,0,0,ai_detection_tool,AI detection fairness stress test
STUD01467,Female,STEM,Medium,High,No,3.33,Yes,0.443,0.783,0.656,0.921,Yes,Yes,Yes,No,No,No,No,Synthetic demonstration only - not real student data,1,1,0,0,0,ai_detection_tool,AI detection fairness stress test
STUD01468,Non-disclosed,Arts & Humanities,High,Medium,No,3.78,No,0.767,0.381,0.383,0.3,No,No,No,No,No,No,No,Synthetic demonstration only - not real student data,0,0,0,0,0,ai_detection_tool,AI detection fairness stress test
STUD01469,Female,Health,Medium,Medium,No,1.82,No,0.32,0.614,0.726,0.228,No,No,No,No,No,No,No,Synthetic demonstration only - not real student data,0,0,0,0,0,ai_detection_tool,AI detection fairness stress test
STUD01470,Male,STEM,Low,High,Yes,4.35,Yes,0.503,0.55,0.987,0.697,Yes,No,Yes,No,No,No,No,Synthetic demonstration only - not real student data,1,1,0,0,0,ai_detection_tool,AI detection fairness stress test
STUD01471,Male,Business,Medium,Low,No,3.65,Yes,0.708,0.673,0.897,0.602,Yes,Yes,Yes,Yes,Yes,No,No,Synthetic demonstration only - not real student data,1,1,0,0,1,ai_detection_tool,AI detection fairness stress test
STUD01472,Female,Business,High,Low,No,2.08,No,0.713,0.225,0.332,0.294,No,No,No,No,No,No,No,Synthetic demonstration only - not real student data,0,0,0,0,0,ai_detection_tool,AI detection fairness stress test
STUD01473,Female,Business,Medium,High,Yes,3.43,Yes,0.697,0.986,0.463,0.786,Yes,Yes,Yes,No,No,No,No,Synthetic demonstration only - not real student data,1,1,0,0,0,ai_detection_tool,AI detection fairness stress test
STUD01474,Male,Business,Medium,High,No,3.54,Yes,0.433,0.425,0.598,0.772,Yes,Yes,No,No,No,No,No,Synthetic demonstration only - not real student data,1,1,0,0,0,ai_detection_tool,AI detection fairness stress test
STUD01475,Male,STEM,Medium,Medium,No,3.21,Yes,0.486,0.586,0.796,0.59,Yes,No,No,No,No,No,No,Synthetic demonstration only - not real student data,1,1,0,0,0,ai_detection_tool,AI detection fairness stress test
STUD01476,Male,Business,Medium,High,No,3.64,Yes,0.52,0.78,1,0.711,Yes,Yes,Yes,No,No,No,No,Synthetic demonstration only - not real student data,1,1,0,0,0,ai_detection_tool,AI detection fairness stress test
STUD01477,Female,Arts & Humanities,Low,Low,No,1.93,No,0.588,0.361,0.381,0.221,No,No,No,No,No,No,No,Synthetic demonstration only - not real student data,0,0,0,0,0,ai_detection_tool,AI detection fairness stress test
STUD01478,Male,STEM,Low,Medium,Yes,3.55,Yes,0.437,0.985,0.847,0.902,Yes,Yes,No,No,No,No,No,Synthetic demonstration only - not real student data,1,1,0,0,0,ai_detection_tool,AI detection fairness stress test
STUD01479,Female,Health,Low,Medium,Yes,2.83,No,0.383,0.501,0.454,0.247,No,No,No,No,No,No,No,Synthetic demonstration only - not real student data,0,0,0,0,0,ai_detection_tool,AI detection fairness stress test
STUD01480,Male,Arts & Humanities,High,High,No,4.01,Yes,0.725,0.392,0.296,0.515,No,No,No,No,No,No,Yes,Synthetic demonstration only - not real student data,1,0,0,1,0,ai_detection_tool,AI detection fairness stress test
STUD01481,Female,Business,Low,Low,Yes,2.14,Yes,0.604,0.471,0.655,0.826,Yes,Yes,No,No,No,No,No,Synthetic demonstration only - not real student data,1,1,0,0,0,ai_detection_tool,AI detection fairness stress test
STUD01482,Female,Health,High,Low,Yes,2.29,No,0.627,0.47,0.601,0.356,No,No,No,No,No,No,No,Synthetic demonstration only - not real student data,0,0,0,0,0,ai_detection_tool,AI detection fairness stress test
STUD01483,Female,Arts & Humanities,Medium,Medium,No,3.26,No,0.447,0.399,0.51,0.401,No,No,No,No,No,No,No,Synthetic demonstration only - not real student data,0,0,0,0,0,ai_detection_tool,AI detection fairness stress test
STUD01484,Male,Arts & Humanities,Medium,High,Yes,2.22,No,0.729,0.408,0.646,0.252,No,No,No,No,No,No,No,Synthetic demonstration only - not real student data,0,0,0,0,0,ai_detection_tool,AI detection fairness stress test
STUD01485,Male,Business,Low,High,Yes,4.5,No,0.554,0.531,0.667,0.354,No,No,No,No,No,No,No,Synthetic demonstration only - not real student data,0,0,0,0,0,ai_detection_tool,AI detection fairness stress test
STUD01486,Male,STEM,Medium,High,Yes,2.91,Yes,0.672,0.937,0.662,0.566,Yes,Yes,Yes,Yes,No,No,No,Synthetic demonstration only - not real student data,1,1,0,0,0,ai_detection_tool,AI detection fairness stress test
STUD01487,Male,STEM,Low,Low,Yes,3.3,No,0.554,0.343,0.746,0.306,No,No,No,No,No,No,No,Synthetic demonstration only - not real student data,0,0,0,0,0,ai_detection_tool,AI detection fairness stress test
STUD01488,Female,Health,Medium,Medium,No,3.78,No,0.834,0.4,0.679,0.429,No,No,No,No,No,No,No,Synthetic demonstration only - not real student data,0,0,0,0,0,ai_detection_tool,AI detection fairness stress test
STUD01489,Male,Health,High,Medium,Yes,3.59,Yes,0.711,0.746,0.66,0.78,Yes,Yes,No,No,No,No,No,Synthetic demonstration only - not real student data,1,1,0,0,0,ai_detection_tool,AI detection fairness stress test
STUD01490,Female,STEM,High,Low,No,3.5,Yes,0.348,0.568,0.935,0.657,Yes,Yes,No,No,No,No,No,Synthetic demonstration only - not real student data,1,1,0,0,0,ai_detection_tool,AI detection fairness stress test
STUD01491,Male,STEM,Low,Medium,Yes,3.56,No,0.433,0.637,0.739,0.28,No,No,No,No,No,No,No,Synthetic demonstration only - not real student data,0,0,0,0,0,ai_detection_tool,AI detection fairness stress test
STUD01492,Female,Education,Medium,Medium,Yes,1.62,No,0.406,0.201,0.56,0.331,No,No,No,No,No,No,No,Synthetic demonstration only - not real student data,0,0,0,0,0,ai_detection_tool,AI detection fairness stress test
STUD01493,Female,Health,High,Medium,No,3.78,No,0.567,0.051,0.457,0.342,No,No,No,No,No,No,No,Synthetic demonstration only - not real student data,0,0,0,0,0,ai_detection_tool,AI detection fairness stress test
STUD01494,Male,STEM,Low,High,Yes,4.76,Yes,0.629,0.522,0.633,0.57,Yes,Yes,Yes,No,No,No,No,Synthetic demonstration only - not real student data,1,1,0,0,0,ai_detection_tool,AI detection fairness stress test
STUD01495,Male,Health,Medium,High,No,3.04,Yes,0.602,0.741,0.717,0.747,Yes,Yes,No,No,No,No,No,Synthetic demonstration only - not real student data,1,1,0,0,0,ai_detection_tool,AI detection fairness stress test
STUD01496,Female,Health,Medium,High,No,3.7,No,0.859,0.533,0.62,0.318,No,No,No,No,No,No,No,Synthetic demonstration only - not real student data,0,0,0,0,0,ai_detection_tool,AI detection fairness stress test
STUD01497,Male,Education,Medium,Medium,No,4.35,No,0.431,0.202,0.419,0.257,No,No,No,No,No,No,No,Synthetic demonstration only - not real student data,0,0,0,0,0,ai_detection_tool,AI detection fairness stress test
STUD01498,Male,Health,Low,High,Yes,4.56,Yes,0.879,0.507,0.699,0.607,Yes,Yes,Yes,Yes,No,No,No,Synthetic demonstration only - not real student data,1,1,0,0,0,ai_detection_tool,AI detection fairness stress test
STUD01499,Female,STEM,Medium,Low,No,2.41,No,0.848,0.647,0.448,0.442,No,No,No,No,No,No,No,Synthetic demonstration only - not real student data,0,0,0,0,0,ai_detection_tool,AI detection fairness stress test
STUD01500,Male,STEM,Medium,High,Yes,4.06,No,0.748,0.451,0.407,0.294,No,No,No,No,No,No,No,Synthetic demonstration only - not real student data,0,0,0,0,0,ai_detection_tool,AI detection fairness stress test
STUD01501,Male,STEM,Low,Medium,Yes,3.97,Yes,0.39,0.521,0.692,0.495,No,No,No,No,No,No,Yes,Synthetic demonstration only - not real student data,1,0,0,1,0,ai_detection_tool,AI detection fairness stress test
STUD01502,Female,Health,Medium,Medium,No,2.19,No,0.447,0.303,0.78,0.206,No,No,No,No,No,No,No,Synthetic demonstration only - not real student data,0,0,0,0,0,ai_detection_tool,AI detection fairness stress test
STUD01503,Female,Business,High,Low,No,2.76,No,0.429,0.419,0.704,0.423,No,No,No,No,No,No,No,Synthetic demonstration only - not real student data,0,0,0,0,0,ai_detection_tool,AI detection fairness stress test
STUD01504,Female,Health,Medium,Low,No,2.1,No,0.597,0.43,0.918,0.464,No,No,No,No,No,No,No,Synthetic demonstration only - not real student data,0,0,0,0,0,ai_detection_tool,AI detection fairness stress test
STUD01505,Male,Health,Low,Medium,Yes,3.45,No,0.312,0.226,0.699,0.222,No,No,No,No,No,No,No,Synthetic demonstration only - not real student data,0,0,0,0,0,ai_detection_tool,AI detection fairness stress test
STUD01506,Female,Education,Medium,Medium,No,2.68,Yes,0.416,0.755,0.617,0.88,Yes,Yes,Yes,Yes,Yes,No,No,Synthetic demonstration only - not real student data,1,1,0,0,1,ai_detection_tool,AI detection fairness stress test
STUD01507,Female,Health,Low,Medium,Yes,1.66,No,0.493,0.533,0.898,0.504,No,No,No,No,No,No,No,Synthetic demonstration only - not real student data,0,0,0,0,0,ai_detection_tool,AI detection fairness stress test
STUD01508,Female,Education,Medium,Medium,Yes,3.69,No,0.748,0.222,0.267,0.245,No,No,No,No,No,No,No,Synthetic demonstration only - not real student data,0,0,0,0,0,ai_detection_tool,AI detection fairness stress test
STUD01509,Male,Business,Medium,High,Yes,4.13,Yes,0.483,0.661,0.678,0.653,Yes,Yes,No,No,No,No,No,Synthetic demonstration only - not real student data,1,1,0,0,0,ai_detection_tool,AI detection fairness stress test
STUD01510,Female,Health,High,Low,No,3.17,No,0.402,0.199,0.657,0.169,No,No,No,No,No,No,No,Synthetic demonstration only - not real student data,0,0,0,0,0,ai_detection_tool,AI detection fairness stress test
STUD01511,Male,Social Sciences,Medium,Medium,No,3.54,Yes,0.324,0.587,0.667,0.683,Yes,Yes,No,No,No,No,No,Synthetic demonstration only - not real student data,1,1,0,0,0,ai_detection_tool,AI detection fairness stress test
STUD01512,Female,STEM,Low,Low,Yes,2.74,Yes,0.513,0.812,0.386,0.783,Yes,Yes,No,No,No,No,No,Synthetic demonstration only - not real student data,1,1,0,0,0,ai_detection_tool,AI detection fairness stress test
STUD01513,Male,Social Sciences,High,Medium,No,4.79,No,0.771,0.45,0.386,0.104,No,No,No,No,No,No,No,Synthetic demonstration only - not real student data,0,0,0,0,0,ai_detection_tool,AI detection fairness stress test
STUD01514,Female,Health,Low,Low,No,1.22,Yes,0.468,0.594,0.763,0.666,Yes,Yes,No,No,No,No,No,Synthetic demonstration only - not real student data,1,1,0,0,0,ai_detection_tool,AI detection fairness stress test
STUD01515,Female,STEM,High,Low,No,2.24,No,0.494,0.339,0.539,0.268,No,No,No,No,No,No,No,Synthetic demonstration only - not real student data,0,0,0,0,0,ai_detection_tool,AI detection fairness stress test
STUD01516,Female,Business,Low,Medium,No,2.47,No,0.43,0.351,0.264,0.405,No,No,No,No,No,No,No,Synthetic demonstration only - not real student data,0,0,0,0,0,ai_detection_tool,AI detection fairness stress test
STUD01517,Female,Health,Low,Medium,No,2.22,No,0.484,0.394,0.131,0.366,No,No,No,No,No,No,No,Synthetic demonstration only - not real student data,0,0,0,0,0,ai_detection_tool,AI detection fairness stress test
STUD01518,Male,Social Sciences,Medium,High,No,3.78,No,0.68,0.362,0.623,0.175,No,No,No,No,No,No,No,Synthetic demonstration only - not real student data,0,0,0,0,0,ai_detection_tool,AI detection fairness stress test
STUD01519,Male,Business,High,Medium,No,4.62,No,0.382,0.453,0.728,0.287,No,No,No,No,No,No,No,Synthetic demonstration only - not real student data,0,0,0,0,0,ai_detection_tool,AI detection fairness stress test
STUD01520,Male,STEM,Low,High,No,4.77,No,0.555,0.532,0.486,0.268,No,No,No,No,No,No,No,Synthetic demonstration only - not real student data,0,0,0,0,0,ai_detection_tool,AI detection fairness stress test
STUD01521,Male,Business,Medium,High,Yes,4.02,Yes,0.303,0.477,0.741,0.657,Yes,Yes,No,No,No,No,No,Synthetic demonstration only - not real student data,1,1,0,0,0,ai_detection_tool,AI detection fairness stress test
STUD01522,Female,Business,Medium,Medium,No,1.51,Yes,0.504,0.652,0.81,0.624,Yes,Yes,No,No,No,No,No,Synthetic demonstration only - not real student data,1,1,0,0,0,ai_detection_tool,AI detection fairness stress test
STUD01523,Female,Health,Medium,Medium,No,2.44,No,0.615,0.685,0.855,0.142,No,No,No,No,No,No,No,Synthetic demonstration only - not real student data,0,0,0,0,0,ai_detection_tool,AI detection fairness stress test
STUD01524,Male,Business,Medium,Medium,Yes,4.17,No,0.857,0.364,0.725,0.412,No,No,No,No,No,No,No,Synthetic demonstration only - not real student data,0,0,0,0,0,ai_detection_tool,AI detection fairness stress test
STUD01525,Female,Social Sciences,Medium,Medium,Yes,3.63,Yes,0.487,0.615,0.809,0.599,Yes,No,Yes,No,No,No,No,Synthetic demonstration only - not real student data,1,1,0,0,0,ai_detection_tool,AI detection fairness stress test
STUD01526,Male,Arts & Humanities,Low,Medium,No,2.82,Yes,0.808,0.886,0.771,0.82,Yes,Yes,No,No,No,No,No,Synthetic demonstration only - not real student data,1,1,0,0,0,ai_detection_tool,AI detection fairness stress test
STUD01527,Female,Arts & Humanities,Low,High,Yes,2.9,No,0.515,0.239,0.541,0.188,No,No,No,No,No,No,No,Synthetic demonstration only - not real student data,0,0,0,0,0,ai_detection_tool,AI detection fairness stress test
STUD01528,Female,Business,Medium,Medium,Yes,3.97,Yes,0.272,0.645,0.812,0.467,No,No,No,No,No,No,Yes,Synthetic demonstration only - not real student data,1,0,0,1,0,ai_detection_tool,AI detection fairness stress test
STUD01529,Female,Arts & Humanities,Medium,Low,No,2.14,No,0.734,0.356,0.47,0.234,No,No,No,No,No,No,No,Synthetic demonstration only - not real student data,0,0,0,0,0,ai_detection_tool,AI detection fairness stress test
STUD01530,Male,STEM,High,Medium,Yes,4.47,No,0.673,0.093,0.569,0.317,No,No,No,No,No,No,No,Synthetic demonstration only - not real student data,0,0,0,0,0,ai_detection_tool,AI detection fairness stress test
STUD01531,Male,Social Sciences,Low,Low,No,2.42,No,0.68,0.596,0.679,0.455,No,No,No,No,No,No,No,Synthetic demonstration only - not real student data,0,0,0,0,0,ai_detection_tool,AI detection fairness stress test
STUD01532,Female,Arts & Humanities,Low,Medium,No,3.63,No,0.687,0.586,0.75,0.391,No,No,No,No,No,No,No,Synthetic demonstration only - not real student data,0,0,0,0,0,ai_detection_tool,AI detection fairness stress test
STUD01533,Male,Business,Medium,Medium,No,4.09,Yes,0.291,0.411,1,0.637,Yes,No,Yes,No,No,No,No,Synthetic demonstration only - not real student data,1,1,0,0,0,ai_detection_tool,AI detection fairness stress test
STUD01534,Female,Business,Medium,Medium,No,3.42,No,0.25,0.214,0.337,0.149,No,No,No,No,No,No,No,Synthetic demonstration only - not real student data,0,0,0,0,0,ai_detection_tool,AI detection fairness stress test
STUD01535,Female,Social Sciences,Low,Medium,No,2.95,No,0.496,0.1,0.461,0.384,No,No,No,No,No,No,No,Synthetic demonstration only - not real student data,0,0,0,0,0,ai_detection_tool,AI detection fairness stress test
STUD01536,Male,Business,Medium,Medium,Yes,3.51,Yes,0.397,0.687,0.67,0.692,Yes,Yes,No,No,No,No,No,Synthetic demonstration only - not real student data,1,1,0,0,0,ai_detection_tool,AI detection fairness stress test
STUD01537,Female,Education,Low,Low,No,1.79,Yes,0.918,0.573,0.6,0.629,Yes,No,Yes,No,No,No,No,Synthetic demonstration only - not real student data,1,1,0,0,0,ai_detection_tool,AI detection fairness stress test
STUD01538,Male,STEM,Low,Medium,Yes,3.5,No,0.821,0.601,0.473,0.291,No,No,No,No,No,No,No,Synthetic demonstration only - not real student data,0,0,0,0,0,ai_detection_tool,AI detection fairness stress test
STUD01539,Female,Business,Low,Medium,No,3.28,Yes,0.719,0.706,0.88,0.671,Yes,Yes,Yes,No,No,No,No,Synthetic demonstration only - not real student data,1,1,0,0,0,ai_detection_tool,AI detection fairness stress test
STUD01540,Female,Arts & Humanities,Low,Medium,No,2.31,No,0.567,0.44,0.609,0.245,No,No,No,No,No,No,No,Synthetic demonstration only - not real student data,0,0,0,0,0,ai_detection_tool,AI detection fairness stress test
STUD01541,Female,STEM,High,High,Yes,3.69,Yes,0.449,0.863,0.361,0.931,Yes,Yes,No,No,No,No,No,Synthetic demonstration only - not real student data,1,1,0,0,0,ai_detection_tool,AI detection fairness stress test
STUD01542,Male,Social Sciences,Medium,Low,No,3.37,No,0.456,0.166,0.448,0.313,No,No,No,No,No,No,No,Synthetic demonstration only - not real student data,0,0,0,0,0,ai_detection_tool,AI detection fairness stress test
STUD01543,Male,Business,Low,Medium,Yes,2.98,No,0.776,0.475,0.83,0.261,No,No,No,No,No,No,No,Synthetic demonstration only - not real student data,0,0,0,0,0,ai_detection_tool,AI detection fairness stress test
STUD01544,Female,Health,Medium,Low,No,3.42,No,0.475,0.376,0.699,0.38,No,No,No,No,No,No,No,Synthetic demonstration only - not real student data,0,0,0,0,0,ai_detection_tool,AI detection fairness stress test
STUD01545,Female,Education,Low,Low,Yes,1.82,No,0.604,0.35,0.364,0.322,No,No,No,No,No,No,No,Synthetic demonstration only - not real student data,0,0,0,0,0,ai_detection_tool,AI detection fairness stress test
STUD01546,Female,Arts & Humanities,Medium,Medium,Yes,3.33,No,0.494,0.414,0.519,0.523,No,No,No,No,No,No,No,Synthetic demonstration only - not real student data,0,0,0,0,0,ai_detection_tool,AI detection fairness stress test
STUD01547,Male,STEM,High,Medium,Yes,3.32,No,0.72,0.393,0.712,0.318,No,No,No,No,No,No,No,Synthetic demonstration only - not real student data,0,0,0,0,0,ai_detection_tool,AI detection fairness stress test
STUD01548,Male,Arts & Humanities,Medium,Medium,No,3.82,No,0.56,0.398,0.33,0.355,No,No,No,No,No,No,No,Synthetic demonstration only - not real student data,0,0,0,0,0,ai_detection_tool,AI detection fairness stress test
STUD01549,Female,Social Sciences,High,Low,No,2.56,No,0.603,0.21,0.612,0.406,No,No,No,No,No,No,No,Synthetic demonstration only - not real student data,0,0,0,0,0,ai_detection_tool,AI detection fairness stress test
STUD01550,Female,Business,Medium,Low,No,2.66,No,0.232,0.36,0.467,0.318,No,No,No,No,No,No,No,Synthetic demonstration only - not real student data,0,0,0,0,0,ai_detection_tool,AI detection fairness stress test
STUD01551,Male,STEM,Medium,Medium,Yes,4.07,No,0.423,0.243,0.682,0.364,No,No,No,No,No,No,No,Synthetic demonstration only - not real student data,0,0,0,0,0,ai_detection_tool,AI detection fairness stress test
STUD01552,Male,STEM,Low,Medium,Yes,4.41,No,0.262,0.236,0.489,0.152,No,No,No,No,No,No,No,Synthetic demonstration only - not real student data,0,0,0,0,0,ai_detection_tool,AI detection fairness stress test
STUD01553,Non-disclosed,Business,Medium,Medium,No,2.98,No,0.448,0.218,0.481,0.129,No,No,No,No,No,No,No,Synthetic demonstration only - not real student data,0,0,0,0,0,ai_detection_tool,AI detection fairness stress test
STUD01554,Female,Social Sciences,Low,Medium,No,2.53,No,0.436,0.478,0.641,0.274,No,No,No,No,No,No,No,Synthetic demonstration only - not real student data,0,0,0,0,0,ai_detection_tool,AI detection fairness stress test
STUD01555,Female,Business,Medium,High,Yes,3.61,No,0.216,0.398,0.385,0.106,No,No,No,No,No,No,No,Synthetic demonstration only - not real student data,0,0,0,0,0,ai_detection_tool,AI detection fairness stress test
STUD01556,Male,Education,Medium,High,No,4.42,Yes,0.137,0.665,0.612,0.429,No,No,No,No,No,No,Yes,Synthetic demonstration only - not real student data,1,0,0,1,0,ai_detection_tool,AI detection fairness stress test
STUD01557,Female,STEM,Medium,Medium,No,1.98,No,0.304,0.527,0.267,0.274,No,No,No,No,No,No,No,Synthetic demonstration only - not real student data,0,0,0,0,0,ai_detection_tool,AI detection fairness stress test
STUD01558,Male,Social Sciences,Low,Medium,Yes,4.17,Yes,0.522,0.599,1,0.648,Yes,Yes,No,No,No,No,No,Synthetic demonstration only - not real student data,1,1,0,0,0,ai_detection_tool,AI detection fairness stress test
STUD01559,Male,STEM,High,Medium,No,3.09,Yes,0.643,0.628,0.376,0.783,Yes,Yes,No,No,No,No,No,Synthetic demonstration only - not real student data,1,1,0,0,0,ai_detection_tool,AI detection fairness stress test
STUD01560,Female,STEM,High,Low,No,3.39,No,0.464,0.66,0.216,0.305,No,No,No,No,No,No,No,Synthetic demonstration only - not real student data,0,0,0,0,0,ai_detection_tool,AI detection fairness stress test
STUD01561,Female,Health,High,Medium,No,2.07,No,0.383,0.195,0.63,0.193,No,No,No,No,No,No,No,Synthetic demonstration only - not real student data,0,0,0,0,0,ai_detection_tool,AI detection fairness stress test
STUD01562,Male,Social Sciences,Low,Medium,No,3.67,Yes,0.666,0.546,0.33,0.745,Yes,Yes,Yes,No,No,No,No,Synthetic demonstration only - not real student data,1,1,0,0,0,ai_detection_tool,AI detection fairness stress test
STUD01563,Male,Arts & Humanities,Medium,Low,Yes,2.99,Yes,0.558,0.591,0.687,0.901,Yes,No,No,No,No,No,No,Synthetic demonstration only - not real student data,1,1,0,0,0,ai_detection_tool,AI detection fairness stress test
STUD01564,Female,Health,Low,Low,No,2.14,Yes,0.704,0.677,0.778,0.604,Yes,No,Yes,Yes,No,No,No,Synthetic demonstration only - not real student data,1,1,0,0,0,ai_detection_tool,AI detection fairness stress test
STUD01565,Male,STEM,Low,High,Yes,3.39,No,0.766,0.284,0.624,0.048,No,No,No,No,No,No,No,Synthetic demonstration only - not real student data,0,0,0,0,0,ai_detection_tool,AI detection fairness stress test
STUD01566,Female,Health,Medium,Medium,No,3.88,Yes,0.531,0.868,0.558,0.612,Yes,Yes,No,No,No,No,No,Synthetic demonstration only - not real student data,1,1,0,0,0,ai_detection_tool,AI detection fairness stress test
STUD01567,Non-disclosed,Education,Medium,Medium,No,2.63,No,0.557,0.558,0.294,0.359,No,No,No,No,No,No,No,Synthetic demonstration only - not real student data,0,0,0,0,0,ai_detection_tool,AI detection fairness stress test
STUD01568,Female,Business,Low,High,Yes,4.2,Yes,0.54,0.67,0.843,0.794,Yes,Yes,Yes,No,No,No,No,Synthetic demonstration only - not real student data,1,1,0,0,0,ai_detection_tool,AI detection fairness stress test
STUD01569,Male,Business,High,Medium,Yes,5,Yes,0.57,0.515,0.677,0.698,Yes,Yes,Yes,Yes,Yes,No,No,Synthetic demonstration only - not real student data,1,1,0,0,1,ai_detection_tool,AI detection fairness stress test
STUD01570,Non-disclosed,Business,Medium,High,Yes,3.9,Yes,0.709,0.404,0.581,0.718,Yes,No,No,No,No,No,No,Synthetic demonstration only - not real student data,1,1,0,0,0,ai_detection_tool,AI detection fairness stress test
STUD01571,Female,Health,Low,Medium,No,3.26,No,0.525,0.072,0.747,0.166,No,No,No,No,No,No,No,Synthetic demonstration only - not real student data,0,0,0,0,0,ai_detection_tool,AI detection fairness stress test
STUD01572,Male,Arts & Humanities,Medium,Medium,No,3.53,No,0.7,0.05,0.34,0.203,No,No,No,No,No,No,No,Synthetic demonstration only - not real student data,0,0,0,0,0,ai_detection_tool,AI detection fairness stress test
STUD01573,Female,Arts & Humanities,Medium,Low,No,3.08,No,0.427,0.423,0.553,0.16,No,No,No,No,No,No,No,Synthetic demonstration only - not real student data,0,0,0,0,0,ai_detection_tool,AI detection fairness stress test
STUD01574,Female,Health,Low,Medium,Yes,2.86,No,0.751,0.532,0.77,0.157,No,No,No,No,No,No,No,Synthetic demonstration only - not real student data,0,0,0,0,0,ai_detection_tool,AI detection fairness stress test
STUD01575,Male,Social Sciences,Medium,Low,No,3.1,No,0.579,0.461,0.122,0.599,Yes,Yes,No,No,No,Yes,No,Synthetic demonstration only - not real student data,0,1,1,0,0,ai_detection_tool,AI detection fairness stress test
STUD01576,Male,Health,Low,High,Yes,3.84,Yes,0.365,0.706,0.893,0.73,Yes,Yes,Yes,No,No,No,No,Synthetic demonstration only - not real student data,1,1,0,0,0,ai_detection_tool,AI detection fairness stress test
STUD01577,Male,STEM,Medium,Medium,No,2.39,Yes,0.614,0.618,0.39,0.7,Yes,No,Yes,No,No,No,No,Synthetic demonstration only - not real student data,1,1,0,0,0,ai_detection_tool,AI detection fairness stress test
STUD01578,Male,Social Sciences,Low,Low,Yes,2.63,No,0.663,0.367,0.6,0.523,No,No,No,No,No,No,No,Synthetic demonstration only - not real student data,0,0,0,0,0,ai_detection_tool,AI detection fairness stress test
STUD01579,Female,Education,Medium,High,No,3.15,Yes,0.66,0.713,0.563,0.897,Yes,Yes,No,No,No,No,No,Synthetic demonstration only - not real student data,1,1,0,0,0,ai_detection_tool,AI detection fairness stress test
STUD01580,Female,Arts & Humanities,Medium,Low,No,2.85,No,0.565,0.289,0.302,0.384,No,No,No,No,No,No,No,Synthetic demonstration only - not real student data,0,0,0,0,0,ai_detection_tool,AI detection fairness stress test
STUD01581,Female,Health,Medium,Low,No,1.66,No,0.566,0.085,0.597,0.532,No,No,No,No,No,No,No,Synthetic demonstration only - not real student data,0,0,0,0,0,ai_detection_tool,AI detection fairness stress test
STUD01582,Male,STEM,Low,Low,No,2.71,No,0.602,0.428,0.514,0.596,Yes,Yes,Yes,Yes,Yes,Yes,No,Synthetic demonstration only - not real student data,0,1,1,0,1,ai_detection_tool,AI detection fairness stress test
STUD01583,Male,STEM,Medium,Low,No,2.83,No,0.417,0.42,0.697,0.289,No,No,No,No,No,No,No,Synthetic demonstration only - not real student data,0,0,0,0,0,ai_detection_tool,AI detection fairness stress test
STUD01584,Male,STEM,Medium,Low,No,2.63,Yes,0.65,0.514,0.784,0.848,Yes,Yes,No,No,No,No,No,Synthetic demonstration only - not real student data,1,1,0,0,0,ai_detection_tool,AI detection fairness stress test
STUD01585,Male,STEM,Medium,Medium,Yes,3.95,Yes,0.628,0.776,0.254,0.914,Yes,Yes,Yes,No,No,No,No,Synthetic demonstration only - not real student data,1,1,0,0,0,ai_detection_tool,AI detection fairness stress test
STUD01586,Female,Arts & Humanities,Low,Low,No,2.47,No,0.785,0.376,0.747,0.263,No,No,No,No,No,No,No,Synthetic demonstration only - not real student data,0,0,0,0,0,ai_detection_tool,AI detection fairness stress test
STUD01587,Male,STEM,High,Low,Yes,4.14,No,0.43,0.475,0,0.424,No,No,No,No,No,No,No,Synthetic demonstration only - not real student data,0,0,0,0,0,ai_detection_tool,AI detection fairness stress test
STUD01588,Male,Social Sciences,Low,Medium,Yes,3.65,Yes,1,0.798,0.838,0.624,Yes,Yes,No,No,No,No,No,Synthetic demonstration only - not real student data,1,1,0,0,0,ai_detection_tool,AI detection fairness stress test
STUD01589,Male,STEM,Medium,Low,Yes,2.75,No,0.653,0.333,0.52,0.3,No,No,No,No,No,No,No,Synthetic demonstration only - not real student data,0,0,0,0,0,ai_detection_tool,AI detection fairness stress test
STUD01590,Male,Business,High,Medium,No,2.18,No,0.614,0.568,0.58,0.414,No,No,No,No,No,No,No,Synthetic demonstration only - not real student data,0,0,0,0,0,ai_detection_tool,AI detection fairness stress test
STUD01591,Male,STEM,High,Low,No,3.79,No,0.605,0.324,0.511,0.388,No,No,No,No,No,No,No,Synthetic demonstration only - not real student data,0,0,0,0,0,ai_detection_tool,AI detection fairness stress test
STUD01592,Male,Education,Medium,Medium,Yes,3.49,Yes,0.725,0.781,1,0.94,Yes,Yes,No,No,No,No,No,Synthetic demonstration only - not real student data,1,1,0,0,0,ai_detection_tool,AI detection fairness stress test
STUD01593,Female,Health,Medium,Medium,No,2.85,No,0.733,0.233,0.656,0.059,No,No,No,No,No,No,No,Synthetic demonstration only - not real student data,0,0,0,0,0,ai_detection_tool,AI detection fairness stress test
STUD01594,Non-disclosed,Health,Medium,Low,No,3.13,No,0.393,0.33,0.512,0.312,No,No,No,No,No,No,No,Synthetic demonstration only - not real student data,0,0,0,0,0,ai_detection_tool,AI detection fairness stress test
STUD01595,Male,Business,High,High,No,4.38,Yes,0.546,0.755,0.552,0.689,Yes,Yes,No,No,No,No,No,Synthetic demonstration only - not real student data,1,1,0,0,0,ai_detection_tool,AI detection fairness stress test
STUD01596,Male,Social Sciences,High,High,Yes,4.32,Yes,0.63,0.632,0.752,0.81,Yes,Yes,Yes,No,No,No,No,Synthetic demonstration only - not real student data,1,1,0,0,0,ai_detection_tool,AI detection fairness stress test
STUD01597,Female,Social Sciences,Low,Low,Yes,3.0,No,0.605,0.421,0.883,0.406,No,No,No,No,No,No,No,Synthetic demonstration only - not real student data,0,0,0,0,0,ai_detection_tool,AI detection fairness stress test
STUD01598,Female,Health,High,Medium,Yes,3.21,Yes,0.567,0.655,0.733,0.805,Yes,Yes,Yes,No,No,No,No,Synthetic demonstration only - not real student data,1,1,0,0,0,ai_detection_tool,AI detection fairness stress test
STUD01599,Female,Business,Medium,Medium,Yes,3.1,No,0.57,0.146,0.484,0.318,No,No,No,No,No,No,No,Synthetic demonstration only - not real student data,0,0,0,0,0,ai_detection_tool,AI detection fairness stress test
STUD01600,Female,Health,High,Low,No,2.65,No,0.524,0.119,0.592,0.236,No,No,No,No,No,No,No,Synthetic demonstration only - not real student data,0,0,0,0,0,ai_detection_tool,AI detection fairness stress test
STUD01601,Male,Social Sciences,Medium,High,Yes,4.25,No,0.385,0.32,0.5,0.069,No,No,No,No,No,No,No,Synthetic demonstration only - not real student data,0,0,0,0,0,ai_detection_tool,AI detection fairness stress test
STUD01602,Female,Social Sciences,High,High,No,3.48,Yes,0.477,0.725,0.632,0.758,Yes,No,Yes,No,No,No,No,Synthetic demonstration only - not real student data,1,1,0,0,0,ai_detection_tool,AI detection fairness stress test
STUD01603,Male,Arts & Humanities,Low,Medium,Yes,4.22,Yes,0.299,0.915,0.911,0.68,Yes,Yes,Yes,No,No,No,No,Synthetic demonstration only - not real student data,1,1,0,0,0,ai_detection_tool,AI detection fairness stress test
STUD01604,Male,Health,Medium,High,No,4.97,Yes,0.501,1,0.8,0.761,Yes,Yes,Yes,No,No,No,No,Synthetic demonstration only - not real student data,1,1,0,0,0,ai_detection_tool,AI detection fairness stress test
STUD01605,Female,Business,Medium,High,Yes,2.72,No,0.437,0.353,0.662,0.284,No,No,No,No,No,No,No,Synthetic demonstration only - not real student data,0,0,0,0,0,ai_detection_tool,AI detection fairness stress test
STUD01606,Female,Education,High,Medium,No,3.27,No,0.68,0.477,0.78,0.233,No,No,No,No,No,No,No,Synthetic demonstration only - not real student data,0,0,0,0,0,ai_detection_tool,AI detection fairness stress test
STUD01607,Male,Business,High,High,Yes,4.53,Yes,0.504,0.653,0.7,0.681,Yes,Yes,Yes,No,No,No,No,Synthetic demonstration only - not real student data,1,1,0,0,0,ai_detection_tool,AI detection fairness stress test
STUD01608,Male,STEM,High,Medium,Yes,4.27,No,0.693,0.394,0.663,0.353,No,No,No,No,No,No,No,Synthetic demonstration only - not real student data,0,0,0,0,0,ai_detection_tool,AI detection fairness stress test
STUD01609,Male,Social Sciences,Medium,Medium,No,2.96,No,0.252,0.472,0.075,0.317,No,No,No,No,No,No,No,Synthetic demonstration only - not real student data,0,0,0,0,0,ai_detection_tool,AI detection fairness stress test
STUD01610,Male,Social Sciences,Low,Low,No,2.95,No,0.759,0.384,0.625,0.368,No,No,No,No,No,No,No,Synthetic demonstration only - not real student data,0,0,0,0,0,ai_detection_tool,AI detection fairness stress test
STUD01611,Male,Business,Low,Medium,No,3.39,No,0.421,0.551,0.76,0.42,No,No,No,No,No,No,No,Synthetic demonstration only - not real student data,0,0,0,0,0,ai_detection_tool,AI detection fairness stress test
STUD01612,Female,STEM,Low,Medium,No,2.59,Yes,0.351,0.662,0.631,0.624,Yes,Yes,No,No,No,No,No,Synthetic demonstration only - not real student data,1,1,0,0,0,ai_detection_tool,AI detection fairness stress test
STUD01613,Male,Health,Medium,Medium,No,3.41,Yes,0.614,0.247,0.827,0.702,Yes,No,Yes,No,No,No,No,Synthetic demonstration only - not real student data,1,1,0,0,0,ai_detection_tool,AI detection fairness stress test
STUD01614,Female,STEM,Medium,Medium,No,2.61,Yes,0.499,0.487,0.708,0.755,Yes,Yes,Yes,No,No,No,No,Synthetic demonstration only - not real student data,1,1,0,0,0,ai_detection_tool,AI detection fairness stress test
STUD01615,Female,STEM,Medium,High,No,4.11,No,0.646,0.082,0.877,0,No,No,No,No,No,No,No,Synthetic demonstration only - not real student data,0,0,0,0,0,ai_detection_tool,AI detection fairness stress test
STUD01616,Male,Business,Medium,Medium,Yes,3.48,Yes,0.874,0.973,0.942,0.76,Yes,Yes,No,No,No,No,No,Synthetic demonstration only - not real student data,1,1,0,0,0,ai_detection_tool,AI detection fairness stress test
STUD01617,Male,Business,Low,High,No,2.74,No,0.57,0.241,0.429,0.228,No,No,No,No,No,No,No,Synthetic demonstration only - not real student data,0,0,0,0,0,ai_detection_tool,AI detection fairness stress test
STUD01618,Non-disclosed,STEM,Medium,Medium,No,3.24,Yes,0.591,0.747,0.846,0.572,Yes,Yes,Yes,No,No,No,No,Synthetic demonstration only - not real student data,1,1,0,0,0,ai_detection_tool,AI detection fairness stress test
STUD01619,Male,STEM,Low,Low,Yes,3.02,Yes,0.395,0.6,0.532,0.64,Yes,Yes,No,No,No,No,No,Synthetic demonstration only - not real student data,1,1,0,0,0,ai_detection_tool,AI detection fairness stress test
STUD01620,Male,STEM,High,Medium,No,4.37,Yes,0.474,0.491,0.706,0.826,Yes,Yes,Yes,Yes,No,No,No,Synthetic demonstration only - not real student data,1,1,0,0,0,ai_detection_tool,AI detection fairness stress test
STUD01621,Female,Business,Medium,Medium,No,3.82,No,0.301,0.261,0.524,0.298,No,No,No,No,No,No,No,Synthetic demonstration only - not real student data,0,0,0,0,0,ai_detection_tool,AI detection fairness stress test
STUD01622,Non-disclosed,Business,Low,High,No,2.74,No,0.621,0.426,0.746,0.481,No,No,No,No,No,No,No,Synthetic demonstration only - not real student data,0,0,0,0,0,ai_detection_tool,AI detection fairness stress test
STUD01623,Female,Health,High,Low,Yes,2.86,No,0.499,0.237,0.896,0.288,No,No,No,No,No,No,No,Synthetic demonstration only - not real student data,0,0,0,0,0,ai_detection_tool,AI detection fairness stress test
STUD01624,Male,Business,Medium,Low,No,2.99,No,0.627,0.322,0.808,0.38,No,No,No,No,No,No,No,Synthetic demonstration only - not real student data,0,0,0,0,0,ai_detection_tool,AI detection fairness stress test
STUD01625,Female,Arts & Humanities,Medium,High,No,3.87,Yes,0.621,0.805,0.583,0.872,Yes,Yes,Yes,No,No,No,No,Synthetic demonstration only - not real student data,1,1,0,0,0,ai_detection_tool,AI detection fairness stress test
STUD01626,Male,Business,Medium,Medium,Yes,3.19,No,0.738,0.51,0.306,0.535,No,No,No,No,No,No,No,Synthetic demonstration only - not real student data,0,0,0,0,0,ai_detection_tool,AI detection fairness stress test
STUD01627,Male,Social Sciences,Medium,High,No,4.83,Yes,0.66,0.537,0.351,0.571,Yes,Yes,Yes,Yes,Yes,No,No,Synthetic demonstration only - not real student data,1,1,0,0,1,ai_detection_tool,AI detection fairness stress test
STUD01628,Female,Arts & Humanities,Medium,Low,No,1.59,Yes,0.781,0.52,0.476,0.599,Yes,Yes,Yes,Yes,No,No,No,Synthetic demonstration only - not real student data,1,1,0,0,0,ai_detection_tool,AI detection fairness stress test
STUD01629,Male,Arts & Humanities,High,Medium,Yes,4.68,Yes,0.682,0.354,0.374,0.855,Yes,Yes,No,No,No,No,No,Synthetic demonstration only - not real student data,1,1,0,0,0,ai_detection_tool,AI detection fairness stress test
STUD01630,Male,Social Sciences,Medium,Medium,Yes,4.69,Yes,0.579,0.751,0.523,0.812,Yes,No,No,No,No,No,No,Synthetic demonstration only - not real student data,1,1,0,0,0,ai_detection_tool,AI detection fairness stress test
STUD01631,Female,Health,Medium,Medium,No,2.65,No,0.631,0.354,0.55,0.197,No,No,No,No,No,No,No,Synthetic demonstration only - not real student data,0,0,0,0,0,ai_detection_tool,AI detection fairness stress test
STUD01632,Female,Health,High,Low,No,1.86,Yes,0.592,0.477,1,0.819,Yes,Yes,No,No,No,No,No,Synthetic demonstration only - not real student data,1,1,0,0,0,ai_detection_tool,AI detection fairness stress test
STUD01633,Male,Education,Medium,Medium,Yes,3.86,Yes,0.33,0.448,0.806,0.66,Yes,No,Yes,No,No,No,No,Synthetic demonstration only - not real student data,1,1,0,0,0,ai_detection_tool,AI detection fairness stress test
STUD01634,Male,STEM,High,Medium,No,4.97,No,0.591,0.247,0.962,0.258,No,No,No,No,No,No,No,Synthetic demonstration only - not real student data,0,0,0,0,0,ai_detection_tool,AI detection fairness stress test
STUD01635,Female,Business,High,High,No,3.9,Yes,0.184,0.846,0.402,0.657,Yes,No,Yes,No,No,No,No,Synthetic demonstration only - not real student data,1,1,0,0,0,ai_detection_tool,AI detection fairness stress test
STUD01636,Male,Business,Low,Medium,No,2.55,No,0.285,0.218,0.611,0.139,No,No,No,No,No,No,No,Synthetic demonstration only - not real student data,0,0,0,0,0,ai_detection_tool,AI detection fairness stress test
STUD01637,Female,STEM,Low,Medium,No,2.12,No,0.738,0.285,0.646,0.271,No,No,No,No,No,No,No,Synthetic demonstration only - not real student data,0,0,0,0,0,ai_detection_tool,AI detection fairness stress test
STUD01638,Male,Social Sciences,Low,High,Yes,3.48,Yes,0.504,0.957,0.806,0.693,Yes,Yes,Yes,No,No,No,No,Synthetic demonstration only - not real student data,1,1,0,0,0,ai_detection_tool,AI detection fairness stress test
STUD01639,Male,Education,Medium,Medium,No,3.34,Yes,0.629,0.648,0.231,0.874,Yes,Yes,Yes,No,No,No,No,Synthetic demonstration only - not real student data,1,1,0,0,0,ai_detection_tool,AI detection fairness stress test
STUD01640,Male,STEM,High,Medium,No,4.23,Yes,0.46,0.726,0.786,0.588,Yes,Yes,No,No,No,No,No,Synthetic demonstration only - not real student data,1,1,0,0,0,ai_detection_tool,AI detection fairness stress test
STUD01641,Female,Business,Low,Medium,No,1.92,No,0.624,0.401,0.363,0.256,No,No,No,No,No,No,No,Synthetic demonstration only - not real student data,0,0,0,0,0,ai_detection_tool,AI detection fairness stress test
STUD01642,Female,Arts & Humanities,Low,Low,No,2.43,No,0.413,0.537,0.556,0.248,No,No,No,No,No,No,No,Synthetic demonstration only - not real student data,0,0,0,0,0,ai_detection_tool,AI detection fairness stress test
STUD01643,Non-disclosed,Health,Medium,Medium,Yes,2.55,Yes,0.571,0.756,0.712,0.537,No,No,No,No,No,No,Yes,Synthetic demonstration only - not real student data,1,0,0,1,0,ai_detection_tool,AI detection fairness stress test
STUD01644,Male,Business,Medium,Medium,Yes,3.98,Yes,0.427,0.608,0.723,0.582,Yes,Yes,No,No,No,No,No,Synthetic demonstration only - not real student data,1,1,0,0,0,ai_detection_tool,AI detection fairness stress test
STUD01645,Male,STEM,Medium,Medium,Yes,3.12,Yes,0.621,0.576,0.557,0.761,Yes,Yes,No,No,No,No,No,Synthetic demonstration only - not real student data,1,1,0,0,0,ai_detection_tool,AI detection fairness stress test
STUD01646,Female,Business,High,Medium,Yes,3.91,Yes,0.7,0.816,0.744,0.913,Yes,Yes,No,No,No,No,No,Synthetic demonstration only - not real student data,1,1,0,0,0,ai_detection_tool,AI detection fairness stress test
STUD01647,Male,Business,Low,High,Yes,4.64,Yes,0.465,0.67,0.599,0.622,Yes,Yes,Yes,No,No,No,No,Synthetic demonstration only - not real student data,1,1,0,0,0,ai_detection_tool,AI detection fairness stress test
STUD01648,Female,Arts & Humanities,Medium,High,Yes,2.54,Yes,0.62,0.334,0.535,0.87,Yes,Yes,Yes,Yes,Yes,No,No,Synthetic demonstration only - not real student data,1,1,0,0,1,ai_detection_tool,AI detection fairness stress test
STUD01649,Male,STEM,High,Medium,No,4.26,Yes,0.393,0.655,0.823,0.867,Yes,Yes,No,No,No,No,No,Synthetic demonstration only - not real student data,1,1,0,0,0,ai_detection_tool,AI detection fairness stress test
STUD01650,Male,STEM,Low,Low,Yes,3.32,No,0.455,0.358,0.724,0.331,No,No,No,No,No,No,No,Synthetic demonstration only - not real student data,0,0,0,0,0,ai_detection_tool,AI detection fairness stress test
STUD01651,Male,STEM,High,Low,No,3.61,No,0.317,0.021,0.256,0.307,No,No,No,No,No,No,No,Synthetic demonstration only - not real student data,0,0,0,0,0,ai_detection_tool,AI detection fairness stress test
STUD01652,Male,STEM,Medium,High,Yes,4.34,No,0.393,0.538,0.73,0.288,No,No,No,No,No,No,No,Synthetic demonstration only - not real student data,0,0,0,0,0,ai_detection_tool,AI detection fairness stress test
STUD01653,Female,Arts & Humanities,Low,Medium,No,2.97,Yes,0.635,0.333,0.868,0.535,No,No,No,No,No,No,Yes,Synthetic demonstration only - not real student data,1,0,0,1,0,ai_detection_tool,AI detection fairness stress test
STUD01654,Female,Social Sciences,Medium,Low,Yes,2.16,No,0.827,0.4,0.753,0.291,No,No,No,No,No,No,No,Synthetic demonstration only - not real student data,0,0,0,0,0,ai_detection_tool,AI detection fairness stress test
STUD01655,Male,Health,High,High,Yes,4.88,No,0.48,0.604,0.443,0.405,No,No,No,No,No,No,No,Synthetic demonstration only - not real student data,0,0,0,0,0,ai_detection_tool,AI detection fairness stress test
STUD01656,Female,STEM,Low,High,No,3.26,Yes,0.533,0.783,0.668,0.654,Yes,Yes,Yes,No,No,No,No,Synthetic demonstration only - not real student data,1,1,0,0,0,ai_detection_tool,AI detection fairness stress test
STUD01657,Male,STEM,Medium,Medium,No,3.57,Yes,0.378,0.812,0.461,0.485,No,No,No,No,No,No,Yes,Synthetic demonstration only - not real student data,1,0,0,1,0,ai_detection_tool,AI detection fairness stress test
STUD01658,Female,Health,Medium,Low,Yes,1.26,No,0.746,0.32,0.546,0.348,No,No,No,No,No,No,No,Synthetic demonstration only - not real student data,0,0,0,0,0,ai_detection_tool,AI detection fairness stress test
STUD01659,Male,STEM,Medium,Medium,Yes,4.38,Yes,0.528,0.772,0.835,0.632,Yes,Yes,Yes,No,No,No,No,Synthetic demonstration only - not real student data,1,1,0,0,0,ai_detection_tool,AI detection fairness stress test
STUD01660,Male,STEM,Medium,High,Yes,4.41,No,0.53,0.413,0.584,0.13,No,No,No,No,No,No,No,Synthetic demonstration only - not real student data,0,0,0,0,0,ai_detection_tool,AI detection fairness stress test
STUD01661,Male,STEM,High,Low,No,3.18,Yes,0.21,0.631,0.637,0.707,Yes,No,Yes,No,No,No,No,Synthetic demonstration only - not real student data,1,1,0,0,0,ai_detection_tool,AI detection fairness stress test
STUD01662,Female,Health,Medium,High,No,3.3,No,0.523,0.468,0.537,0.44,No,No,No,No,No,No,No,Synthetic demonstration only - not real student data,0,0,0,0,0,ai_detection_tool,AI detection fairness stress test
STUD01663,Female,Business,Medium,High,Yes,3.62,Yes,0.578,0.683,0.741,0.795,Yes,Yes,Yes,No,No,No,No,Synthetic demonstration only - not real student data,1,1,0,0,0,ai_detection_tool,AI detection fairness stress test
STUD01664,Female,Education,Low,Low,Yes,1.03,No,0.652,0.266,0.444,0.427,No,No,No,No,No,No,No,Synthetic demonstration only - not real student data,0,0,0,0,0,ai_detection_tool,AI detection fairness stress test
STUD01665,Male,Business,Low,High,Yes,4.02,Yes,0.457,0.798,0.554,0.788,Yes,Yes,Yes,No,No,No,No,Synthetic demonstration only - not real student data,1,1,0,0,0,ai_detection_tool,AI detection fairness stress test
STUD01666,Male,Business,Low,High,No,4.54,No,0.521,0.365,0.595,0.231,No,No,No,No,No,No,No,Synthetic demonstration only - not real student data,0,0,0,0,0,ai_detection_tool,AI detection fairness stress test
STUD01667,Male,Health,High,Medium,No,2.5,Yes,0.26,0.668,0.841,0.733,Yes,Yes,Yes,Yes,No,No,No,Synthetic demonstration only - not real student data,1,1,0,0,0,ai_detection_tool,AI detection fairness stress test
STUD01668,Female,Arts & Humanities,Medium,High,No,4.31,No,0.345,0.797,0.628,0.378,No,No,No,No,No,No,No,Synthetic demonstration only - not real student data,0,0,0,0,0,ai_detection_tool,AI detection fairness stress test
STUD01669,Female,STEM,Medium,Low,Yes,1.23,No,0.784,0.31,0.776,0.278,No,No,No,No,No,No,No,Synthetic demonstration only - not real student data,0,0,0,0,0,ai_detection_tool,AI detection fairness stress test
STUD01670,Male,STEM,High,Low,No,2.48,No,0.364,0.404,0.554,0.286,No,No,No,No,No,No,No,Synthetic demonstration only - not real student data,0,0,0,0,0,ai_detection_tool,AI detection fairness stress test
STUD01671,Male,STEM,Medium,High,Yes,4.46,Yes,0.47,0.695,0.638,0.612,Yes,Yes,Yes,No,No,No,No,Synthetic demonstration only - not real student data,1,1,0,0,0,ai_detection_tool,AI detection fairness stress test
STUD01672,Male,STEM,Low,Medium,Yes,2.2,No,0.388,0.362,0.794,0.197,No,No,No,No,No,No,No,Synthetic demonstration only - not real student data,0,0,0,0,0,ai_detection_tool,AI detection fairness stress test
STUD01673,Female,Arts & Humanities,Medium,High,No,3.84,Yes,0.529,0.484,0.551,0.676,Yes,Yes,No,No,No,No,No,Synthetic demonstration only - not real student data,1,1,0,0,0,ai_detection_tool,AI detection fairness stress test
STUD01674,Male,Business,High,High,Yes,5,Yes,0.39,0.717,0.475,0.536,No,No,No,No,No,No,Yes,Synthetic demonstration only - not real student data,1,0,0,1,0,ai_detection_tool,AI detection fairness stress test
STUD01675,Female,Business,Low,Low,No,1.78,No,0.466,0.292,0.508,0.227,No,No,No,No,No,No,No,Synthetic demonstration only - not real student data,0,0,0,0,0,ai_detection_tool,AI detection fairness stress test
STUD01676,Male,Social Sciences,High,Medium,Yes,4.57,No,0.696,0.141,0.288,0.253,No,No,No,No,No,No,No,Synthetic demonstration only - not real student data,0,0,0,0,0,ai_detection_tool,AI detection fairness stress test
STUD01677,Male,Social Sciences,Medium,Medium,No,4.31,Yes,0.812,0.509,0.621,0.853,Yes,Yes,Yes,No,No,No,No,Synthetic demonstration only - not real student data,1,1,0,0,0,ai_detection_tool,AI detection fairness stress test
STUD01678,Male,Education,Low,High,No,4.56,Yes,0.575,0.79,0.452,0.901,Yes,Yes,Yes,No,No,No,No,Synthetic demonstration only - not real student data,1,1,0,0,0,ai_detection_tool,AI detection fairness stress test
STUD01679,Male,Business,High,High,Yes,3.85,No,0.527,0.588,0.443,0.558,Yes,Yes,Yes,Yes,Yes,Yes,No,Synthetic demonstration only - not real student data,0,1,1,0,1,ai_detection_tool,AI detection fairness stress test
STUD01680,Male,Business,Medium,High,No,4.95,Yes,0.605,0.568,0.751,0.77,Yes,Yes,No,No,No,No,No,Synthetic demonstration only - not real student data,1,1,0,0,0,ai_detection_tool,AI detection fairness stress test
STUD01681,Female,Education,Medium,High,Yes,4.73,No,0.684,0.538,0.635,0.483,No,No,No,No,No,No,No,Synthetic demonstration only - not real student data,0,0,0,0,0,ai_detection_tool,AI detection fairness stress test
STUD01682,Female,Business,Low,Medium,No,3.38,Yes,0.467,0.82,0.836,0.824,Yes,Yes,Yes,Yes,No,No,No,Synthetic demonstration only - not real student data,1,1,0,0,0,ai_detection_tool,AI detection fairness stress test
STUD01683,Male,STEM,Low,Medium,Yes,2.21,No,0.773,0.405,0.567,0.564,Yes,Yes,Yes,No,No,Yes,No,Synthetic demonstration only - not real student data,0,1,1,0,0,ai_detection_tool,AI detection fairness stress test
STUD01684,Male,STEM,Low,Medium,Yes,3.2,Yes,0.813,0.811,0.508,0.594,Yes,Yes,Yes,No,No,No,No,Synthetic demonstration only - not real student data,1,1,0,0,0,ai_detection_tool,AI detection fairness stress test
STUD01685,Female,Arts & Humanities,High,Low,No,2.59,No,0.669,0.395,0.641,0.468,No,No,No,No,No,No,No,Synthetic demonstration only - not real student data,0,0,0,0,0,ai_detection_tool,AI detection fairness stress test
STUD01686,Male,STEM,Low,High,Yes,4.3,Yes,0.714,0.598,0.514,0.728,Yes,No,Yes,No,No,No,No,Synthetic demonstration only - not real student data,1,1,0,0,0,ai_detection_tool,AI detection fairness stress test
STUD01687,Female,Business,Medium,Low,Yes,2.38,Yes,0.727,0.546,0.845,0.637,Yes,No,Yes,No,No,No,No,Synthetic demonstration only - not real student data,1,1,0,0,0,ai_detection_tool,AI detection fairness stress test
STUD01688,Male,STEM,Low,Medium,No,3.35,Yes,0.546,0.786,0.64,0.706,Yes,Yes,Yes,No,No,No,No,Synthetic demonstration only - not real student data,1,1,0,0,0,ai_detection_tool,AI detection fairness stress test
STUD01689,Male,Health,Medium,Medium,Yes,1.52,Yes,0.324,0.842,0.48,0.693,Yes,No,Yes,No,No,No,No,Synthetic demonstration only - not real student data,1,1,0,0,0,ai_detection_tool,AI detection fairness stress test
STUD01690,Female,Health,Medium,Low,No,2.84,No,0.265,0,0.714,0.241,No,No,No,No,No,No,No,Synthetic demonstration only - not real student data,0,0,0,0,0,ai_detection_tool,AI detection fairness stress test
STUD01691,Male,STEM,Medium,High,No,4.4,Yes,0.662,0.623,0.847,0.904,Yes,Yes,Yes,No,No,No,No,Synthetic demonstration only - not real student data,1,1,0,0,0,ai_detection_tool,AI detection fairness stress test
STUD01692,Female,Arts & Humanities,High,Low,No,2.77,No,0.552,0.489,0.761,0.338,No,No,No,No,No,No,No,Synthetic demonstration only - not real student data,0,0,0,0,0,ai_detection_tool,AI detection fairness stress test
STUD01693,Female,Arts & Humanities,Medium,Medium,No,2.15,No,0.67,0.463,0.454,0.232,No,No,No,No,No,No,No,Synthetic demonstration only - not real student data,0,0,0,0,0,ai_detection_tool,AI detection fairness stress test
STUD01694,Male,Business,Medium,Medium,No,3.92,No,0.734,0.47,0.607,0.296,No,No,No,No,No,No,No,Synthetic demonstration only - not real student data,0,0,0,0,0,ai_detection_tool,AI detection fairness stress test
STUD01695,Female,Arts & Humanities,Low,Medium,Yes,1.49,Yes,0.746,0.672,0.678,0.656,Yes,Yes,No,No,No,No,No,Synthetic demonstration only - not real student data,1,1,0,0,0,ai_detection_tool,AI detection fairness stress test
STUD01696,Male,Business,Low,Medium,Yes,3.34,No,0.895,0.447,0.639,0.43,No,No,No,No,No,No,No,Synthetic demonstration only - not real student data,0,0,0,0,0,ai_detection_tool,AI detection fairness stress test
STUD01697,Female,Arts & Humanities,Low,Medium,Yes,2.31,Yes,0.453,0.468,0.858,0.729,Yes,No,Yes,No,No,No,No,Synthetic demonstration only - not real student data,1,1,0,0,0,ai_detection_tool,AI detection fairness stress test
STUD01698,Female,Education,Medium,High,No,3.39,No,0.543,0.267,0.435,0.15,No,No,No,No,No,No,No,Synthetic demonstration only - not real student data,0,0,0,0,0,ai_detection_tool,AI detection fairness stress test
STUD01699,Female,Health,High,Medium,Yes,2.77,Yes,0.58,0.567,1,0.63,Yes,No,Yes,No,No,No,No,Synthetic demonstration only - not real student data,1,1,0,0,0,ai_detection_tool,AI detection fairness stress test
STUD01700,Female,Health,High,Low,Yes,1.71,Yes,0.495,0.498,0.919,0.901,Yes,Yes,Yes,No,No,No,No,Synthetic demonstration only - not real student data,1,1,0,0,0,ai_detection_tool,AI detection fairness stress test
STUD01701,Male,Health,Medium,High,Yes,4.07,Yes,0.521,0.731,0.759,0.887,Yes,Yes,No,No,No,No,No,Synthetic demonstration only - not real student data,1,1,0,0,0,ai_detection_tool,AI detection fairness stress test
STUD01702,Male,STEM,High,Low,No,3.62,No,0.299,0.318,0.442,0.16,No,No,No,No,No,No,No,Synthetic demonstration only - not real student data,0,0,0,0,0,ai_detection_tool,AI detection fairness stress test
STUD01703,Male,STEM,Low,Low,No,3.94,No,0.462,0.337,0.628,0.285,No,No,No,No,No,No,No,Synthetic demonstration only - not real student data,0,0,0,0,0,ai_detection_tool,AI detection fairness stress test
STUD01704,Male,Education,Low,Medium,Yes,1.94,Yes,0.81,0.705,0.47,0.675,Yes,Yes,No,No,No,No,No,Synthetic demonstration only - not real student data,1,1,0,0,0,ai_detection_tool,AI detection fairness stress test
STUD01705,Female,Health,Low,High,No,3.35,Yes,0.501,0.742,0.386,0.701,Yes,Yes,Yes,No,No,No,No,Synthetic demonstration only - not real student data,1,1,0,0,0,ai_detection_tool,AI detection fairness stress test
STUD01706,Male,Business,Low,Low,No,2.92,Yes,0.636,0.61,0.883,0.639,Yes,Yes,No,No,No,No,No,Synthetic demonstration only - not real student data,1,1,0,0,0,ai_detection_tool,AI detection fairness stress test
STUD01707,Male,Arts & Humanities,Medium,High,No,5,Yes,0.717,0.417,0.694,0.849,Yes,No,Yes,No,No,No,No,Synthetic demonstration only - not real student data,1,1,0,0,0,ai_detection_tool,AI detection fairness stress test
STUD01708,Female,Education,High,Medium,No,3.23,No,0.705,0.511,0.545,0.546,No,No,No,No,No,No,No,Synthetic demonstration only - not real student data,0,0,0,0,0,ai_detection_tool,AI detection fairness stress test
STUD01709,Male,Arts & Humanities,Medium,High,Yes,5,No,0.644,0.468,0.66,0.247,No,No,No,No,No,No,No,Synthetic demonstration only - not real student data,0,0,0,0,0,ai_detection_tool,AI detection fairness stress test
STUD01710,Male,STEM,Low,High,Yes,3.73,Yes,0.22,0.675,0.764,0.65,Yes,Yes,Yes,Yes,No,No,No,Synthetic demonstration only - not real student data,1,1,0,0,0,ai_detection_tool,AI detection fairness stress test
STUD01711,Male,Arts & Humanities,High,High,No,3.52,No,0.944,0.514,0.562,0.191,No,No,No,No,No,No,No,Synthetic demonstration only - not real student data,0,0,0,0,0,ai_detection_tool,AI detection fairness stress test
STUD01712,Female,Arts & Humanities,Medium,Medium,Yes,3.01,Yes,0.477,0.621,0.627,0.697,Yes,Yes,No,No,No,No,No,Synthetic demonstration only - not real student data,1,1,0,0,0,ai_detection_tool,AI detection fairness stress test
STUD01713,Male,STEM,Medium,Medium,Yes,3.89,Yes,0.578,0.543,0.56,0.57,Yes,No,Yes,No,No,No,No,Synthetic demonstration only - not real student data,1,1,0,0,0,ai_detection_tool,AI detection fairness stress test
STUD01714,Male,STEM,High,Medium,Yes,2.82,No,0.469,0.275,0.289,0.254,No,No,No,No,No,No,No,Synthetic demonstration only - not real student data,0,0,0,0,0,ai_detection_tool,AI detection fairness stress test
STUD01715,Female,STEM,Medium,Low,Yes,2.0,Yes,0.361,0.53,0.554,0.724,Yes,Yes,No,No,No,No,No,Synthetic demonstration only - not real student data,1,1,0,0,0,ai_detection_tool,AI detection fairness stress test
STUD01716,Male,Business,Low,Medium,No,3.47,No,0.276,0.535,0.511,0.217,No,No,No,No,No,No,No,Synthetic demonstration only - not real student data,0,0,0,0,0,ai_detection_tool,AI detection fairness stress test
STUD01717,Female,Health,High,Low,Yes,2.4,No,0.62,0.314,0.571,0.232,No,No,No,No,No,No,No,Synthetic demonstration only - not real student data,0,0,0,0,0,ai_detection_tool,AI detection fairness stress test
STUD01718,Female,Arts & Humanities,Medium,Low,No,3.3,No,0.825,0.249,0.91,0.303,No,No,No,No,No,No,No,Synthetic demonstration only - not real student data,0,0,0,0,0,ai_detection_tool,AI detection fairness stress test
STUD01719,Male,STEM,Medium,High,Yes,3.48,Yes,0.763,0.529,0.702,0.659,Yes,Yes,No,No,No,No,No,Synthetic demonstration only - not real student data,1,1,0,0,0,ai_detection_tool,AI detection fairness stress test
STUD01720,Male,STEM,Medium,Low,No,4.01,No,0.681,0.301,0.469,0.298,No,No,No,No,No,No,No,Synthetic demonstration only - not real student data,0,0,0,0,0,ai_detection_tool,AI detection fairness stress test
STUD01721,Male,Business,High,Medium,No,3.99,Yes,0.472,0.652,0.875,0.65,Yes,Yes,Yes,Yes,No,No,No,Synthetic demonstration only - not real student data,1,1,0,0,0,ai_detection_tool,AI detection fairness stress test
STUD01722,Female,Arts & Humanities,Medium,High,Yes,3.86,No,0.307,0.734,0.988,0.145,No,No,No,No,No,No,No,Synthetic demonstration only - not real student data,0,0,0,0,0,ai_detection_tool,AI detection fairness stress test
STUD01723,Male,STEM,Medium,High,No,3.67,No,0.487,0.401,0.191,0.171,No,No,No,No,No,No,No,Synthetic demonstration only - not real student data,0,0,0,0,0,ai_detection_tool,AI detection fairness stress test
STUD01724,Male,Business,High,Low,No,3.61,No,0.524,0.513,0.967,0.415,No,No,No,No,No,No,No,Synthetic demonstration only - not real student data,0,0,0,0,0,ai_detection_tool,AI detection fairness stress test
STUD01725,Male,Social Sciences,Low,High,Yes,3.53,No,0.622,0.827,0.9,0.335,No,No,No,No,No,No,No,Synthetic demonstration only - not real student data,0,0,0,0,0,ai_detection_tool,AI detection fairness stress test
STUD01726,Male,STEM,High,Low,No,3.24,No,0.654,0.496,0.549,0.317,No,No,No,No,No,No,No,Synthetic demonstration only - not real student data,0,0,0,0,0,ai_detection_tool,AI detection fairness stress test
STUD01727,Male,Health,High,High,No,4.15,Yes,0.315,0.785,0.712,0.749,Yes,Yes,No,No,No,No,No,Synthetic demonstration only - not real student data,1,1,0,0,0,ai_detection_tool,AI detection fairness stress test
STUD01728,Male,STEM,Medium,Medium,No,2.85,No,0.45,0.439,0.645,0.017,No,No,No,No,No,No,No,Synthetic demonstration only - not real student data,0,0,0,0,0,ai_detection_tool,AI detection fairness stress test
STUD01729,Female,Social Sciences,High,Low,No,3.04,No,0.635,0.352,0.782,0.231,No,No,No,No,No,No,No,Synthetic demonstration only - not real student data,0,0,0,0,0,ai_detection_tool,AI detection fairness stress test
STUD01730,Male,Health,Low,Medium,No,3.47,No,0.699,0.281,0.858,0.244,No,No,No,No,No,No,No,Synthetic demonstration only - not real student data,0,0,0,0,0,ai_detection_tool,AI detection fairness stress test
STUD01731,Male,Social Sciences,High,Low,Yes,1.84,Yes,0.57,0.549,0.586,0.877,Yes,Yes,Yes,No,No,No,No,Synthetic demonstration only - not real student data,1,1,0,0,0,ai_detection_tool,AI detection fairness stress test
STUD01732,Male,Social Sciences,High,Low,No,2.87,No,0.641,0.041,0.686,0.28,No,No,No,No,No,No,No,Synthetic demonstration only - not real student data,0,0,0,0,0,ai_detection_tool,AI detection fairness stress test
STUD01733,Male,Business,Low,Low,Yes,3.23,No,0.606,0.269,0.788,0.437,No,No,No,No,No,No,No,Synthetic demonstration only - not real student data,0,0,0,0,0,ai_detection_tool,AI detection fairness stress test
STUD01734,Male,Arts & Humanities,High,Low,Yes,3.21,Yes,0.82,0.711,0.457,0.555,Yes,Yes,Yes,No,No,No,No,Synthetic demonstration only - not real student data,1,1,0,0,0,ai_detection_tool,AI detection fairness stress test
STUD01735,Male,Business,Low,Low,No,2.9,No,0.564,0.381,0.687,0.418,No,No,No,No,No,No,No,Synthetic demonstration only - not real student data,0,0,0,0,0,ai_detection_tool,AI detection fairness stress test
STUD01736,Female,Arts & Humanities,Low,Low,No,2.34,No,0.76,0.29,0.639,0.428,No,No,No,No,No,No,No,Synthetic demonstration only - not real student data,0,0,0,0,0,ai_detection_tool,AI detection fairness stress test
STUD01737,Non-disclosed,Social Sciences,Medium,High,Yes,3.16,No,0.89,0.478,0.373,0.529,No,No,No,No,No,No,No,Synthetic demonstration only - not real student data,0,0,0,0,0,ai_detection_tool,AI detection fairness stress test
STUD01738,Male,Social Sciences,Medium,Low,No,2.86,Yes,0.456,0.577,0.61,0.867,Yes,No,Yes,No,No,No,No,Synthetic demonstration only - not real student data,1,1,0,0,0,ai_detection_tool,AI detection fairness stress test
STUD01739,Male,STEM,Medium,Low,No,2.84,No,0.232,0.389,0.43,0.272,No,No,No,No,No,No,No,Synthetic demonstration only - not real student data,0,0,0,0,0,ai_detection_tool,AI detection fairness stress test
STUD01740,Male,STEM,High,High,Yes,3.36,Yes,0.509,0.718,0.835,0.701,Yes,No,Yes,No,No,No,No,Synthetic demonstration only - not real student data,1,1,0,0,0,ai_detection_tool,AI detection fairness stress test
STUD01741,Male,STEM,Low,Medium,No,2.49,No,0.348,0.498,0.843,0.365,No,No,No,No,No,No,No,Synthetic demonstration only - not real student data,0,0,0,0,0,ai_detection_tool,AI detection fairness stress test
STUD01742,Female,Health,Medium,Medium,Yes,3.12,No,0.733,0.285,0.266,0.487,No,No,No,No,No,No,No,Synthetic demonstration only - not real student data,0,0,0,0,0,ai_detection_tool,AI detection fairness stress test
STUD01743,Male,Arts & Humanities,Medium,Low,No,3.33,No,0.715,0.121,0.957,0.147,No,No,No,No,No,No,No,Synthetic demonstration only - not real student data,0,0,0,0,0,ai_detection_tool,AI detection fairness stress test
STUD01744,Male,STEM,Low,Low,No,3.52,Yes,0.618,0.643,0.781,0.744,Yes,No,Yes,No,No,No,No,Synthetic demonstration only - not real student data,1,1,0,0,0,ai_detection_tool,AI detection fairness stress test
STUD01745,Female,Health,Low,Medium,No,2.31,No,0.407,0.344,0.52,0.253,No,No,No,No,No,No,No,Synthetic demonstration only - not real student data,0,0,0,0,0,ai_detection_tool,AI detection fairness stress test
STUD01746,Male,STEM,High,High,No,3.96,No,0.563,0.385,0.66,0.488,No,No,No,No,No,No,No,Synthetic demonstration only - not real student data,0,0,0,0,0,ai_detection_tool,AI detection fairness stress test
STUD01747,Female,Business,Low,Low,Yes,2.24,Yes,0.602,0.532,0.768,0.874,Yes,Yes,Yes,No,No,No,No,Synthetic demonstration only - not real student data,1,1,0,0,0,ai_detection_tool,AI detection fairness stress test
STUD01748,Male,Social Sciences,Medium,Low,No,3.59,No,0.782,0.338,0.51,0.547,No,No,No,No,No,No,No,Synthetic demonstration only - not real student data,0,0,0,0,0,ai_detection_tool,AI detection fairness stress test
STUD01749,Female,Health,Low,High,Yes,4.32,No,0.387,0.478,0.575,0.27,No,No,No,No,No,No,No,Synthetic demonstration only - not real student data,0,0,0,0,0,ai_detection_tool,AI detection fairness stress test
STUD01750,Male,Education,Medium,Medium,No,3.01,No,0.597,0.119,0.646,0.244,No,No,No,No,No,No,No,Synthetic demonstration only - not real student data,0,0,0,0,0,ai_detection_tool,AI detection fairness stress test
STUD01751,Female,Business,Medium,Medium,No,1.89,Yes,0.851,0.476,0.826,0.691,Yes,Yes,Yes,No,No,No,No,Synthetic demonstration only - not real student data,1,1,0,0,0,ai_detection_tool,AI detection fairness stress test
STUD01752,Female,Business,Low,Medium,No,3.23,No,0.675,0.419,0.529,0.326,No,No,No,No,No,No,No,Synthetic demonstration only - not real student data,0,0,0,0,0,ai_detection_tool,AI detection fairness stress test
STUD01753,Female,Health,Low,High,No,3.44,No,0.54,0.646,0.795,0.168,No,No,No,No,No,No,No,Synthetic demonstration only - not real student data,0,0,0,0,0,ai_detection_tool,AI detection fairness stress test
STUD01754,Non-disclosed,STEM,Medium,Medium,Yes,2.65,Yes,0.447,0.574,0.584,0.515,No,No,No,No,No,No,Yes,Synthetic demonstration only - not real student data,1,0,0,1,0,ai_detection_tool,AI detection fairness stress test
STUD01755,Female,Business,Medium,Medium,Yes,3.77,Yes,0.71,0.623,0.736,0.705,Yes,Yes,No,No,No,No,No,Synthetic demonstration only - not real student data,1,1,0,0,0,ai_detection_tool,AI detection fairness stress test
STUD01756,Female,Education,Low,Medium,Yes,2.23,No,0.772,0.357,0.723,0.385,No,No,No,No,No,No,No,Synthetic demonstration only - not real student data,0,0,0,0,0,ai_detection_tool,AI detection fairness stress test
STUD01757,Male,Social Sciences,Medium,Medium,Yes,3.22,Yes,0.633,0.439,0.593,0.619,Yes,Yes,Yes,No,No,No,No,Synthetic demonstration only - not real student data,1,1,0,0,0,ai_detection_tool,AI detection fairness stress test
STUD01758,Male,Health,Medium,Medium,No,3.21,No,0.484,0.302,0.34,0.294,No,No,No,No,No,No,No,Synthetic demonstration only - not real student data,0,0,0,0,0,ai_detection_tool,AI detection fairness stress test
STUD01759,Female,Business,High,Low,Yes,3.11,Yes,0.276,0.465,0.791,0.639,Yes,Yes,Yes,No,No,No,No,Synthetic demonstration only - not real student data,1,1,0,0,0,ai_detection_tool,AI detection fairness stress test
STUD01760,Female,Business,Low,High,Yes,4.69,Yes,0.485,0.781,0.894,0.705,Yes,Yes,No,No,No,No,No,Synthetic demonstration only - not real student data,1,1,0,0,0,ai_detection_tool,AI detection fairness stress test
STUD01761,Female,Arts & Humanities,Medium,Low,Yes,2.28,Yes,0.661,0.608,0.771,0.795,Yes,Yes,Yes,No,No,No,No,Synthetic demonstration only - not real student data,1,1,0,0,0,ai_detection_tool,AI detection fairness stress test
STUD01762,Male,Health,Low,Medium,No,3.98,No,0.699,0.367,0.822,0.358,No,No,No,No,No,No,No,Synthetic demonstration only - not real student data,0,0,0,0,0,ai_detection_tool,AI detection fairness stress test
STUD01763,Female,Social Sciences,Medium,Low,No,1.92,No,0.526,0.598,0.415,0.348,No,No,No,No,No,No,No,Synthetic demonstration only - not real student data,0,0,0,0,0,ai_detection_tool,AI detection fairness stress test
STUD01764,Female,Education,Low,Medium,Yes,3.15,No,0.539,0.603,0.401,0.388,No,No,No,No,No,No,No,Synthetic demonstration only - not real student data,0,0,0,0,0,ai_detection_tool,AI detection fairness stress test
STUD01765,Female,Health,Low,Low,Yes,2.33,No,0.378,0.308,0.397,0.331,No,No,No,No,No,No,No,Synthetic demonstration only - not real student data,0,0,0,0,0,ai_detection_tool,AI detection fairness stress test
STUD01766,Male,Business,Medium,Low,No,3.07,No,0.629,0.587,0.46,0.231,No,No,No,No,No,No,No,Synthetic demonstration only - not real student data,0,0,0,0,0,ai_detection_tool,AI detection fairness stress test
STUD01767,Female,Health,Medium,Low,No,2.45,No,0.564,0.447,0.475,0.39,No,No,No,No,No,No,No,Synthetic demonstration only - not real student data,0,0,0,0,0,ai_detection_tool,AI detection fairness stress test
STUD01768,Male,Social Sciences,Medium,Medium,No,2.36,Yes,0.692,0.806,0.665,1,Yes,Yes,No,No,No,No,No,Synthetic demonstration only - not real student data,1,1,0,0,0,ai_detection_tool,AI detection fairness stress test
STUD01769,Male,Arts & Humanities,Low,Low,Yes,2.41,No,0.585,0.521,0.719,0.394,No,No,No,No,No,No,No,Synthetic demonstration only - not real student data,0,0,0,0,0,ai_detection_tool,AI detection fairness stress test
STUD01770,Male,STEM,Medium,Medium,No,4.7,No,0.188,0.33,0.819,0.246,No,No,No,No,No,No,No,Synthetic demonstration only - not real student data,0,0,0,0,0,ai_detection_tool,AI detection fairness stress test
STUD01771,Female,Business,High,Low,No,3.1,No,0.634,0.18,0.618,0.255,No,No,No,No,No,No,No,Synthetic demonstration only - not real student data,0,0,0,0,0,ai_detection_tool,AI detection fairness stress test
STUD01772,Female,Social Sciences,Low,Low,No,1.51,No,0.71,0.32,0.725,0.532,No,No,No,No,No,No,No,Synthetic demonstration only - not real student data,0,0,0,0,0,ai_detection_tool,AI detection fairness stress test
STUD01773,Female,Health,High,Medium,No,2.75,No,0.543,0.173,0.699,0.237,No,No,No,No,No,No,No,Synthetic demonstration only - not real student data,0,0,0,0,0,ai_detection_tool,AI detection fairness stress test
STUD01774,Female,Social Sciences,Low,Medium,No,2.74,Yes,0.551,0.642,0.596,0.765,Yes,Yes,Yes,No,No,No,No,Synthetic demonstration only - not real student data,1,1,0,0,0,ai_detection_tool,AI detection fairness stress test
STUD01775,Female,Health,High,Low,No,2.79,Yes,0.39,0.705,0.544,0.673,Yes,Yes,No,No,No,No,No,Synthetic demonstration only - not real student data,1,1,0,0,0,ai_detection_tool,AI detection fairness stress test
STUD01776,Male,Business,Medium,Medium,No,2.38,No,0.435,0.418,0.624,0.214,No,No,No,No,No,No,No,Synthetic demonstration only - not real student data,0,0,0,0,0,ai_detection_tool,AI detection fairness stress test
STUD01777,Female,Health,Medium,Medium,No,3.29,No,0.369,0.368,0.735,0.408,No,No,No,No,No,No,No,Synthetic demonstration only - not real student data,0,0,0,0,0,ai_detection_tool,AI detection fairness stress test
STUD01778,Female,Arts & Humanities,Low,Medium,No,3.27,Yes,0.366,0.526,0.502,0.527,No,No,No,No,No,No,Yes,Synthetic demonstration only - not real student data,1,0,0,1,0,ai_detection_tool,AI detection fairness stress test
STUD01779,Male,Arts & Humanities,Medium,High,Yes,3.27,Yes,0.494,0.533,0.567,0.646,Yes,No,Yes,No,No,No,No,Synthetic demonstration only - not real student data,1,1,0,0,0,ai_detection_tool,AI detection fairness stress test
STUD01780,Female,Education,Medium,Medium,Yes,3.57,Yes,0.597,0.857,0.765,0.731,Yes,Yes,No,No,No,No,No,Synthetic demonstration only - not real student data,1,1,0,0,0,ai_detection_tool,AI detection fairness stress test
STUD01781,Male,Social Sciences,Medium,Medium,No,4.04,Yes,0.524,0.758,0.577,0.95,Yes,Yes,Yes,No,No,No,No,Synthetic demonstration only - not real student data,1,1,0,0,0,ai_detection_tool,AI detection fairness stress test
STUD01782,Non-disclosed,Education,Low,Low,No,2.5,No,0.846,0.15,0.446,0.532,No,No,No,No,No,No,No,Synthetic demonstration only - not real student data,0,0,0,0,0,ai_detection_tool,AI detection fairness stress test
STUD01783,Male,STEM,Medium,Medium,No,2.29,No,0.536,0.056,0.485,0.326,No,No,No,No,No,No,No,Synthetic demonstration only - not real student data,0,0,0,0,0,ai_detection_tool,AI detection fairness stress test
STUD01784,Male,Arts & Humanities,Medium,Low,No,3.51,No,0.561,0.361,0.378,0.015,No,No,No,No,No,No,No,Synthetic demonstration only - not real student data,0,0,0,0,0,ai_detection_tool,AI detection fairness stress test
STUD01785,Female,Health,Medium,Medium,Yes,3.04,No,0.351,0.462,0.516,0.475,No,No,No,No,No,No,No,Synthetic demonstration only - not real student data,0,0,0,0,0,ai_detection_tool,AI detection fairness stress test
STUD01786,Male,Arts & Humanities,Medium,Medium,No,3.7,Yes,0.548,0.56,0.881,0.713,Yes,No,Yes,No,No,No,No,Synthetic demonstration only - not real student data,1,1,0,0,0,ai_detection_tool,AI detection fairness stress test
STUD01787,Female,Education,High,Low,Yes,2.39,Yes,0.617,0.468,1,0.71,Yes,Yes,Yes,No,No,No,No,Synthetic demonstration only - not real student data,1,1,0,0,0,ai_detection_tool,AI detection fairness stress test
STUD01788,Male,Social Sciences,High,Medium,Yes,2.72,No,0.977,0.609,0.614,0.525,No,No,No,No,No,No,No,Synthetic demonstration only - not real student data,0,0,0,0,0,ai_detection_tool,AI detection fairness stress test
STUD01789,Female,STEM,Low,Medium,No,2.21,Yes,0.62,0.603,0.475,0.638,Yes,Yes,Yes,No,No,No,No,Synthetic demonstration only - not real student data,1,1,0,0,0,ai_detection_tool,AI detection fairness stress test
STUD01790,Male,STEM,Medium,High,Yes,4.41,Yes,0.752,0.939,0.766,0.908,Yes,No,No,No,No,No,No,Synthetic demonstration only - not real student data,1,1,0,0,0,ai_detection_tool,AI detection fairness stress test
STUD01791,Female,Health,High,High,No,3.66,No,0.346,0.392,0.58,0.091,No,No,No,No,No,No,No,Synthetic demonstration only - not real student data,0,0,0,0,0,ai_detection_tool,AI detection fairness stress test
STUD01792,Female,Social Sciences,Medium,Medium,Yes,2.23,No,0.615,0.421,0.45,0.238,No,No,No,No,No,No,No,Synthetic demonstration only - not real student data,0,0,0,0,0,ai_detection_tool,AI detection fairness stress test
STUD01793,Female,Arts & Humanities,Medium,High,Yes,3.55,No,0.618,0.249,0.364,0.138,No,No,No,No,No,No,No,Synthetic demonstration only - not real student data,0,0,0,0,0,ai_detection_tool,AI detection fairness stress test
STUD01794,Male,Education,Medium,Medium,No,3.66,Yes,0.593,0.757,0.675,0.866,Yes,Yes,Yes,No,No,No,No,Synthetic demonstration only - not real student data,1,1,0,0,0,ai_detection_tool,AI detection fairness stress test
STUD01795,Female,Business,Medium,Medium,No,2.81,No,0.702,0.222,0.456,0.233,No,No,No,No,No,No,No,Synthetic demonstration only - not real student data,0,0,0,0,0,ai_detection_tool,AI detection fairness stress test
STUD01796,Female,STEM,High,Low,No,2.3,Yes,0.427,0.476,0.752,0.873,Yes,Yes,No,No,No,No,No,Synthetic demonstration only - not real student data,1,1,0,0,0,ai_detection_tool,AI detection fairness stress test
STUD01797,Male,STEM,Low,Medium,No,2.51,Yes,0.36,0.605,0.969,0.757,Yes,Yes,Yes,Yes,No,No,No,Synthetic demonstration only - not real student data,1,1,0,0,0,ai_detection_tool,AI detection fairness stress test
STUD01798,Male,Business,Medium,Medium,No,3.6,No,0.624,0.464,0.361,0.323,No,No,No,No,No,No,No,Synthetic demonstration only - not real student data,0,0,0,0,0,ai_detection_tool,AI detection fairness stress test
STUD01799,Female,Social Sciences,Low,Medium,Yes,1.87,No,0.605,0.289,0.853,0.412,No,No,No,No,No,No,No,Synthetic demonstration only - not real student data,0,0,0,0,0,ai_detection_tool,AI detection fairness stress test
STUD01800,Male,STEM,Low,Medium,No,2.69,Yes,0.687,0.631,0.616,0.625,Yes,Yes,No,No,No,No,No,Synthetic demonstration only - not real student data,1,1,0,0,0,ai_detection_tool,AI detection fairness stress test
STUD01801,Male,STEM,Medium,Medium,No,3.87,No,0.821,0.334,0.382,0.393,No,No,No,No,No,No,No,Synthetic demonstration only - not real student data,0,0,0,0,0,ai_detection_tool,AI detection fairness stress test
STUD01802,Male,Arts & Humanities,Medium,High,No,4.89,Yes,0.813,0.552,0.422,0.759,Yes,Yes,Yes,No,No,No,No,Synthetic demonstration only - not real student data,1,1,0,0,0,ai_detection_tool,AI detection fairness stress test
STUD01803,Female,Business,Medium,Low,No,3.17,Yes,0.544,0.771,0.845,0.818,Yes,Yes,Yes,No,No,No,No,Synthetic demonstration only - not real student data,1,1,0,0,0,ai_detection_tool,AI detection fairness stress test
STUD01804,Non-disclosed,Education,Medium,Low,No,3.27,Yes,0.624,0.375,0.328,0.825,Yes,No,Yes,No,No,No,No,Synthetic demonstration only - not real student data,1,1,0,0,0,ai_detection_tool,AI detection fairness stress test
STUD01805,Female,Health,High,Medium,No,2.31,Yes,0.399,0.7,0.448,0.701,Yes,Yes,No,No,No,No,No,Synthetic demonstration only - not real student data,1,1,0,0,0,ai_detection_tool,AI detection fairness stress test
STUD01806,Male,Business,Low,Medium,No,3.8,Yes,0.371,0.648,0.823,0.753,Yes,Yes,Yes,No,No,No,No,Synthetic demonstration only - not real student data,1,1,0,0,0,ai_detection_tool,AI detection fairness stress test
STUD01807,Non-disclosed,Health,Low,Medium,No,3.08,No,0.641,0.225,0.667,0.465,No,No,No,No,No,No,No,Synthetic demonstration only - not real student data,0,0,0,0,0,ai_detection_tool,AI detection fairness stress test
STUD01808,Male,Business,Medium,Low,No,1.74,Yes,0.778,0.506,0.427,0.662,Yes,Yes,Yes,No,No,No,No,Synthetic demonstration only - not real student data,1,1,0,0,0,ai_detection_tool,AI detection fairness stress test
STUD01809,Male,STEM,High,Medium,No,2.98,No,0.672,0.3,0.543,0.357,No,No,No,No,No,No,No,Synthetic demonstration only - not real student data,0,0,0,0,0,ai_detection_tool,AI detection fairness stress test
STUD01810,Female,Social Sciences,Medium,Medium,No,2.17,Yes,0.73,0.772,0.769,0.878,Yes,Yes,Yes,No,No,No,No,Synthetic demonstration only - not real student data,1,1,0,0,0,ai_detection_tool,AI detection fairness stress test
STUD01811,Male,STEM,Medium,Medium,No,4.11,No,0.329,0.336,0.566,0.258,No,No,No,No,No,No,No,Synthetic demonstration only - not real student data,0,0,0,0,0,ai_detection_tool,AI detection fairness stress test
STUD01812,Male,Business,High,Medium,No,3.51,No,0.624,0.378,0.431,0.416,No,No,No,No,No,No,No,Synthetic demonstration only - not real student data,0,0,0,0,0,ai_detection_tool,AI detection fairness stress test
STUD01813,Male,Business,High,High,No,3.52,Yes,0.244,0.609,0.854,0.559,Yes,Yes,No,No,No,No,No,Synthetic demonstration only - not real student data,1,1,0,0,0,ai_detection_tool,AI detection fairness stress test
STUD01814,Female,Health,Medium,Medium,No,2.04,No,0.269,0.355,0.54,0.301,No,No,No,No,No,No,No,Synthetic demonstration only - not real student data,0,0,0,0,0,ai_detection_tool,AI detection fairness stress test
STUD01815,Female,Arts & Humanities,High,Low,Yes,2.38,Yes,0.812,0.671,0.66,0.875,Yes,Yes,Yes,Yes,No,No,No,Synthetic demonstration only - not real student data,1,1,0,0,0,ai_detection_tool,AI detection fairness stress test
STUD01816,Non-disclosed,STEM,Medium,Medium,No,3.48,No,0.559,0.399,0.312,0.128,No,No,No,No,No,No,No,Synthetic demonstration only - not real student data,0,0,0,0,0,ai_detection_tool,AI detection fairness stress test
STUD01817,Female,Arts & Humanities,High,Low,Yes,3.81,No,0.592,0.218,0.789,0.298,No,No,No,No,No,No,No,Synthetic demonstration only - not real student data,0,0,0,0,0,ai_detection_tool,AI detection fairness stress test
STUD01818,Male,STEM,High,High,No,5,Yes,0.766,0.418,0.656,0.63,Yes,Yes,Yes,No,No,No,No,Synthetic demonstration only - not real student data,1,1,0,0,0,ai_detection_tool,AI detection fairness stress test
STUD01819,Female,Arts & Humanities,High,Medium,Yes,3.78,No,0.588,0.556,0.954,0.242,No,No,No,No,No,No,No,Synthetic demonstration only - not real student data,0,0,0,0,0,ai_detection_tool,AI detection fairness stress test
STUD01820,Female,Arts & Humanities,Medium,High,Yes,2.76,Yes,0.577,0.684,0.321,0.642,Yes,Yes,No,No,No,No,No,Synthetic demonstration only - not real student data,1,1,0,0,0,ai_detection_tool,AI detection fairness stress test
STUD01821,Non-disclosed,STEM,Low,Low,No,2.38,No,0.46,0.317,0.327,0.134,No,No,No,No,No,No,No,Synthetic demonstration only - not real student data,0,0,0,0,0,ai_detection_tool,AI detection fairness stress test
STUD01822,Female,Arts & Humanities,Low,Low,Yes,1.77,No,0.637,0.423,0.833,0.506,No,No,No,No,No,No,No,Synthetic demonstration only - not real student data,0,0,0,0,0,ai_detection_tool,AI detection fairness stress test
STUD01823,Male,Business,High,High,Yes,4.16,Yes,0.198,0.566,0.789,0.484,No,No,No,No,No,No,Yes,Synthetic demonstration only - not real student data,1,0,0,1,0,ai_detection_tool,AI detection fairness stress test
STUD01824,Male,STEM,Medium,High,No,5,No,0.835,0.319,0.808,0.392,No,No,No,No,No,No,No,Synthetic demonstration only - not real student data,0,0,0,0,0,ai_detection_tool,AI detection fairness stress test
STUD01825,Female,Business,Medium,Medium,Yes,2.04,Yes,0.401,0.497,0.716,1,Yes,Yes,No,No,No,No,No,Synthetic demonstration only - not real student data,1,1,0,0,0,ai_detection_tool,AI detection fairness stress test
STUD01826,Female,Business,High,Medium,No,3.55,No,0.61,0.395,0.798,0.252,No,No,No,No,No,No,No,Synthetic demonstration only - not real student data,0,0,0,0,0,ai_detection_tool,AI detection fairness stress test
STUD01827,Male,Health,Medium,Medium,Yes,3.69,No,0.488,0.238,0.72,0.395,No,No,No,No,No,No,No,Synthetic demonstration only - not real student data,0,0,0,0,0,ai_detection_tool,AI detection fairness stress test
STUD01828,Non-disclosed,Business,Low,High,No,4.25,No,0.631,0.369,0.703,0.014,No,No,No,No,No,No,No,Synthetic demonstration only - not real student data,0,0,0,0,0,ai_detection_tool,AI detection fairness stress test
STUD01829,Female,Education,Medium,Low,No,2.4,Yes,0.732,0.693,0.557,0.697,Yes,Yes,Yes,No,No,No,No,Synthetic demonstration only - not real student data,1,1,0,0,0,ai_detection_tool,AI detection fairness stress test
STUD01830,Male,STEM,Medium,High,Yes,4.36,Yes,0.533,0.86,0.694,0.762,Yes,Yes,Yes,No,No,No,No,Synthetic demonstration only - not real student data,1,1,0,0,0,ai_detection_tool,AI detection fairness stress test
STUD01831,Female,Business,Medium,Medium,No,3.8,No,0.744,0.494,0.663,0.271,No,No,No,No,No,No,No,Synthetic demonstration only - not real student data,0,0,0,0,0,ai_detection_tool,AI detection fairness stress test
STUD01832,Female,Arts & Humanities,Medium,Medium,No,3.07,No,0.49,0.292,0.458,0.26,No,No,No,No,No,No,No,Synthetic demonstration only - not real student data,0,0,0,0,0,ai_detection_tool,AI detection fairness stress test
STUD01833,Female,Health,High,Medium,No,3.14,Yes,0.566,0.827,0.382,0.821,Yes,No,Yes,No,No,No,No,Synthetic demonstration only - not real student data,1,1,0,0,0,ai_detection_tool,AI detection fairness stress test
STUD01834,Female,Health,High,Low,No,2.12,No,0.63,0.278,0.354,0.31,No,No,No,No,No,No,No,Synthetic demonstration only - not real student data,0,0,0,0,0,ai_detection_tool,AI detection fairness stress test
STUD01835,Female,Social Sciences,Low,Low,No,2.38,No,0.716,0.236,0.684,0.344,No,No,No,No,No,No,No,Synthetic demonstration only - not real student data,0,0,0,0,0,ai_detection_tool,AI detection fairness stress test
STUD01836,Male,STEM,Low,High,Yes,3.68,Yes,0.595,0.547,0.461,0.674,Yes,Yes,Yes,No,No,No,No,Synthetic demonstration only - not real student data,1,1,0,0,0,ai_detection_tool,AI detection fairness stress test
STUD01837,Female,STEM,Low,Low,No,2.08,Yes,0.548,0.524,0.322,0.733,Yes,Yes,Yes,No,No,No,No,Synthetic demonstration only - not real student data,1,1,0,0,0,ai_detection_tool,AI detection fairness stress test
STUD01838,Female,Business,Low,Low,Yes,2.35,Yes,0.396,0.628,0.406,0.563,Yes,Yes,No,No,No,No,No,Synthetic demonstration only - not real student data,1,1,0,0,0,ai_detection_tool,AI detection fairness stress test
STUD01839,Female,Arts & Humanities,Medium,Low,No,2.27,No,0.723,0.283,0.567,0.256,No,No,No,No,No,No,No,Synthetic demonstration only - not real student data,0,0,0,0,0,ai_detection_tool,AI detection fairness stress test
STUD01840,Female,Education,Medium,High,Yes,2.86,No,0.903,0.587,0.748,0.511,No,No,No,No,No,No,No,Synthetic demonstration only - not real student data,0,0,0,0,0,ai_detection_tool,AI detection fairness stress test
STUD01841,Female,STEM,Low,Low,No,1.82,No,0.58,0.638,0.41,0.522,No,No,No,No,No,No,No,Synthetic demonstration only - not real student data,0,0,0,0,0,ai_detection_tool,AI detection fairness stress test
STUD01842,Male,STEM,Low,High,No,4.02,Yes,0.483,0.732,0.575,0.795,Yes,Yes,Yes,Yes,No,No,No,Synthetic demonstration only - not real student data,1,1,0,0,0,ai_detection_tool,AI detection fairness stress test
STUD01843,Female,Education,Medium,Low,Yes,2.73,Yes,0.625,0.719,0.693,0.863,Yes,Yes,Yes,No,No,No,No,Synthetic demonstration only - not real student data,1,1,0,0,0,ai_detection_tool,AI detection fairness stress test
STUD01844,Male,STEM,Medium,High,Yes,4.05,Yes,0.566,0.595,0.655,0.766,Yes,Yes,Yes,Yes,Yes,No,No,Synthetic demonstration only - not real student data,1,1,0,0,1,ai_detection_tool,AI detection fairness stress test
STUD01845,Female,Social Sciences,Low,High,No,3.42,Yes,0.902,0.694,0.721,0.703,Yes,Yes,No,No,No,No,No,Synthetic demonstration only - not real student data,1,1,0,0,0,ai_detection_tool,AI detection fairness stress test
STUD01846,Male,Business,Low,Low,No,3.57,No,0.491,0.577,0.52,0.206,No,No,No,No,No,No,No,Synthetic demonstration only - not real student data,0,0,0,0,0,ai_detection_tool,AI detection fairness stress test
STUD01847,Female,Arts & Humanities,Medium,Medium,No,3.37,No,0.512,0.18,0.472,0.334,No,No,No,No,No,No,No,Synthetic demonstration only - not real student data,0,0,0,0,0,ai_detection_tool,AI detection fairness stress test
STUD01848,Female,Business,Low,Medium,Yes,3.56,Yes,0.709,0.624,0.527,0.946,Yes,Yes,No,No,No,No,No,Synthetic demonstration only - not real student data,1,1,0,0,0,ai_detection_tool,AI detection fairness stress test
STUD01849,Female,STEM,High,Medium,No,2.71,Yes,0.407,0.633,0.943,0.629,Yes,No,Yes,Yes,No,No,No,Synthetic demonstration only - not real student data,1,1,0,0,0,ai_detection_tool,AI detection fairness stress test
STUD01850,Male,Social Sciences,Medium,High,No,4.46,No,0.492,0.594,0.462,0.149,No,No,No,No,No,No,No,Synthetic demonstration only - not real student data,0,0,0,0,0,ai_detection_tool,AI detection fairness stress test
STUD01851,Female,Health,Medium,High,No,3.6,Yes,0.427,0.923,0.469,0.541,No,No,No,No,No,No,Yes,Synthetic demonstration only - not real student data,1,0,0,1,0,ai_detection_tool,AI detection fairness stress test
STUD01852,Female,STEM,Low,Medium,No,3.85,No,0.88,0.232,0.543,0.151,No,No,No,No,No,No,No,Synthetic demonstration only - not real student data,0,0,0,0,0,ai_detection_tool,AI detection fairness stress test
STUD01853,Female,Business,Low,High,Yes,2.76,No,0.56,0.689,0.672,0.207,No,No,No,No,No,No,No,Synthetic demonstration only - not real student data,0,0,0,0,0,ai_detection_tool,AI detection fairness stress test
STUD01854,Female,Arts & Humanities,Medium,Medium,No,3.55,No,0.615,0.322,0.844,0.425,No,No,No,No,No,No,No,Synthetic demonstration only - not real student data,0,0,0,0,0,ai_detection_tool,AI detection fairness stress test
STUD01855,Male,Business,High,Low,No,3.39,Yes,0.688,0.879,0.677,0.698,Yes,Yes,Yes,No,No,No,No,Synthetic demonstration only - not real student data,1,1,0,0,0,ai_detection_tool,AI detection fairness stress test
STUD01856,Female,STEM,Medium,Medium,No,3.15,No,0.471,0.194,0.736,0.392,No,No,No,No,No,No,No,Synthetic demonstration only - not real student data,0,0,0,0,0,ai_detection_tool,AI detection fairness stress test
STUD01857,Male,STEM,High,High,Yes,4.62,No,0.818,0.341,0.661,0.137,No,No,No,No,No,No,No,Synthetic demonstration only - not real student data,0,0,0,0,0,ai_detection_tool,AI detection fairness stress test
STUD01858,Male,Social Sciences,Medium,Medium,No,2.58,Yes,0.304,0.847,0.661,0.809,Yes,Yes,No,No,No,No,No,Synthetic demonstration only - not real student data,1,1,0,0,0,ai_detection_tool,AI detection fairness stress test
STUD01859,Male,Business,Low,High,Yes,3.26,No,0.476,0.502,0.616,0.164,No,No,No,No,No,No,No,Synthetic demonstration only - not real student data,0,0,0,0,0,ai_detection_tool,AI detection fairness stress test
STUD01860,Female,Business,Medium,Medium,No,2.26,No,0.235,0.546,0.576,0.404,No,No,No,No,No,No,No,Synthetic demonstration only - not real student data,0,0,0,0,0,ai_detection_tool,AI detection fairness stress test
STUD01861,Male,STEM,Low,High,Yes,3.97,Yes,0.523,0.672,0.471,0.686,Yes,Yes,Yes,No,No,No,No,Synthetic demonstration only - not real student data,1,1,0,0,0,ai_detection_tool,AI detection fairness stress test
STUD01862,Female,Business,Medium,Medium,No,3.9,No,0.588,0.599,0.469,0.339,No,No,No,No,No,No,No,Synthetic demonstration only - not real student data,0,0,0,0,0,ai_detection_tool,AI detection fairness stress test
STUD01863,Female,Arts & Humanities,Low,High,No,4.7,Yes,0.511,0.722,0.699,0.718,Yes,Yes,Yes,No,No,No,No,Synthetic demonstration only - not real student data,1,1,0,0,0,ai_detection_tool,AI detection fairness stress test
STUD01864,Male,Business,High,High,Yes,5,Yes,0.636,0.657,0.787,0.662,Yes,Yes,No,No,No,No,No,Synthetic demonstration only - not real student data,1,1,0,0,0,ai_detection_tool,AI detection fairness stress test
STUD01865,Male,Social Sciences,Medium,Medium,Yes,4.85,No,0.568,0.382,0.72,0.502,No,No,No,No,No,No,No,Synthetic demonstration only - not real student data,0,0,0,0,0,ai_detection_tool,AI detection fairness stress test
STUD01866,Female,Education,Low,High,Yes,3.14,Yes,0.69,0.758,0.757,0.745,Yes,Yes,No,No,No,No,No,Synthetic demonstration only - not real student data,1,1,0,0,0,ai_detection_tool,AI detection fairness stress test
STUD01867,Female,Education,Low,High,No,3.25,No,0.564,0.62,0.713,0.428,No,No,No,No,No,No,No,Synthetic demonstration only - not real student data,0,0,0,0,0,ai_detection_tool,AI detection fairness stress test
STUD01868,Female,STEM,Medium,Medium,Yes,3.44,No,0.646,0.388,0.843,0.193,No,No,No,No,No,No,No,Synthetic demonstration only - not real student data,0,0,0,0,0,ai_detection_tool,AI detection fairness stress test
STUD01869,Female,Social Sciences,High,Medium,Yes,3.49,No,0.687,0.455,0.498,0.435,No,No,No,No,No,No,No,Synthetic demonstration only - not real student data,0,0,0,0,0,ai_detection_tool,AI detection fairness stress test
STUD01870,Male,Health,High,Medium,No,4.27,No,0.387,0.387,0.329,0.367,No,No,No,No,No,No,No,Synthetic demonstration only - not real student data,0,0,0,0,0,ai_detection_tool,AI detection fairness stress test
STUD01871,Female,Health,High,Low,No,2.41,No,0.469,0.472,0.714,0.333,No,No,No,No,No,No,No,Synthetic demonstration only - not real student data,0,0,0,0,0,ai_detection_tool,AI detection fairness stress test
STUD01872,Female,Business,Low,High,Yes,3.93,No,0.57,0.478,0.463,0.222,No,No,No,No,No,No,No,Synthetic demonstration only - not real student data,0,0,0,0,0,ai_detection_tool,AI detection fairness stress test
STUD01873,Male,Business,Low,Medium,Yes,3.69,No,0.683,0.25,0.623,0.339,No,No,No,No,No,No,No,Synthetic demonstration only - not real student data,0,0,0,0,0,ai_detection_tool,AI detection fairness stress test
STUD01874,Female,Arts & Humanities,High,High,Yes,3.91,Yes,0.604,0.594,0.31,0.683,Yes,Yes,Yes,No,No,No,No,Synthetic demonstration only - not real student data,1,1,0,0,0,ai_detection_tool,AI detection fairness stress test
STUD01875,Non-disclosed,Arts & Humanities,Low,High,Yes,4.51,Yes,0.625,0.372,0.828,0.723,Yes,Yes,Yes,No,No,No,No,Synthetic demonstration only - not real student data,1,1,0,0,0,ai_detection_tool,AI detection fairness stress test
STUD01876,Male,STEM,Low,Medium,Yes,3.18,Yes,0.57,0.518,0.607,0.773,Yes,No,Yes,No,No,No,No,Synthetic demonstration only - not real student data,1,1,0,0,0,ai_detection_tool,AI detection fairness stress test
STUD01877,Female,Education,Low,Medium,No,4.1,No,0.529,0.531,0.498,0.344,No,No,No,No,No,No,No,Synthetic demonstration only - not real student data,0,0,0,0,0,ai_detection_tool,AI detection fairness stress test
STUD01878,Male,Business,High,High,Yes,4.42,Yes,0.623,0.568,0.482,0.592,Yes,No,Yes,Yes,Yes,No,No,Synthetic demonstration only - not real student data,1,1,0,0,1,ai_detection_tool,AI detection fairness stress test
STUD01879,Female,Arts & Humanities,Medium,Low,Yes,1.82,Yes,0.868,0.635,0.926,0.872,Yes,Yes,Yes,No,No,No,No,Synthetic demonstration only - not real student data,1,1,0,0,0,ai_detection_tool,AI detection fairness stress test
STUD01880,Male,Business,Medium,Medium,No,4.3,Yes,0.514,0.702,0.631,0.639,Yes,Yes,Yes,No,No,No,No,Synthetic demonstration only - not real student data,1,1,0,0,0,ai_detection_tool,AI detection fairness stress test
STUD01881,Male,Arts & Humanities,Medium,High,Yes,4.78,Yes,0.42,1,0.612,0.835,Yes,Yes,Yes,No,No,No,No,Synthetic demonstration only - not real student data,1,1,0,0,0,ai_detection_tool,AI detection fairness stress test
STUD01882,Female,Social Sciences,Medium,Low,No,2.33,No,0.152,0.358,0.386,0.256,No,No,No,No,No,No,No,Synthetic demonstration only - not real student data,0,0,0,0,0,ai_detection_tool,AI detection fairness stress test
STUD01883,Female,STEM,High,Medium,Yes,2.92,No,0.772,0.349,0.464,0.267,No,No,No,No,No,No,No,Synthetic demonstration only - not real student data,0,0,0,0,0,ai_detection_tool,AI detection fairness stress test
STUD01884,Male,STEM,High,High,Yes,5,Yes,0.512,0.896,0.746,0.642,Yes,No,Yes,Yes,Yes,No,No,Synthetic demonstration only - not real student data,1,1,0,0,1,ai_detection_tool,AI detection fairness stress test
STUD01885,Male,Business,Low,Medium,Yes,2.38,No,0.934,0.372,0.581,0.467,No,No,No,No,No,No,No,Synthetic demonstration only - not real student data,0,0,0,0,0,ai_detection_tool,AI detection fairness stress test
STUD01886,Male,STEM,Low,Low,No,2.83,No,0.496,0.218,0.666,0.239,No,No,No,No,No,No,No,Synthetic demonstration only - not real student data,0,0,0,0,0,ai_detection_tool,AI detection fairness stress test
STUD01887,Male,Business,High,Low,No,4.54,No,0.427,0.223,0.466,0.306,No,No,No,No,No,No,No,Synthetic demonstration only - not real student data,0,0,0,0,0,ai_detection_tool,AI detection fairness stress test
STUD01888,Female,Arts & Humanities,High,Medium,No,2.39,No,0.441,0.205,0.484,0.325,No,No,No,No,No,No,No,Synthetic demonstration only - not real student data,0,0,0,0,0,ai_detection_tool,AI detection fairness stress test
STUD01889,Male,Business,Low,Low,Yes,2.5,Yes,0.715,0.616,0.527,0.812,Yes,Yes,Yes,Yes,No,No,No,Synthetic demonstration only - not real student data,1,1,0,0,0,ai_detection_tool,AI detection fairness stress test
STUD01890,Male,STEM,Medium,Medium,Yes,3.38,Yes,0.689,0.676,0.52,0.769,Yes,Yes,No,No,No,No,No,Synthetic demonstration only - not real student data,1,1,0,0,0,ai_detection_tool,AI detection fairness stress test
STUD01891,Male,STEM,High,Medium,No,4.18,No,0.444,0.502,0.558,0.391,No,No,No,No,No,No,No,Synthetic demonstration only - not real student data,0,0,0,0,0,ai_detection_tool,AI detection fairness stress test
STUD01892,Male,STEM,Low,Medium,Yes,4.38,Yes,0.525,0.535,0.669,0.592,Yes,No,Yes,Yes,No,No,No,Synthetic demonstration only - not real student data,1,1,0,0,0,ai_detection_tool,AI detection fairness stress test
STUD01893,Female,Business,High,High,Yes,4.17,Yes,0.382,0.757,0.792,0.607,Yes,Yes,Yes,Yes,No,No,No,Synthetic demonstration only - not real student data,1,1,0,0,0,ai_detection_tool,AI detection fairness stress test
STUD01894,Male,STEM,Low,Low,Yes,2.99,No,0.637,0.291,0.578,0.341,No,No,No,No,No,No,No,Synthetic demonstration only - not real student data,0,0,0,0,0,ai_detection_tool,AI detection fairness stress test
STUD01895,Female,Education,Medium,Medium,No,2.73,No,0.319,0.482,0.638,0.326,No,No,No,No,No,No,No,Synthetic demonstration only - not real student data,0,0,0,0,0,ai_detection_tool,AI detection fairness stress test
STUD01896,Female,Business,Medium,Medium,No,3.35,No,0.445,0.466,0.632,0.409,No,No,No,No,No,No,No,Synthetic demonstration only - not real student data,0,0,0,0,0,ai_detection_tool,AI detection fairness stress test
STUD01897,Male,Business,Low,High,Yes,4.38,Yes,0.667,0.772,1,0.59,Yes,Yes,No,No,No,No,No,Synthetic demonstration only - not real student data,1,1,0,0,0,ai_detection_tool,AI detection fairness stress test
STUD01898,Male,STEM,Medium,Low,No,2.6,Yes,0.316,0.511,0.69,0.864,Yes,Yes,Yes,No,No,No,No,Synthetic demonstration only - not real student data,1,1,0,0,0,ai_detection_tool,AI detection fairness stress test
STUD01899,Female,Health,Medium,Low,Yes,2.8,No,0.613,0.16,0.82,0.272,No,No,No,No,No,No,No,Synthetic demonstration only - not real student data,0,0,0,0,0,ai_detection_tool,AI detection fairness stress test
STUD01900,Male,STEM,Medium,High,No,4.84,Yes,0.273,0.488,0.651,0.733,Yes,Yes,No,No,No,No,No,Synthetic demonstration only - not real student data,1,1,0,0,0,ai_detection_tool,AI detection fairness stress test
STUD01901,Non-disclosed,STEM,High,Low,No,1.28,No,0.59,0.45,0.624,0.293,No,No,No,No,No,No,No,Synthetic demonstration only - not real student data,0,0,0,0,0,ai_detection_tool,AI detection fairness stress test
STUD01902,Male,Business,Low,High,Yes,4.98,No,0.634,0.625,0.965,0.16,No,No,No,No,No,No,No,Synthetic demonstration only - not real student data,0,0,0,0,0,ai_detection_tool,AI detection fairness stress test
STUD01903,Male,Social Sciences,Medium,Medium,No,3.93,No,0.636,0.504,0.436,0.502,No,No,No,No,No,No,No,Synthetic demonstration only - not real student data,0,0,0,0,0,ai_detection_tool,AI detection fairness stress test
STUD01904,Female,STEM,Low,Medium,No,3.7,No,0.749,0.488,0.639,0.358,No,No,No,No,No,No,No,Synthetic demonstration only - not real student data,0,0,0,0,0,ai_detection_tool,AI detection fairness stress test
STUD01905,Female,STEM,Medium,Medium,No,3.96,No,0.554,0.258,0.621,0.322,No,No,No,No,No,No,No,Synthetic demonstration only - not real student data,0,0,0,0,0,ai_detection_tool,AI detection fairness stress test
STUD01906,Female,Arts & Humanities,Low,Medium,Yes,3.23,No,0.51,0.367,0.434,0.303,No,No,No,No,No,No,No,Synthetic demonstration only - not real student data,0,0,0,0,0,ai_detection_tool,AI detection fairness stress test
STUD01907,Male,STEM,Low,Medium,Yes,3.56,No,0.565,0.25,0.667,0.397,No,No,No,No,No,No,No,Synthetic demonstration only - not real student data,0,0,0,0,0,ai_detection_tool,AI detection fairness stress test
STUD01908,Male,Social Sciences,Low,Low,No,2.39,No,0.591,0.468,0.435,0.253,No,No,No,No,No,No,No,Synthetic demonstration only - not real student data,0,0,0,0,0,ai_detection_tool,AI detection fairness stress test
STUD01909,Female,Health,Medium,Low,No,2.43,No,0.447,0.398,0.81,0.198,No,No,No,No,No,No,No,Synthetic demonstration only - not real student data,0,0,0,0,0,ai_detection_tool,AI detection fairness stress test
STUD01910,Male,STEM,Medium,Medium,Yes,3.99,Yes,0.51,0.96,0.828,0.574,Yes,Yes,Yes,No,No,No,No,Synthetic demonstration only - not real student data,1,1,0,0,0,ai_detection_tool,AI detection fairness stress test
STUD01911,Female,Education,High,High,Yes,4.01,No,0.386,0.374,0.772,0.493,No,No,No,No,No,No,No,Synthetic demonstration only - not real student data,0,0,0,0,0,ai_detection_tool,AI detection fairness stress test
STUD01912,Female,Education,Low,Medium,No,2.57,No,0.643,0.364,0.41,0.348,No,No,No,No,No,No,No,Synthetic demonstration only - not real student data,0,0,0,0,0,ai_detection_tool,AI detection fairness stress test
STUD01913,Female,STEM,Medium,High,No,3.67,Yes,0.491,0.72,0.645,0.65,Yes,Yes,Yes,No,No,No,No,Synthetic demonstration only - not real student data,1,1,0,0,0,ai_detection_tool,AI detection fairness stress test
STUD01914,Female,STEM,Low,High,Yes,3.63,Yes,0.403,0.761,0.458,0.723,Yes,Yes,Yes,Yes,No,No,No,Synthetic demonstration only - not real student data,1,1,0,0,0,ai_detection_tool,AI detection fairness stress test
STUD01915,Male,STEM,High,High,Yes,3.76,No,0.498,0.252,0.297,0.335,No,No,No,No,No,No,No,Synthetic demonstration only - not real student data,0,0,0,0,0,ai_detection_tool,AI detection fairness stress test
STUD01916,Female,Arts & Humanities,High,Medium,No,4.25,No,0.598,0.363,0.959,0.119,No,No,No,No,No,No,No,Synthetic demonstration only - not real student data,0,0,0,0,0,ai_detection_tool,AI detection fairness stress test
STUD01917,Male,Business,Medium,High,No,3.86,Yes,0.746,0.772,0.88,0.674,Yes,Yes,No,No,No,No,No,Synthetic demonstration only - not real student data,1,1,0,0,0,ai_detection_tool,AI detection fairness stress test
STUD01918,Male,Social Sciences,Low,Low,No,2.8,No,0.63,0.372,0.294,0.288,No,No,No,No,No,No,No,Synthetic demonstration only - not real student data,0,0,0,0,0,ai_detection_tool,AI detection fairness stress test
STUD01919,Female,Health,Medium,Medium,No,3.48,No,0.528,0.241,0.242,0.332,No,No,No,No,No,No,No,Synthetic demonstration only - not real student data,0,0,0,0,0,ai_detection_tool,AI detection fairness stress test
STUD01920,Female,STEM,Low,Low,No,1.2,Yes,0.654,0.351,0.853,0.599,Yes,Yes,Yes,No,No,No,No,Synthetic demonstration only - not real student data,1,1,0,0,0,ai_detection_tool,AI detection fairness stress test
STUD01921,Female,Business,Medium,High,Yes,3.61,Yes,0.392,0.681,0.682,0.703,Yes,No,Yes,No,No,No,No,Synthetic demonstration only - not real student data,1,1,0,0,0,ai_detection_tool,AI detection fairness stress test
STUD01922,Male,Arts & Humanities,Medium,High,No,3.72,No,0.593,0.765,0.835,0.191,No,No,No,No,No,No,No,Synthetic demonstration only - not real student data,0,0,0,0,0,ai_detection_tool,AI detection fairness stress test
STUD01923,Male,STEM,High,High,Yes,4.2,No,0.509,0.558,0.819,0.288,No,No,No,No,No,No,No,Synthetic demonstration only - not real student data,0,0,0,0,0,ai_detection_tool,AI detection fairness stress test
STUD01924,Male,STEM,Medium,Low,No,2.71,Yes,0.632,0.695,0.471,0.87,Yes,Yes,Yes,No,No,No,No,Synthetic demonstration only - not real student data,1,1,0,0,0,ai_detection_tool,AI detection fairness stress test
STUD01925,Male,STEM,Low,High,Yes,3.02,No,0.546,0.542,0.651,0.383,No,No,No,No,No,No,No,Synthetic demonstration only - not real student data,0,0,0,0,0,ai_detection_tool,AI detection fairness stress test
STUD01926,Female,STEM,High,Medium,Yes,3.42,No,0.612,0.296,0.564,0.245,No,No,No,No,No,No,No,Synthetic demonstration only - not real student data,0,0,0,0,0,ai_detection_tool,AI detection fairness stress test
STUD01927,Male,STEM,Medium,Medium,No,3.85,Yes,0.732,0.82,0.528,0.745,Yes,Yes,No,No,No,No,No,Synthetic demonstration only - not real student data,1,1,0,0,0,ai_detection_tool,AI detection fairness stress test
STUD01928,Female,Business,High,Low,Yes,3.13,No,0.619,0.118,0.417,0.408,No,No,No,No,No,No,No,Synthetic demonstration only - not real student data,0,0,0,0,0,ai_detection_tool,AI detection fairness stress test
STUD01929,Male,Arts & Humanities,Medium,Low,No,3.61,No,0.72,0.51,0.524,0.343,No,No,No,No,No,No,No,Synthetic demonstration only - not real student data,0,0,0,0,0,ai_detection_tool,AI detection fairness stress test
STUD01930,Male,Education,Medium,Medium,No,3.68,No,0.471,0.304,0.883,0.352,No,No,No,No,No,No,No,Synthetic demonstration only - not real student data,0,0,0,0,0,ai_detection_tool,AI detection fairness stress test
STUD01931,Male,Education,High,Medium,Yes,3.93,No,0.7,0.246,0.521,0.224,No,No,No,No,No,No,No,Synthetic demonstration only - not real student data,0,0,0,0,0,ai_detection_tool,AI detection fairness stress test
STUD01932,Female,Business,Low,Low,No,2.49,No,0.39,0.323,0.349,0.452,No,No,No,No,No,No,No,Synthetic demonstration only - not real student data,0,0,0,0,0,ai_detection_tool,AI detection fairness stress test
STUD01933,Female,Social Sciences,Low,Medium,Yes,2.56,Yes,0.459,0.491,0.803,0.626,Yes,Yes,No,No,No,No,No,Synthetic demonstration only - not real student data,1,1,0,0,0,ai_detection_tool,AI detection fairness stress test
STUD01934,Female,Health,Low,Medium,No,2.63,Yes,0.524,0.501,0.388,0.645,Yes,Yes,Yes,No,No,No,No,Synthetic demonstration only - not real student data,1,1,0,0,0,ai_detection_tool,AI detection fairness stress test
STUD01935,Male,STEM,High,Medium,Yes,3.61,Yes,0.632,0.716,0.509,0.853,Yes,Yes,Yes,No,No,No,No,Synthetic demonstration only - not real student data,1,1,0,0,0,ai_detection_tool,AI detection fairness stress test
STUD01936,Male,Education,High,Medium,Yes,5,No,0.779,0.076,0.675,0.123,No,No,No,No,No,No,No,Synthetic demonstration only - not real student data,0,0,0,0,0,ai_detection_tool,AI detection fairness stress test
STUD01937,Male,Social Sciences,High,Low,No,3.37,No,0.665,0.135,0.218,0.392,No,No,No,No,No,No,No,Synthetic demonstration only - not real student data,0,0,0,0,0,ai_detection_tool,AI detection fairness stress test
STUD01938,Female,Arts & Humanities,Low,Low,No,3.42,No,0.581,0.427,0.455,0.262,No,No,No,No,No,No,No,Synthetic demonstration only - not real student data,0,0,0,0,0,ai_detection_tool,AI detection fairness stress test
STUD01939,Male,Social Sciences,Medium,Medium,No,3.3,No,0.437,0.393,0.209,0.379,No,No,No,No,No,No,No,Synthetic demonstration only - not real student data,0,0,0,0,0,ai_detection_tool,AI detection fairness stress test
STUD01940,Male,Arts & Humanities,Medium,Medium,Yes,2.18,No,0.388,0.483,0.458,0.399,No,No,No,No,No,No,No,Synthetic demonstration only - not real student data,0,0,0,0,0,ai_detection_tool,AI detection fairness stress test
STUD01941,Female,Arts & Humanities,Medium,Medium,No,3.43,Yes,0.861,0.552,0.516,0.879,Yes,Yes,Yes,No,No,No,No,Synthetic demonstration only - not real student data,1,1,0,0,0,ai_detection_tool,AI detection fairness stress test
STUD01942,Male,STEM,Medium,High,No,5,Yes,0.63,0.542,0.639,0.594,Yes,Yes,Yes,Yes,No,No,No,Synthetic demonstration only - not real student data,1,1,0,0,0,ai_detection_tool,AI detection fairness stress test
STUD01943,Female,Business,Low,Low,No,2.15,No,0.459,0.212,0.812,0.332,No,No,No,No,No,No,No,Synthetic demonstration only - not real student data,0,0,0,0,0,ai_detection_tool,AI detection fairness stress test
STUD01944,Male,Social Sciences,Low,Medium,Yes,3.54,No,0.404,0.291,0.452,0.084,No,No,No,No,No,No,No,Synthetic demonstration only - not real student data,0,0,0,0,0,ai_detection_tool,AI detection fairness stress test
STUD01945,Male,Business,High,High,Yes,3.93,No,0.733,0.23,0.917,0.188,No,No,No,No,No,No,No,Synthetic demonstration only - not real student data,0,0,0,0,0,ai_detection_tool,AI detection fairness stress test
STUD01946,Male,Business,Low,Low,Yes,2.67,No,0.395,0.325,0.385,0.136,No,No,No,No,No,No,No,Synthetic demonstration only - not real student data,0,0,0,0,0,ai_detection_tool,AI detection fairness stress test
STUD01947,Male,STEM,High,Low,Yes,3.91,Yes,0.554,0.524,0.542,0.826,Yes,Yes,Yes,No,No,No,No,Synthetic demonstration only - not real student data,1,1,0,0,0,ai_detection_tool,AI detection fairness stress test
STUD01948,Male,Social Sciences,Medium,High,Yes,4.72,Yes,0.731,0.497,0.675,0.522,No,No,No,No,No,No,Yes,Synthetic demonstration only - not real student data,1,0,0,1,0,ai_detection_tool,AI detection fairness stress test
STUD01949,Female,Business,Low,Low,No,2.49,No,0.384,0.203,0.49,0.322,No,No,No,No,No,No,No,Synthetic demonstration only - not real student data,0,0,0,0,0,ai_detection_tool,AI detection fairness stress test
STUD01950,Male,Business,Medium,High,No,4.45,No,0.557,0.534,0.829,0.145,No,No,No,No,No,No,No,Synthetic demonstration only - not real student data,0,0,0,0,0,ai_detection_tool,AI detection fairness stress test
STUD01951,Male,Business,High,High,Yes,5,Yes,0.588,0.758,0.714,0.786,Yes,Yes,Yes,Yes,Yes,No,No,Synthetic demonstration only - not real student data,1,1,0,0,1,ai_detection_tool,AI detection fairness stress test
STUD01952,Male,Education,Low,Medium,No,2.62,No,0.55,0.611,0.521,0.453,No,No,No,No,No,No,No,Synthetic demonstration only - not real student data,0,0,0,0,0,ai_detection_tool,AI detection fairness stress test
STUD01953,Male,Arts & Humanities,Medium,Low,No,3.18,No,0.96,0.226,0.411,0.536,No,No,No,No,No,No,No,Synthetic demonstration only - not real student data,0,0,0,0,0,ai_detection_tool,AI detection fairness stress test
STUD01954,Female,Arts & Humanities,Medium,Medium,No,3.64,Yes,0.748,0.822,0.465,0.792,Yes,No,Yes,No,No,No,No,Synthetic demonstration only - not real student data,1,1,0,0,0,ai_detection_tool,AI detection fairness stress test
STUD01955,Female,Health,Medium,Low,Yes,1.91,Yes,0.768,0.858,0.143,0.983,Yes,Yes,Yes,No,No,No,No,Synthetic demonstration only - not real student data,1,1,0,0,0,ai_detection_tool,AI detection fairness stress test
STUD01956,Female,Education,High,Medium,No,3.34,No,0.498,0.46,0.052,0.213,No,No,No,No,No,No,No,Synthetic demonstration only - not real student data,0,0,0,0,0,ai_detection_tool,AI detection fairness stress test
STUD01957,Male,STEM,Low,Medium,No,3.34,Yes,0.371,0.639,0.448,0.582,Yes,No,Yes,No,No,No,No,Synthetic demonstration only - not real student data,1,1,0,0,0,ai_detection_tool,AI detection fairness stress test
STUD01958,Male,STEM,High,Medium,Yes,3.77,No,0.382,0.455,0.534,0.2,No,No,No,No,No,No,No,Synthetic demonstration only - not real student data,0,0,0,0,0,ai_detection_tool,AI detection fairness stress test
STUD01959,Female,Health,Medium,High,Yes,3.95,Yes,0.515,0.567,0.787,0.485,No,No,No,No,No,No,Yes,Synthetic demonstration only - not real student data,1,0,0,1,0,ai_detection_tool,AI detection fairness stress test
STUD01960,Female,Health,Medium,Low,Yes,2.41,No,0.6,0.247,0.375,0.288,No,No,No,No,No,No,No,Synthetic demonstration only - not real student data,0,0,0,0,0,ai_detection_tool,AI detection fairness stress test
STUD01961,Male,Arts & Humanities,Low,High,Yes,2.93,No,0.494,0.534,0.718,0.2,No,No,No,No,No,No,No,Synthetic demonstration only - not real student data,0,0,0,0,0,ai_detection_tool,AI detection fairness stress test
STUD01962,Female,Business,Medium,Medium,Yes,2.53,No,0.638,0.557,0.835,0.288,No,No,No,No,No,No,No,Synthetic demonstration only - not real student data,0,0,0,0,0,ai_detection_tool,AI detection fairness stress test
STUD01963,Female,Social Sciences,High,High,Yes,3.8,No,0.564,0.299,0.754,0.12,No,No,No,No,No,No,No,Synthetic demonstration only - not real student data,0,0,0,0,0,ai_detection_tool,AI detection fairness stress test
STUD01964,Male,STEM,High,High,No,3.83,Yes,0.685,0.812,0.708,0.767,Yes,No,Yes,Yes,No,No,No,Synthetic demonstration only - not real student data,1,1,0,0,0,ai_detection_tool,AI detection fairness stress test
STUD01965,Female,STEM,Low,Medium,Yes,2.78,No,0.463,0.088,0.478,0.157,No,No,No,No,No,No,No,Synthetic demonstration only - not real student data,0,0,0,0,0,ai_detection_tool,AI detection fairness stress test
STUD01966,Female,Business,Low,Low,Yes,2.94,Yes,0.549,0.525,0.656,0.723,Yes,Yes,No,No,No,No,No,Synthetic demonstration only - not real student data,1,1,0,0,0,ai_detection_tool,AI detection fairness stress test
STUD01967,Female,Business,High,Medium,Yes,2.83,No,0.445,0.534,0.919,0.227,No,No,No,No,No,No,No,Synthetic demonstration only - not real student data,0,0,0,0,0,ai_detection_tool,AI detection fairness stress test
STUD01968,Female,Arts & Humanities,High,Medium,Yes,3.44,No,0.619,0.357,0.712,0.376,No,No,No,No,No,No,No,Synthetic demonstration only - not real student data,0,0,0,0,0,ai_detection_tool,AI detection fairness stress test
STUD01969,Female,Business,Low,Medium,No,2.35,No,0.452,0.436,0.304,0.5,No,No,No,No,No,No,No,Synthetic demonstration only - not real student data,0,0,0,0,0,ai_detection_tool,AI detection fairness stress test
STUD01970,Female,Education,High,Medium,No,3.16,Yes,0.904,0.533,0.506,0.838,Yes,Yes,Yes,Yes,No,No,No,Synthetic demonstration only - not real student data,1,1,0,0,0,ai_detection_tool,AI detection fairness stress test
STUD01971,Male,Health,Medium,Medium,No,3.66,Yes,0.661,0.544,0.76,0.567,Yes,No,Yes,No,No,No,No,Synthetic demonstration only - not real student data,1,1,0,0,0,ai_detection_tool,AI detection fairness stress test
STUD01972,Female,Health,Low,Low,Yes,2.11,No,0.611,0.682,0.483,0.544,No,No,No,No,No,No,No,Synthetic demonstration only - not real student data,0,0,0,0,0,ai_detection_tool,AI detection fairness stress test
STUD01973,Female,STEM,Medium,Medium,No,2.62,Yes,0.605,0.829,0.925,0.802,Yes,Yes,Yes,No,No,No,No,Synthetic demonstration only - not real student data,1,1,0,0,0,ai_detection_tool,AI detection fairness stress test
STUD01974,Male,STEM,Medium,High,No,3.42,Yes,0.579,0.986,0.628,0.857,Yes,No,Yes,No,No,No,No,Synthetic demonstration only - not real student data,1,1,0,0,0,ai_detection_tool,AI detection fairness stress test
STUD01975,Female,Arts & Humanities,Medium,Medium,No,2.95,No,0.651,0.471,0.572,0.324,No,No,No,No,No,No,No,Synthetic demonstration only - not real student data,0,0,0,0,0,ai_detection_tool,AI detection fairness stress test
STUD01976,Male,STEM,Medium,Medium,No,4.27,No,0.531,0.186,0.486,0.138,No,No,No,No,No,No,No,Synthetic demonstration only - not real student data,0,0,0,0,0,ai_detection_tool,AI detection fairness stress test
STUD01977,Male,Business,High,Low,Yes,2.18,No,0.289,0.344,0.617,0.264,No,No,No,No,No,No,No,Synthetic demonstration only - not real student data,0,0,0,0,0,ai_detection_tool,AI detection fairness stress test
STUD01978,Female,Business,Low,High,Yes,3.39,Yes,0.555,0.696,0.739,0.699,Yes,Yes,Yes,No,No,No,No,Synthetic demonstration only - not real student data,1,1,0,0,0,ai_detection_tool,AI detection fairness stress test
STUD01979,Female,Education,Medium,Low,Yes,2.11,Yes,0.341,0.639,0.907,0.87,Yes,Yes,No,No,No,No,No,Synthetic demonstration only - not real student data,1,1,0,0,0,ai_detection_tool,AI detection fairness stress test
STUD01980,Male,STEM,Medium,Low,No,2.15,Yes,0.63,0.499,0.71,0.852,Yes,Yes,Yes,No,No,No,No,Synthetic demonstration only - not real student data,1,1,0,0,0,ai_detection_tool,AI detection fairness stress test
STUD01981,Female,STEM,Low,Medium,Yes,2.6,Yes,0.646,0.63,0.537,0.659,Yes,Yes,No,No,No,No,No,Synthetic demonstration only - not real student data,1,1,0,0,0,ai_detection_tool,AI detection fairness stress test
STUD01982,Non-disclosed,Health,Medium,High,No,5,Yes,0.729,0.815,0.776,0.688,Yes,Yes,No,No,No,No,No,Synthetic demonstration only - not real student data,1,1,0,0,0,ai_detection_tool,AI detection fairness stress test
STUD01983,Female,Arts & Humanities,Medium,Low,Yes,2.99,No,0.925,0.38,0.805,0.076,No,No,No,No,No,No,No,Synthetic demonstration only - not real student data,0,0,0,0,0,ai_detection_tool,AI detection fairness stress test
STUD01984,Female,STEM,Medium,Low,No,3.99,No,0.541,0.082,0.56,0.2,No,No,No,No,No,No,No,Synthetic demonstration only - not real student data,0,0,0,0,0,ai_detection_tool,AI detection fairness stress test
STUD01985,Female,Health,Low,Low,Yes,3.29,No,0.525,0.538,0.642,0.522,No,No,No,No,No,No,No,Synthetic demonstration only - not real student data,0,0,0,0,0,ai_detection_tool,AI detection fairness stress test
STUD01986,Female,Education,High,Low,Yes,2.96,No,0.528,0.38,0.606,0.062,No,No,No,No,No,No,No,Synthetic demonstration only - not real student data,0,0,0,0,0,ai_detection_tool,AI detection fairness stress test
STUD01987,Female,STEM,Medium,Low,No,3.25,No,0.752,0.285,0.37,0.395,No,No,No,No,No,No,No,Synthetic demonstration only - not real student data,0,0,0,0,0,ai_detection_tool,AI detection fairness stress test
STUD01988,Male,Social Sciences,High,Medium,No,4.86,No,0.223,0.25,0.491,0.361,No,No,No,No,No,No,No,Synthetic demonstration only - not real student data,0,0,0,0,0,ai_detection_tool,AI detection fairness stress test
STUD01989,Male,Arts & Humanities,Low,High,Yes,4.21,Yes,0.492,0.763,0.622,0.816,Yes,Yes,Yes,No,No,No,No,Synthetic demonstration only - not real student data,1,1,0,0,0,ai_detection_tool,AI detection fairness stress test
STUD01990,Male,Business,Medium,Medium,Yes,4.48,No,0.551,0.412,0.589,0.393,No,No,No,No,No,No,No,Synthetic demonstration only - not real student data,0,0,0,0,0,ai_detection_tool,AI detection fairness stress test
STUD01991,Male,Business,Medium,High,Yes,4.57,No,0.456,0.466,0.645,0.23,No,No,No,No,No,No,No,Synthetic demonstration only - not real student data,0,0,0,0,0,ai_detection_tool,AI detection fairness stress test
STUD01992,Non-disclosed,Arts & Humanities,Medium,Low,Yes,2.24,No,0.608,0.262,0.526,0.207,No,No,No,No,No,No,No,Synthetic demonstration only - not real student data,0,0,0,0,0,ai_detection_tool,AI detection fairness stress test
STUD01993,Female,Social Sciences,High,High,No,3.84,Yes,0.693,0.505,0.751,0.725,Yes,Yes,Yes,No,No,No,No,Synthetic demonstration only - not real student data,1,1,0,0,0,ai_detection_tool,AI detection fairness stress test
STUD01994,Female,Arts & Humanities,Medium,Low,Yes,2.61,No,0.676,0.493,0.636,0.34,No,No,No,No,No,No,No,Synthetic demonstration only - not real student data,0,0,0,0,0,ai_detection_tool,AI detection fairness stress test
STUD01995,Female,STEM,Medium,Medium,Yes,2.68,No,0.444,0.202,0.423,0.204,No,No,No,No,No,No,No,Synthetic demonstration only - not real student data,0,0,0,0,0,ai_detection_tool,AI detection fairness stress test
STUD01996,Female,Business,High,Low,Yes,2.96,No,0.352,0.52,0.628,0.496,No,No,No,No,No,No,No,Synthetic demonstration only - not real student data,0,0,0,0,0,ai_detection_tool,AI detection fairness stress test
STUD01997,Male,Social Sciences,Medium,High,Yes,4.92,Yes,0.713,0.566,0.753,0.72,Yes,Yes,Yes,No,No,No,No,Synthetic demonstration only - not real student data,1,1,0,0,0,ai_detection_tool,AI detection fairness stress test
STUD01998,Female,Business,Medium,Medium,Yes,4.18,Yes,0.538,0.578,0.754,0.559,Yes,Yes,Yes,No,No,No,No,Synthetic demonstration only - not real student data,1,1,0,0,0,ai_detection_tool,AI detection fairness stress test
STUD01999,Male,STEM,Low,Low,No,3.24,No,0.591,0.434,0.642,0.37,No,No,No,No,No,No,No,Synthetic demonstration only - not real student data,0,0,0,0,0,ai_detection_tool,AI detection fairness stress test
STUD02000,Male,Business,Low,Medium,Yes,3.64,No,0.645,0.61,0.818,0.216,No,No,No,No,No,No,No,Synthetic demonstration only - not real student data,0,0,0,0,0,ai_detection_tool,AI detection fairness stress test
